evaluation_id,signal_id,date,symbol,instrument_type,strategy,action,score,opportunity_decision,opportunity_grade,market_regime,horizon_sessions,entry_price,end_date,close_return_pct,max_gain_pct,max_drawdown_pct,hit_target,hit_stop,outcome,updated_at
e9fbe91330465231:5,e9fbe91330465231,2026-05-02,AAPL,stock,trend_pullback,WATCH,88.3,,,unknown,5,280.1400,2026-05-08,4.61,5.12,-1.98,false,false,positive,2026-05-12
402aa7fd241c0434:5,402aa7fd241c0434,2026-05-02,AAPL,stock,controlled_breakout,WATCH,90.3,,,unknown,5,280.1400,2026-05-08,4.61,5.12,-1.98,false,false,positive,2026-05-12
e9fbe91330465231:10,e9fbe91330465231,2026-05-02,AAPL,stock,trend_pullback,WATCH,88.3,,,unknown,10,280.1400,2026-05-15,7.17,8.23,-1.98,false,false,positive,2026-05-18
402aa7fd241c0434:10,402aa7fd241c0434,2026-05-02,AAPL,stock,controlled_breakout,WATCH,90.3,,,unknown,10,280.1400,2026-05-15,7.17,8.23,-1.98,true,false,target_hit,2026-05-18
e9fbe91330465231:20,e9fbe91330465231,2026-05-02,AAPL,stock,trend_pullback,WATCH,88.3,,,unknown,20,280.1400,2026-06-01,9.34,12.44,-1.98,true,false,target_hit,2026-06-02
402aa7fd241c0434:20,402aa7fd241c0434,2026-05-02,AAPL,stock,controlled_breakout,WATCH,90.3,,,unknown,20,280.1400,2026-06-01,9.34,12.44,-1.98,true,false,target_hit,2026-06-02
dfcc320194946123:5,dfcc320194946123,2026-05-02,ASML.AS,stock,trend_pullback,WATCH,91.6,,,unknown,5,1222.4000,2026-05-08,7.94,9.02,-3.47,false,false,positive,2026-05-08
dfcc320194946123:10,dfcc320194946123,2026-05-02,ASML.AS,stock,trend_pullback,WATCH,91.6,,,unknown,10,1222.4000,2026-05-15,6.89,12.21,-3.47,true,false,target_hit,2026-05-15
dfcc320194946123:20,dfcc320194946123,2026-05-02,ASML.AS,stock,trend_pullback,WATCH,91.6,,,unknown,20,1222.4000,2026-05-29,13.29,17.56,-3.47,true,false,target_hit,2026-05-29
69c80b98b15e00f6:5,69c80b98b15e00f6,2026-05-02,CAT,stock,near_breakout_setup,WATCH,56.3,,,unknown,5,889.6700,2026-05-08,0.87,4.68,-2.26,false,false,positive,2026-05-11
69c80b98b15e00f6:10,69c80b98b15e00f6,2026-05-02,CAT,stock,near_breakout_setup,WATCH,56.3,,,unknown,10,889.6700,2026-05-15,-0.15,4.68,-2.26,false,false,negative,2026-05-18
69c80b98b15e00f6:20,69c80b98b15e00f6,2026-05-02,CAT,stock,near_breakout_setup,WATCH,56.3,,,unknown,20,889.6700,2026-06-01,-2.73,4.68,-4.96,false,false,negative,2026-06-02
e4068e57fa49a991:5,e4068e57fa49a991,2026-05-02,COST,stock,trend_pullback_setup,WATCH,70.0,,,unknown,5,1011.7000,2026-05-08,-0.29,1.29,-2.08,false,false,negative,2026-05-11
e4068e57fa49a991:10,e4068e57fa49a991,2026-05-02,COST,stock,trend_pullback_setup,WATCH,70.0,,,unknown,10,1011.7000,2026-05-15,3.68,4.53,-2.62,false,false,positive,2026-05-18
e4068e57fa49a991:20,e4068e57fa49a991,2026-05-02,COST,stock,trend_pullback_setup,WATCH,70.0,,,unknown,20,1011.7000,2026-06-01,-6.48,8.38,-7.43,false,false,negative,2026-06-02
8f93b2971ceee1ff:5,8f93b2971ceee1ff,2026-05-02,CPR.MI,stock,trend_pullback_setup,WATCH,70.0,,,unknown,5,6.3000,2026-05-08,-10.79,4.22,-12.86,false,false,negative,2026-05-08
8f93b2971ceee1ff:10,8f93b2971ceee1ff,2026-05-02,CPR.MI,stock,trend_pullback_setup,WATCH,70.0,,,unknown,10,6.3000,2026-05-15,-14.25,4.22,-15.75,false,false,negative,2026-05-15
8f93b2971ceee1ff:20,8f93b2971ceee1ff,2026-05-02,CPR.MI,stock,trend_pullback_setup,WATCH,70.0,,,unknown,20,6.3000,2026-05-29,-11.08,4.22,-16.29,false,false,negative,2026-05-29
c3ae900b5acdf49f:5,c3ae900b5acdf49f,2026-05-02,CSSPX.MI,etf,near_breakout_setup,WATCH,68.2,,,unknown,5,656.9900,2026-05-08,2.71,2.77,0.58,false,false,positive,2026-05-08
c3ae900b5acdf49f:10,c3ae900b5acdf49f,2026-05-02,CSSPX.MI,etf,near_breakout_setup,WATCH,68.2,,,unknown,10,656.9900,2026-05-15,4.63,5.25,0.58,false,false,positive,2026-05-15
c3ae900b5acdf49f:20,c3ae900b5acdf49f,2026-05-02,CSSPX.MI,etf,near_breakout_setup,WATCH,68.2,,,unknown,20,656.9900,2026-05-29,6.35,6.76,0.58,false,false,positive,2026-05-29
7843a2d026b668f0:5,7843a2d026b668f0,2026-05-02,EIMI.MI,etf,near_breakout_setup,WATCH,66.0,,,unknown,5,44.2950,2026-05-08,6.22,6.65,0.85,false,false,positive,2026-05-08
7843a2d026b668f0:10,7843a2d026b668f0,2026-05-02,EIMI.MI,etf,near_breakout_setup,WATCH,66.0,,,unknown,10,44.2950,2026-05-15,3.58,6.65,0.85,false,false,positive,2026-05-15
7843a2d026b668f0:20,7843a2d026b668f0,2026-05-02,EIMI.MI,etf,near_breakout_setup,WATCH,66.0,,,unknown,20,44.2950,2026-05-29,8.32,9.40,0.85,false,false,positive,2026-05-29
bf028ba05bf000b8:5,bf028ba05bf000b8,2026-05-02,ENEL.MI,stock,trend_pullback,WATCH,97.1,GO,A,unknown,5,9.9240,2026-05-08,-3.01,0.01,-3.41,false,true,stop_hit,2026-05-08
bf028ba05bf000b8:10,bf028ba05bf000b8,2026-05-02,ENEL.MI,stock,trend_pullback,WATCH,97.1,GO,A,unknown,10,9.9240,2026-05-15,-4.43,0.01,-4.66,false,true,stop_hit,2026-05-15
bf028ba05bf000b8:20,bf028ba05bf000b8,2026-05-02,ENEL.MI,stock,trend_pullback,WATCH,97.1,GO,A,unknown,20,9.9240,2026-05-29,-3.01,0.01,-6.11,false,true,stop_hit,2026-05-29
2d616829d677d127:5,2d616829d677d127,2026-05-02,ENI.MI,stock,trend_pullback,WATCH,93.6,GO,A,unknown,5,24.0000,2026-05-08,-6.21,0.25,-8.48,false,true,stop_hit,2026-05-18
2d616829d677d127:10,2d616829d677d127,2026-05-02,ENI.MI,stock,trend_pullback,WATCH,93.6,GO,A,unknown,10,24.0000,2026-05-15,-3.12,0.25,-8.48,false,true,stop_hit,2026-05-18
2d616829d677d127:20,2d616829d677d127,2026-05-02,ENI.MI,stock,trend_pullback,WATCH,93.6,GO,A,unknown,20,24.0000,2026-05-29,-6.12,0.87,-8.48,false,true,stop_hit,2026-05-29
3861d74c392005e0:5,3861d74c392005e0,2026-05-02,EQQQ.MI,etf,near_breakout_setup,WATCH,66.0,,,unknown,5,568.5700,2026-05-08,6.17,6.17,1.30,false,false,positive,2026-05-08
3861d74c392005e0:10,3861d74c392005e0,2026-05-02,EQQQ.MI,etf,near_breakout_setup,WATCH,66.0,,,unknown,10,568.5700,2026-05-15,8.19,9.29,1.30,false,false,positive,2026-05-15
3861d74c392005e0:20,3861d74c392005e0,2026-05-02,EQQQ.MI,etf,near_breakout_setup,WATCH,66.0,,,unknown,20,568.5700,2026-05-29,11.74,12.51,1.30,false,false,positive,2026-05-29
0f1510e25815542f:5,0f1510e25815542f,2026-05-02,G.MI,stock,trend_pullback,WATCH,78.9,GO,B,unknown,5,38.1000,2026-05-08,-2.16,-1.08,-6.21,false,true,stop_hit,2026-05-18
0f1510e25815542f:10,0f1510e25815542f,2026-05-02,G.MI,stock,trend_pullback,WATCH,78.9,GO,B,unknown,10,38.1000,2026-05-15,-2.91,-0.70,-6.21,false,true,stop_hit,2026-05-18
0f1510e25815542f:20,0f1510e25815542f,2026-05-02,G.MI,stock,trend_pullback,WATCH,78.9,GO,B,unknown,20,38.1000,2026-05-29,1.60,3.15,-6.21,false,true,stop_hit,2026-05-29
69370a8785cff471:5,69370a8785cff471,2026-05-02,GOOGL,stock,near_breakout_setup,WATCH,57.2,,,unknown,5,385.6900,2026-05-08,3.92,4.23,-1.53,false,false,positive,2026-05-11
69370a8785cff471:10,69370a8785cff471,2026-05-02,GOOGL,stock,near_breakout_setup,WATCH,57.2,,,unknown,10,385.6900,2026-05-15,2.88,4.67,-1.53,false,false,positive,2026-05-18
69370a8785cff471:20,69370a8785cff471,2026-05-02,GOOGL,stock,near_breakout_setup,WATCH,57.2,,,unknown,20,385.6900,2026-06-01,-2.42,5.94,-3.16,false,false,negative,2026-06-02
6045d17841e3824b:5,6045d17841e3824b,2026-05-02,ISP.MI,stock,trend_pullback,WATCH,94.4,GO,A,unknown,5,5.7750,2026-05-08,-2.68,0.69,-6.03,false,true,stop_hit,2026-05-18
6045d17841e3824b:10,6045d17841e3824b,2026-05-02,ISP.MI,stock,trend_pullback,WATCH,94.4,GO,A,unknown,10,5.7750,2026-05-15,-3.98,0.69,-6.03,false,true,stop_hit,2026-05-18
6045d17841e3824b:20,6045d17841e3824b,2026-05-02,ISP.MI,stock,trend_pullback,WATCH,94.4,GO,A,unknown,20,5.7750,2026-05-29,0.55,1.09,-6.03,false,true,stop_hit,2026-05-29
88f19e7514af7345:5,88f19e7514af7345,2026-05-02,LLY,stock,trend_pullback,WATCH,70.9,,,unknown,5,963.3300,2026-05-08,-1.71,3.26,-1.81,false,false,negative,2026-05-18
88f19e7514af7345:10,88f19e7514af7345,2026-05-02,LLY,stock,trend_pullback,WATCH,70.9,,,unknown,10,963.3300,2026-05-15,4.32,5.99,-2.25,false,false,positive,2026-05-18
88f19e7514af7345:20,88f19e7514af7345,2026-05-02,LLY,stock,trend_pullback,WATCH,70.9,,,unknown,20,963.3300,2026-06-01,12.34,19.28,-2.25,false,false,positive,2026-06-02
c7f5e29a58990c89:5,c7f5e29a58990c89,2026-05-02,NESN.SW,stock,trend_pullback_setup,WATCH,70.0,,,unknown,5,79.0500,2026-05-08,-2.00,1.01,-2.91,false,false,negative,2026-05-08
c7f5e29a58990c89:10,c7f5e29a58990c89,2026-05-02,NESN.SW,stock,trend_pullback_setup,WATCH,70.0,,,unknown,10,79.0500,2026-05-18,-1.02,1.01,-4.66,false,false,negative,2026-05-18
c7f5e29a58990c89:20,c7f5e29a58990c89,2026-05-02,NESN.SW,stock,trend_pullback_setup,WATCH,70.0,,,unknown,20,79.0500,2026-06-02,-1.63,2.56,-4.66,false,false,negative,2026-06-02
76de530b5286bb9c:5,76de530b5286bb9c,2026-05-02,NOVN.SW,stock,trend_pullback_setup,WATCH,70.0,,,unknown,5,115.9000,2026-05-08,-2.19,0.33,-2.64,false,false,negative,2026-05-08
76de530b5286bb9c:10,76de530b5286bb9c,2026-05-02,NOVN.SW,stock,trend_pullback_setup,WATCH,70.0,,,unknown,10,115.9000,2026-05-18,1.12,2.11,-2.88,false,false,positive,2026-05-18
76de530b5286bb9c:20,76de530b5286bb9c,2026-05-02,NOVN.SW,stock,trend_pullback_setup,WATCH,70.0,,,unknown,20,115.9000,2026-06-02,-2.50,3.76,-3.18,false,false,negative,2026-06-02
747b3b29873112e7:5,747b3b29873112e7,2026-05-02,NVDA,stock,trend_pullback_setup,WATCH,70.0,,,unknown,5,198.4500,2026-05-08,8.44,9.75,-1.87,false,false,positive,2026-05-11
747b3b29873112e7:10,747b3b29873112e7,2026-05-02,NVDA,stock,trend_pullback_setup,WATCH,70.0,,,unknown,10,198.4500,2026-05-15,13.54,19.19,-1.87,false,false,positive,2026-05-18
747b3b29873112e7:20,747b3b29873112e7,2026-05-02,NVDA,stock,trend_pullback_setup,WATCH,70.0,,,unknown,20,198.4500,2026-06-01,13.06,19.19,-1.87,false,false,positive,2026-06-02
75c478951322233d:5,75c478951322233d,2026-05-02,PRY.MI,stock,near_breakout_setup,WATCH,78.0,,,unknown,5,127.9500,2026-05-08,18.84,20.13,-1.80,false,false,positive,2026-05-08
75c478951322233d:10,75c478951322233d,2026-05-02,PRY.MI,stock,near_breakout_setup,WATCH,78.0,,,unknown,10,127.9500,2026-05-15,19.70,22.90,-1.80,false,false,positive,2026-05-15
75c478951322233d:20,75c478951322233d,2026-05-02,PRY.MI,stock,near_breakout_setup,WATCH,78.0,,,unknown,20,127.9500,2026-05-29,15.67,22.90,-1.80,false,false,positive,2026-05-29
e98d0d04fd1ba5cf:5,e98d0d04fd1ba5cf,2026-05-02,PST.MI,stock,trend_pullback,WATCH,91.4,GO,A,unknown,5,22.5900,2026-05-08,5.14,6.06,-2.52,true,false,target_hit,2026-05-08
911bb000660d2cbf:5,911bb000660d2cbf,2026-05-02,PST.MI,stock,controlled_breakout,WATCH,99.4,GO,A,unknown,5,22.5900,2026-05-08,5.14,6.06,-2.52,true,true,stop_before_target,2026-05-08
e98d0d04fd1ba5cf:10,e98d0d04fd1ba5cf,2026-05-02,PST.MI,stock,trend_pullback,WATCH,91.4,GO,A,unknown,10,22.5900,2026-05-15,7.26,8.72,-2.52,true,false,target_hit,2026-05-15
911bb000660d2cbf:10,911bb000660d2cbf,2026-05-02,PST.MI,stock,controlled_breakout,WATCH,99.4,GO,A,unknown,10,22.5900,2026-05-15,7.26,8.72,-2.52,true,true,stop_before_target,2026-05-15
e98d0d04fd1ba5cf:20,e98d0d04fd1ba5cf,2026-05-02,PST.MI,stock,trend_pullback,WATCH,91.4,GO,A,unknown,20,22.5900,2026-05-29,12.26,13.15,-2.52,true,false,target_hit,2026-05-29
911bb000660d2cbf:20,911bb000660d2cbf,2026-05-02,PST.MI,stock,controlled_breakout,WATCH,99.4,GO,A,unknown,20,22.5900,2026-05-29,12.26,13.15,-2.52,true,true,stop_before_target,2026-05-29
f0ec0375af1dfabe:5,f0ec0375af1dfabe,2026-05-02,ROG.SW,stock,trend_pullback,WATCH,80.4,,,unknown,5,318.4000,2026-05-08,-0.97,2.32,-1.44,false,false,negative,2026-05-11
f0ec0375af1dfabe:10,f0ec0375af1dfabe,2026-05-02,ROG.SW,stock,trend_pullback,WATCH,80.4,,,unknown,10,318.4000,2026-05-18,1.04,2.89,-1.70,false,false,positive,2026-05-19
2252d28d065571f0:5,2252d28d065571f0,2026-05-02,SU.PA,stock,trend_pullback_setup,WATCH,70.0,,,unknown,5,268.6000,2026-05-08,-0.07,5.53,-4.49,false,false,negative,2026-05-11
2252d28d065571f0:10,2252d28d065571f0,2026-05-02,SU.PA,stock,trend_pullback_setup,WATCH,70.0,,,unknown,10,268.6000,2026-05-15,-1.81,5.53,-4.49,false,false,negative,2026-05-15
2252d28d065571f0:20,2252d28d065571f0,2026-05-02,SU.PA,stock,trend_pullback_setup,WATCH,70.0,,,unknown,20,268.6000,2026-05-29,0.50,5.53,-5.79,false,false,positive,2026-05-29
a3ee8796005cfcb8:5,a3ee8796005cfcb8,2026-05-02,SWDA.MI,etf,near_breakout_setup,WATCH,70.4,,,unknown,5,117.0700,2026-05-08,2.08,2.65,0.11,false,false,positive,2026-05-08
a3ee8796005cfcb8:10,a3ee8796005cfcb8,2026-05-02,SWDA.MI,etf,near_breakout_setup,WATCH,70.4,,,unknown,10,117.0700,2026-05-15,3.38,4.26,0.11,false,false,positive,2026-05-15
a3ee8796005cfcb8:20,a3ee8796005cfcb8,2026-05-02,SWDA.MI,etf,near_breakout_setup,WATCH,70.4,,,unknown,20,117.0700,2026-05-29,5.43,5.75,0.11,false,false,positive,2026-05-29
1fd3826ecfad3443:5,1fd3826ecfad3443,2026-05-02,TRN.MI,stock,trend_pullback,WATCH,100.0,GO,A,unknown,5,10.2500,2026-05-08,-2.29,0.44,-3.80,false,true,stop_hit,2026-05-08
1fd3826ecfad3443:10,1fd3826ecfad3443,2026-05-02,TRN.MI,stock,trend_pullback,WATCH,100.0,GO,A,unknown,10,10.2500,2026-05-15,-5.70,0.44,-5.70,false,true,stop_hit,2026-05-15
1fd3826ecfad3443:20,1fd3826ecfad3443,2026-05-02,TRN.MI,stock,trend_pullback,WATCH,100.0,GO,A,unknown,20,10.2500,2026-05-29,-3.88,0.44,-6.36,false,true,stop_hit,2026-05-29
87c077adb0490aae:5,87c077adb0490aae,2026-05-02,TTE.PA,stock,trend_pullback,WATCH,89.6,,,unknown,5,79.2900,2026-05-08,-4.40,0.26,-6.21,false,false,negative,2026-05-08
87c077adb0490aae:10,87c077adb0490aae,2026-05-02,TTE.PA,stock,trend_pullback,WATCH,89.6,,,unknown,10,79.2900,2026-05-15,-0.77,0.26,-6.21,false,false,negative,2026-05-15
87c077adb0490aae:20,87c077adb0490aae,2026-05-02,TTE.PA,stock,trend_pullback,WATCH,89.6,,,unknown,20,79.2900,2026-05-29,-5.18,2.47,-6.21,false,false,negative,2026-05-29
2355819646f181a1:5,2355819646f181a1,2026-05-02,UCG.MI,stock,trend_pullback_setup,WATCH,70.0,,,unknown,5,65.6200,2026-05-08,7.44,10.32,-2.80,false,false,positive,2026-05-08
2355819646f181a1:10,2355819646f181a1,2026-05-02,UCG.MI,stock,trend_pullback_setup,WATCH,70.0,,,unknown,10,65.6200,2026-05-15,8.59,10.44,-2.80,false,false,positive,2026-05-15
2355819646f181a1:20,2355819646f181a1,2026-05-02,UCG.MI,stock,trend_pullback_setup,WATCH,70.0,,,unknown,20,65.6200,2026-05-29,13.14,13.79,-2.80,false,false,positive,2026-05-29
b2ef9f3530781ccc:5,b2ef9f3530781ccc,2026-05-02,WMT,stock,trend_pullback_setup,WATCH,70.0,,,unknown,5,131.6000,2026-05-08,-0.89,-0.08,-2.41,false,false,negative,2026-05-11
5281f7e9ae6f3721:5,5281f7e9ae6f3721,2026-05-02,WMT,stock,near_breakout_setup,WATCH,66.3,,,unknown,5,131.6000,2026-05-08,-0.89,-0.08,-2.41,false,false,negative,2026-05-11
b2ef9f3530781ccc:10,b2ef9f3530781ccc,2026-05-02,WMT,stock,trend_pullback_setup,WATCH,70.0,,,unknown,10,131.6000,2026-05-15,-0.11,1.79,-3.97,false,false,negative,2026-05-18
5281f7e9ae6f3721:10,5281f7e9ae6f3721,2026-05-02,WMT,stock,near_breakout_setup,WATCH,66.3,,,unknown,10,131.6000,2026-05-15,-0.11,1.79,-3.97,false,false,negative,2026-05-18
b2ef9f3530781ccc:20,b2ef9f3530781ccc,2026-05-02,WMT,stock,trend_pullback_setup,WATCH,70.0,,,unknown,20,131.6000,2026-06-01,-12.92,2.71,-13.71,false,false,negative,2026-06-02
5281f7e9ae6f3721:20,5281f7e9ae6f3721,2026-05-02,WMT,stock,near_breakout_setup,WATCH,66.3,,,unknown,20,131.6000,2026-06-01,-12.92,2.71,-13.71,false,false,negative,2026-06-02
ca9301efde4674fb:5,ca9301efde4674fb,2026-05-02,XOM,stock,trend_pullback_setup,WATCH,70.0,,,unknown,5,152.7500,2026-05-08,-5.99,0.98,-6.42,false,false,negative,2026-05-18
ca9301efde4674fb:10,ca9301efde4674fb,2026-05-02,XOM,stock,trend_pullback_setup,WATCH,70.0,,,unknown,10,152.7500,2026-05-15,3.38,3.44,-6.42,false,false,positive,2026-05-18
ca9301efde4674fb:20,ca9301efde4674fb,2026-05-02,XOM,stock,trend_pullback_setup,WATCH,70.0,,,unknown,20,152.7500,2026-06-01,-2.21,7.16,-6.42,false,false,negative,2026-06-02
f4f63d75d0eedb42:5,f4f63d75d0eedb42,2026-05-03,AAPL,stock,trend_pullback,WATCH,66.3,NO_GO,C,risk_on,5,280.1400,2026-05-08,4.61,5.12,-1.98,false,false,positive,2026-05-12
86893244309e975d:5,86893244309e975d,2026-05-03,AAPL,stock,controlled_breakout,WATCH,88.3,NO_GO,A,risk_on,5,280.1400,2026-05-08,4.61,5.12,-1.98,false,false,positive,2026-05-12
f4f63d75d0eedb42:10,f4f63d75d0eedb42,2026-05-03,AAPL,stock,trend_pullback,WATCH,66.3,NO_GO,C,risk_on,10,280.1400,2026-05-15,7.17,8.23,-1.98,false,false,positive,2026-05-18
86893244309e975d:10,86893244309e975d,2026-05-03,AAPL,stock,controlled_breakout,WATCH,88.3,NO_GO,A,risk_on,10,280.1400,2026-05-15,7.17,8.23,-1.98,true,false,target_hit,2026-05-18
f4f63d75d0eedb42:20,f4f63d75d0eedb42,2026-05-03,AAPL,stock,trend_pullback,WATCH,66.3,NO_GO,C,risk_on,20,280.1400,2026-06-01,9.34,12.44,-1.98,true,false,target_hit,2026-06-02
86893244309e975d:20,86893244309e975d,2026-05-03,AAPL,stock,controlled_breakout,WATCH,88.3,NO_GO,A,risk_on,20,280.1400,2026-06-01,9.34,12.44,-1.98,true,false,target_hit,2026-06-02
c50cd3ddf299138f:5,c50cd3ddf299138f,2026-05-03,ASML.AS,stock,trend_pullback,WATCH,93.6,NO_GO,A,risk_on,5,1222.4000,2026-05-08,7.94,9.02,-3.47,false,false,positive,2026-05-08
c50cd3ddf299138f:10,c50cd3ddf299138f,2026-05-03,ASML.AS,stock,trend_pullback,WATCH,93.6,NO_GO,A,risk_on,10,1222.4000,2026-05-15,6.89,12.21,-3.47,true,false,target_hit,2026-05-15
c50cd3ddf299138f:20,c50cd3ddf299138f,2026-05-03,ASML.AS,stock,trend_pullback,WATCH,93.6,NO_GO,A,risk_on,20,1222.4000,2026-05-29,13.29,17.56,-3.47,true,false,target_hit,2026-05-29
150fe8694791b9d8:5,150fe8694791b9d8,2026-05-03,CAT,stock,near_breakout_setup,WATCH,56.3,,,risk_on,5,889.6700,2026-05-08,0.87,4.68,-2.26,false,false,positive,2026-05-11
150fe8694791b9d8:10,150fe8694791b9d8,2026-05-03,CAT,stock,near_breakout_setup,WATCH,56.3,,,risk_on,10,889.6700,2026-05-15,-0.15,4.68,-2.26,false,false,negative,2026-05-18
150fe8694791b9d8:20,150fe8694791b9d8,2026-05-03,CAT,stock,near_breakout_setup,WATCH,56.3,,,risk_on,20,889.6700,2026-06-01,-2.73,4.68,-4.96,false,false,negative,2026-06-02
acc481727d151d18:5,acc481727d151d18,2026-05-03,COST,stock,trend_pullback_setup,WATCH,70.0,,,risk_on,5,1011.7000,2026-05-08,-0.29,1.29,-2.08,false,false,negative,2026-05-11
acc481727d151d18:10,acc481727d151d18,2026-05-03,COST,stock,trend_pullback_setup,WATCH,70.0,,,risk_on,10,1011.7000,2026-05-15,3.68,4.53,-2.62,false,false,positive,2026-05-18
acc481727d151d18:20,acc481727d151d18,2026-05-03,COST,stock,trend_pullback_setup,WATCH,70.0,,,risk_on,20,1011.7000,2026-06-01,-6.48,8.38,-7.43,false,false,negative,2026-06-02
3f579a91146eeb5d:5,3f579a91146eeb5d,2026-05-03,CPR.MI,stock,trend_pullback_setup,WATCH,70.0,,,risk_on,5,6.3000,2026-05-08,-10.79,4.22,-12.86,false,false,negative,2026-05-08
3f579a91146eeb5d:10,3f579a91146eeb5d,2026-05-03,CPR.MI,stock,trend_pullback_setup,WATCH,70.0,,,risk_on,10,6.3000,2026-05-15,-14.25,4.22,-15.75,false,false,negative,2026-05-15
3f579a91146eeb5d:20,3f579a91146eeb5d,2026-05-03,CPR.MI,stock,trend_pullback_setup,WATCH,70.0,,,risk_on,20,6.3000,2026-05-29,-11.08,4.22,-16.29,false,false,negative,2026-05-29
f44e749ab7297544:5,f44e749ab7297544,2026-05-03,CSSPX.MI,etf,near_breakout_setup,WATCH,68.2,,,risk_on,5,656.9900,2026-05-08,2.71,2.77,0.58,false,false,positive,2026-05-08
f44e749ab7297544:10,f44e749ab7297544,2026-05-03,CSSPX.MI,etf,near_breakout_setup,WATCH,68.2,,,risk_on,10,656.9900,2026-05-15,4.63,5.25,0.58,false,false,positive,2026-05-15
f44e749ab7297544:20,f44e749ab7297544,2026-05-03,CSSPX.MI,etf,near_breakout_setup,WATCH,68.2,,,risk_on,20,656.9900,2026-05-29,6.35,6.76,0.58,false,false,positive,2026-05-29
9f6abc6b9dc1f0ee:5,9f6abc6b9dc1f0ee,2026-05-03,EIMI.MI,etf,near_breakout_setup,WATCH,66.0,,,risk_on,5,44.2950,2026-05-08,6.22,6.65,0.85,false,false,positive,2026-05-08
9f6abc6b9dc1f0ee:10,9f6abc6b9dc1f0ee,2026-05-03,EIMI.MI,etf,near_breakout_setup,WATCH,66.0,,,risk_on,10,44.2950,2026-05-15,3.58,6.65,0.85,false,false,positive,2026-05-15
9f6abc6b9dc1f0ee:20,9f6abc6b9dc1f0ee,2026-05-03,EIMI.MI,etf,near_breakout_setup,WATCH,66.0,,,risk_on,20,44.2950,2026-05-29,8.32,9.40,0.85,false,false,positive,2026-05-29
ff630e639f56ffe3:5,ff630e639f56ffe3,2026-05-03,ENEL.MI,stock,trend_pullback,WATCH,90.1,NO_GO,A,risk_on,5,9.9240,2026-05-08,-3.01,0.01,-3.41,false,true,stop_hit,2026-05-08
ff630e639f56ffe3:10,ff630e639f56ffe3,2026-05-03,ENEL.MI,stock,trend_pullback,WATCH,90.1,NO_GO,A,risk_on,10,9.9240,2026-05-15,-4.43,0.01,-4.66,false,true,stop_hit,2026-05-15
ff630e639f56ffe3:20,ff630e639f56ffe3,2026-05-03,ENEL.MI,stock,trend_pullback,WATCH,90.1,NO_GO,A,risk_on,20,9.9240,2026-05-29,-3.01,0.01,-6.11,false,true,stop_hit,2026-05-29
c0a5c68f6c17b8af:5,c0a5c68f6c17b8af,2026-05-03,ENI.MI,stock,trend_pullback,WATCH,89.6,NO_GO,A,risk_on,5,24.0000,2026-05-08,-6.21,0.25,-8.48,false,true,stop_hit,2026-05-18
c0a5c68f6c17b8af:10,c0a5c68f6c17b8af,2026-05-03,ENI.MI,stock,trend_pullback,WATCH,89.6,NO_GO,A,risk_on,10,24.0000,2026-05-15,-3.12,0.25,-8.48,false,true,stop_hit,2026-05-18
c0a5c68f6c17b8af:20,c0a5c68f6c17b8af,2026-05-03,ENI.MI,stock,trend_pullback,WATCH,89.6,NO_GO,A,risk_on,20,24.0000,2026-05-29,-6.12,0.87,-8.48,false,true,stop_hit,2026-05-29
9bd2ad52a3d50974:5,9bd2ad52a3d50974,2026-05-03,EQQQ.MI,etf,near_breakout_setup,WATCH,66.0,,,risk_on,5,568.5700,2026-05-08,6.17,6.17,1.30,false,false,positive,2026-05-08
9bd2ad52a3d50974:10,9bd2ad52a3d50974,2026-05-03,EQQQ.MI,etf,near_breakout_setup,WATCH,66.0,,,risk_on,10,568.5700,2026-05-15,8.19,9.29,1.30,false,false,positive,2026-05-15
9bd2ad52a3d50974:20,9bd2ad52a3d50974,2026-05-03,EQQQ.MI,etf,near_breakout_setup,WATCH,66.0,,,risk_on,20,568.5700,2026-05-29,11.74,12.51,1.30,false,false,positive,2026-05-29
aa1343fdcc1ccd6d:5,aa1343fdcc1ccd6d,2026-05-03,G.MI,stock,trend_pullback,WATCH,68.9,NO_GO,C,risk_on,5,38.1000,2026-05-08,-2.16,-1.08,-6.21,false,true,stop_hit,2026-05-18
aa1343fdcc1ccd6d:10,aa1343fdcc1ccd6d,2026-05-03,G.MI,stock,trend_pullback,WATCH,68.9,NO_GO,C,risk_on,10,38.1000,2026-05-15,-2.91,-0.70,-6.21,false,true,stop_hit,2026-05-18
aa1343fdcc1ccd6d:20,aa1343fdcc1ccd6d,2026-05-03,G.MI,stock,trend_pullback,WATCH,68.9,NO_GO,C,risk_on,20,38.1000,2026-05-29,1.60,3.15,-6.21,false,true,stop_hit,2026-05-29
95b3d3dc6a015f71:5,95b3d3dc6a015f71,2026-05-03,GOOGL,stock,near_breakout_setup,WATCH,57.2,,,risk_on,5,385.6900,2026-05-08,3.92,4.23,-1.53,false,false,positive,2026-05-11
95b3d3dc6a015f71:10,95b3d3dc6a015f71,2026-05-03,GOOGL,stock,near_breakout_setup,WATCH,57.2,,,risk_on,10,385.6900,2026-05-15,2.88,4.67,-1.53,false,false,positive,2026-05-18
95b3d3dc6a015f71:20,95b3d3dc6a015f71,2026-05-03,GOOGL,stock,near_breakout_setup,WATCH,57.2,,,risk_on,20,385.6900,2026-06-01,-2.42,5.94,-3.16,false,false,negative,2026-06-02
5eebf40fbfb173f6:5,5eebf40fbfb173f6,2026-05-03,ISP.MI,stock,trend_pullback,WATCH,84.4,NO_GO,A,risk_on,5,5.7750,2026-05-08,-2.68,0.69,-6.03,false,true,stop_hit,2026-05-18
5eebf40fbfb173f6:10,5eebf40fbfb173f6,2026-05-03,ISP.MI,stock,trend_pullback,WATCH,84.4,NO_GO,A,risk_on,10,5.7750,2026-05-15,-3.98,0.69,-6.03,false,true,stop_hit,2026-05-18
5eebf40fbfb173f6:20,5eebf40fbfb173f6,2026-05-03,ISP.MI,stock,trend_pullback,WATCH,84.4,NO_GO,A,risk_on,20,5.7750,2026-05-29,0.55,1.09,-6.03,false,true,stop_hit,2026-05-29
d81825d9bffb4452:5,d81825d9bffb4452,2026-05-03,LLY,stock,trend_pullback,WATCH,37.9,NO_GO,D,risk_on,5,963.3300,2026-05-08,-1.71,3.26,-1.81,false,false,negative,2026-05-18
d81825d9bffb4452:10,d81825d9bffb4452,2026-05-03,LLY,stock,trend_pullback,WATCH,37.9,NO_GO,D,risk_on,10,963.3300,2026-05-15,4.32,5.99,-2.25,false,false,positive,2026-05-18
d81825d9bffb4452:20,d81825d9bffb4452,2026-05-03,LLY,stock,trend_pullback,WATCH,37.9,NO_GO,D,risk_on,20,963.3300,2026-06-01,12.34,19.28,-2.25,false,false,positive,2026-06-02
a98a7a1eda26ee43:5,a98a7a1eda26ee43,2026-05-03,NESN.SW,stock,trend_pullback_setup,WATCH,70.0,,,risk_on,5,79.0500,2026-05-08,-2.00,1.01,-2.91,false,false,negative,2026-05-08
a98a7a1eda26ee43:10,a98a7a1eda26ee43,2026-05-03,NESN.SW,stock,trend_pullback_setup,WATCH,70.0,,,risk_on,10,79.0500,2026-05-18,-1.02,1.01,-4.66,false,false,negative,2026-05-18
a98a7a1eda26ee43:20,a98a7a1eda26ee43,2026-05-03,NESN.SW,stock,trend_pullback_setup,WATCH,70.0,,,risk_on,20,79.0500,2026-06-02,-1.63,2.56,-4.66,false,false,negative,2026-06-02
138c22bc87738b5e:5,138c22bc87738b5e,2026-05-03,NOVN.SW,stock,trend_pullback_setup,WATCH,70.0,,,risk_on,5,115.9000,2026-05-08,-2.19,0.33,-2.64,false,false,negative,2026-05-08
138c22bc87738b5e:10,138c22bc87738b5e,2026-05-03,NOVN.SW,stock,trend_pullback_setup,WATCH,70.0,,,risk_on,10,115.9000,2026-05-18,1.12,2.11,-2.88,false,false,positive,2026-05-18
138c22bc87738b5e:20,138c22bc87738b5e,2026-05-03,NOVN.SW,stock,trend_pullback_setup,WATCH,70.0,,,risk_on,20,115.9000,2026-06-02,-2.50,3.76,-3.18,false,false,negative,2026-06-02
5a8a13b44df42139:5,5a8a13b44df42139,2026-05-03,NVDA,stock,trend_pullback_setup,WATCH,70.0,,,risk_on,5,198.4500,2026-05-08,8.44,9.75,-1.87,false,false,positive,2026-05-11
5a8a13b44df42139:10,5a8a13b44df42139,2026-05-03,NVDA,stock,trend_pullback_setup,WATCH,70.0,,,risk_on,10,198.4500,2026-05-15,13.54,19.19,-1.87,false,false,positive,2026-05-18
5a8a13b44df42139:20,5a8a13b44df42139,2026-05-03,NVDA,stock,trend_pullback_setup,WATCH,70.0,,,risk_on,20,198.4500,2026-06-01,13.06,19.19,-1.87,false,false,positive,2026-06-02
3e73695f926db6ee:5,3e73695f926db6ee,2026-05-03,PRY.MI,stock,near_breakout_setup,WATCH,78.0,,,risk_on,5,127.9500,2026-05-08,18.84,20.13,-1.80,false,false,positive,2026-05-08
3e73695f926db6ee:10,3e73695f926db6ee,2026-05-03,PRY.MI,stock,near_breakout_setup,WATCH,78.0,,,risk_on,10,127.9500,2026-05-15,19.70,22.90,-1.80,false,false,positive,2026-05-15
3e73695f926db6ee:20,3e73695f926db6ee,2026-05-03,PRY.MI,stock,near_breakout_setup,WATCH,78.0,,,risk_on,20,127.9500,2026-05-29,15.67,22.90,-1.80,false,false,positive,2026-05-29
218125263583eb95:5,218125263583eb95,2026-05-03,PST.MI,stock,trend_pullback,WATCH,84.4,NO_GO,A,risk_on,5,22.5900,2026-05-08,5.14,6.06,-2.52,true,false,target_hit,2026-05-08
2a30995f2e8b7f80:5,2a30995f2e8b7f80,2026-05-03,PST.MI,stock,controlled_breakout,WATCH,92.4,NO_GO,A,risk_on,5,22.5900,2026-05-08,5.14,6.06,-2.52,true,true,stop_before_target,2026-05-08
218125263583eb95:10,218125263583eb95,2026-05-03,PST.MI,stock,trend_pullback,WATCH,84.4,NO_GO,A,risk_on,10,22.5900,2026-05-15,7.26,8.72,-2.52,true,false,target_hit,2026-05-15
2a30995f2e8b7f80:10,2a30995f2e8b7f80,2026-05-03,PST.MI,stock,controlled_breakout,WATCH,92.4,NO_GO,A,risk_on,10,22.5900,2026-05-15,7.26,8.72,-2.52,true,true,stop_before_target,2026-05-15
218125263583eb95:20,218125263583eb95,2026-05-03,PST.MI,stock,trend_pullback,WATCH,84.4,NO_GO,A,risk_on,20,22.5900,2026-05-29,12.26,13.15,-2.52,true,false,target_hit,2026-05-29
2a30995f2e8b7f80:20,2a30995f2e8b7f80,2026-05-03,PST.MI,stock,controlled_breakout,WATCH,92.4,NO_GO,A,risk_on,20,22.5900,2026-05-29,12.26,13.15,-2.52,true,true,stop_before_target,2026-05-29
641bac2cc1bbf1d7:5,641bac2cc1bbf1d7,2026-05-03,ROG.SW,stock,trend_pullback,WATCH,83.4,NO_GO,A,risk_on,5,318.4000,2026-05-08,-0.97,2.32,-1.44,false,false,negative,2026-05-11
641bac2cc1bbf1d7:10,641bac2cc1bbf1d7,2026-05-03,ROG.SW,stock,trend_pullback,WATCH,83.4,NO_GO,A,risk_on,10,318.4000,2026-05-18,1.04,2.89,-1.70,false,false,positive,2026-05-19
a00083d69f2f09d2:5,a00083d69f2f09d2,2026-05-03,SU.PA,stock,trend_pullback_setup,WATCH,70.0,,,risk_on,5,268.6000,2026-05-08,-0.07,5.53,-4.49,false,false,negative,2026-05-11
a00083d69f2f09d2:10,a00083d69f2f09d2,2026-05-03,SU.PA,stock,trend_pullback_setup,WATCH,70.0,,,risk_on,10,268.6000,2026-05-15,-1.81,5.53,-4.49,false,false,negative,2026-05-15
a00083d69f2f09d2:20,a00083d69f2f09d2,2026-05-03,SU.PA,stock,trend_pullback_setup,WATCH,70.0,,,risk_on,20,268.6000,2026-05-29,0.50,5.53,-5.79,false,false,positive,2026-05-29
3eda980b2472d474:5,3eda980b2472d474,2026-05-03,SWDA.MI,etf,near_breakout_setup,WATCH,70.4,,,risk_on,5,117.0700,2026-05-08,2.08,2.65,0.11,false,false,positive,2026-05-08
3eda980b2472d474:10,3eda980b2472d474,2026-05-03,SWDA.MI,etf,near_breakout_setup,WATCH,70.4,,,risk_on,10,117.0700,2026-05-15,3.38,4.26,0.11,false,false,positive,2026-05-15
3eda980b2472d474:20,3eda980b2472d474,2026-05-03,SWDA.MI,etf,near_breakout_setup,WATCH,70.4,,,risk_on,20,117.0700,2026-05-29,5.43,5.75,0.11,false,false,positive,2026-05-29
590aa6b8d9e540a3:5,590aa6b8d9e540a3,2026-05-03,TRN.MI,stock,trend_pullback,WATCH,94.1,NO_GO,A,risk_on,5,10.2500,2026-05-08,-2.29,0.44,-3.80,false,true,stop_hit,2026-05-08
590aa6b8d9e540a3:10,590aa6b8d9e540a3,2026-05-03,TRN.MI,stock,trend_pullback,WATCH,94.1,NO_GO,A,risk_on,10,10.2500,2026-05-15,-5.70,0.44,-5.70,false,true,stop_hit,2026-05-15
590aa6b8d9e540a3:20,590aa6b8d9e540a3,2026-05-03,TRN.MI,stock,trend_pullback,WATCH,94.1,NO_GO,A,risk_on,20,10.2500,2026-05-29,-3.88,0.44,-6.36,false,true,stop_hit,2026-05-29
9e26a91785a5c1a0:5,9e26a91785a5c1a0,2026-05-03,TTE.PA,stock,trend_pullback,WATCH,85.6,NO_GO,A,risk_on,5,79.2900,2026-05-08,-4.40,0.26,-6.21,false,false,negative,2026-05-08
9e26a91785a5c1a0:10,9e26a91785a5c1a0,2026-05-03,TTE.PA,stock,trend_pullback,WATCH,85.6,NO_GO,A,risk_on,10,79.2900,2026-05-15,-0.77,0.26,-6.21,false,false,negative,2026-05-15
9e26a91785a5c1a0:20,9e26a91785a5c1a0,2026-05-03,TTE.PA,stock,trend_pullback,WATCH,85.6,NO_GO,A,risk_on,20,79.2900,2026-05-29,-5.18,2.47,-6.21,false,false,negative,2026-05-29
0136e43b263cd9ac:5,0136e43b263cd9ac,2026-05-03,UCG.MI,stock,trend_pullback_setup,WATCH,70.0,,,risk_on,5,65.6200,2026-05-08,7.44,10.32,-2.80,false,false,positive,2026-05-08
0136e43b263cd9ac:10,0136e43b263cd9ac,2026-05-03,UCG.MI,stock,trend_pullback_setup,WATCH,70.0,,,risk_on,10,65.6200,2026-05-15,8.59,10.44,-2.80,false,false,positive,2026-05-15
0136e43b263cd9ac:20,0136e43b263cd9ac,2026-05-03,UCG.MI,stock,trend_pullback_setup,WATCH,70.0,,,risk_on,20,65.6200,2026-05-29,13.14,13.79,-2.80,false,false,positive,2026-05-29
ddb5941db1d9ce03:5,ddb5941db1d9ce03,2026-05-03,WMT,stock,trend_pullback_setup,WATCH,70.0,,,risk_on,5,131.6000,2026-05-08,-0.89,-0.08,-2.41,false,false,negative,2026-05-11
983fbf1a60fab644:5,983fbf1a60fab644,2026-05-03,WMT,stock,near_breakout_setup,WATCH,66.3,,,risk_on,5,131.6000,2026-05-08,-0.89,-0.08,-2.41,false,false,negative,2026-05-11
ddb5941db1d9ce03:10,ddb5941db1d9ce03,2026-05-03,WMT,stock,trend_pullback_setup,WATCH,70.0,,,risk_on,10,131.6000,2026-05-15,-0.11,1.79,-3.97,false,false,negative,2026-05-18
983fbf1a60fab644:10,983fbf1a60fab644,2026-05-03,WMT,stock,near_breakout_setup,WATCH,66.3,,,risk_on,10,131.6000,2026-05-15,-0.11,1.79,-3.97,false,false,negative,2026-05-18
ddb5941db1d9ce03:20,ddb5941db1d9ce03,2026-05-03,WMT,stock,trend_pullback_setup,WATCH,70.0,,,risk_on,20,131.6000,2026-06-01,-12.92,2.71,-13.71,false,false,negative,2026-06-02
983fbf1a60fab644:20,983fbf1a60fab644,2026-05-03,WMT,stock,near_breakout_setup,WATCH,66.3,,,risk_on,20,131.6000,2026-06-01,-12.92,2.71,-13.71,false,false,negative,2026-06-02
ff350e184ee5ac39:5,ff350e184ee5ac39,2026-05-03,XOM,stock,trend_pullback_setup,WATCH,70.0,,,risk_on,5,152.7500,2026-05-08,-5.99,0.98,-6.42,false,false,negative,2026-05-18
ff350e184ee5ac39:10,ff350e184ee5ac39,2026-05-03,XOM,stock,trend_pullback_setup,WATCH,70.0,,,risk_on,10,152.7500,2026-05-15,3.38,3.44,-6.42,false,false,positive,2026-05-18
ff350e184ee5ac39:20,ff350e184ee5ac39,2026-05-03,XOM,stock,trend_pullback_setup,WATCH,70.0,,,risk_on,20,152.7500,2026-06-01,-2.21,7.16,-6.42,false,false,negative,2026-06-02
2a9d3190d3583b7b:5,2a9d3190d3583b7b,2026-05-04,AAPL,stock,trend_pullback_setup,WATCH,70.0,,,risk_on,5,276.0700,2026-05-11,6.02,6.67,0.06,false,false,positive,2026-05-12
2a9d3190d3583b7b:10,2a9d3190d3583b7b,2026-05-04,AAPL,stock,trend_pullback_setup,WATCH,70.0,,,risk_on,10,276.0700,2026-05-18,7.89,9.83,0.06,false,false,positive,2026-05-19
2a9d3190d3583b7b:20,2a9d3190d3583b7b,2026-05-04,AAPL,stock,trend_pullback_setup,WATCH,70.0,,,risk_on,20,276.0700,2026-06-02,14.17,14.26,0.06,false,false,positive,2026-06-03
685657d5be16e034:5,685657d5be16e034,2026-05-04,ASML.AS,stock,trend_pullback_setup,WATCH,70.0,,,risk_on,5,1187.4000,2026-05-11,9.95,13.22,-0.34,false,false,positive,2026-05-11
685657d5be16e034:10,685657d5be16e034,2026-05-04,ASML.AS,stock,trend_pullback_setup,WATCH,70.0,,,risk_on,10,1187.4000,2026-05-18,6.48,15.51,-0.34,false,false,positive,2026-05-18
685657d5be16e034:20,685657d5be16e034,2026-05-04,ASML.AS,stock,trend_pullback_setup,WATCH,70.0,,,risk_on,20,1187.4000,2026-06-01,17.40,21.02,-0.34,false,false,positive,2026-06-01
a2ba4bf73b14de95:5,a2ba4bf73b14de95,2026-05-04,AVGO,stock,trend_pullback_setup,WATCH,70.0,,,risk_on,5,411.9000,2026-05-11,4.01,6.26,-1.36,false,false,positive,2026-05-12
a2ba4bf73b14de95:10,a2ba4bf73b14de95,2026-05-04,AVGO,stock,trend_pullback_setup,WATCH,70.0,,,risk_on,10,411.9000,2026-05-18,2.14,7.39,-1.72,false,false,positive,2026-05-19
a2ba4bf73b14de95:20,a2ba4bf73b14de95,2026-05-04,AVGO,stock,trend_pullback_setup,WATCH,70.0,,,risk_on,20,411.9000,2026-06-02,16.91,18.67,-1.72,false,false,positive,2026-06-03
73abd8db48ec03cf:5,73abd8db48ec03cf,2026-05-04,COST,stock,trend_pullback,WATCH,74.0,NO_GO,B,risk_on,5,1016.0900,2026-05-11,-1.64,0.46,-3.05,false,false,negative,2026-05-12
73abd8db48ec03cf:10,73abd8db48ec03cf,2026-05-04,COST,stock,trend_pullback,WATCH,74.0,NO_GO,B,risk_on,10,1016.0900,2026-05-18,5.94,6.27,-3.05,false,false,positive,2026-05-19
73abd8db48ec03cf:20,73abd8db48ec03cf,2026-05-04,COST,stock,trend_pullback,WATCH,74.0,NO_GO,B,risk_on,20,1016.0900,2026-06-02,-6.08,7.91,-7.83,true,true,target_before_stop,2026-06-03
faf197df726b4052:5,faf197df726b4052,2026-05-04,CPR.MI,stock,trend_pullback_setup,WATCH,70.0,,,risk_on,5,6.2380,2026-05-11,-11.99,5.26,-12.31,false,false,negative,2026-05-11
faf197df726b4052:10,faf197df726b4052,2026-05-04,CPR.MI,stock,trend_pullback_setup,WATCH,70.0,,,risk_on,10,6.2380,2026-05-18,-13.40,5.26,-15.45,false,false,negative,2026-05-18
faf197df726b4052:20,faf197df726b4052,2026-05-04,CPR.MI,stock,trend_pullback_setup,WATCH,70.0,,,risk_on,20,6.2380,2026-06-01,-12.34,5.26,-15.45,false,false,negative,2026-06-01
161b82bdf5017c8d:5,161b82bdf5017c8d,2026-05-04,CSSPX.MI,etf,near_breakout_setup,WATCH,57.0,,,risk_on,5,661.3000,2026-05-11,2.39,2.39,0.36,false,false,positive,2026-05-11
161b82bdf5017c8d:10,161b82bdf5017c8d,2026-05-04,CSSPX.MI,etf,near_breakout_setup,WATCH,57.0,,,risk_on,10,661.3000,2026-05-18,3.12,4.56,0.36,false,false,positive,2026-05-18
161b82bdf5017c8d:20,161b82bdf5017c8d,2026-05-04,CSSPX.MI,etf,near_breakout_setup,WATCH,57.0,,,risk_on,20,661.3000,2026-06-01,6.17,6.28,0.36,false,false,positive,2026-06-01
586b44d621bcfab5:5,586b44d621bcfab5,2026-05-04,EIMI.MI,etf,trend_pullback,WATCH,90.9,NO_GO,A,risk_on,5,44.9400,2026-05-11,5.05,5.12,0.36,false,false,positive,2026-05-11
fe9524a8f21213bf:5,fe9524a8f21213bf,2026-05-04,EIMI.MI,etf,controlled_breakout,WATCH,98.9,NO_GO,A,risk_on,5,44.9400,2026-05-11,5.05,5.12,0.36,true,false,target_hit,2026-05-11
586b44d621bcfab5:10,586b44d621bcfab5,2026-05-04,EIMI.MI,etf,trend_pullback,WATCH,90.9,NO_GO,A,risk_on,10,44.9400,2026-05-18,1.35,5.12,0.36,false,false,positive,2026-05-18
fe9524a8f21213bf:10,fe9524a8f21213bf,2026-05-04,EIMI.MI,etf,controlled_breakout,WATCH,98.9,NO_GO,A,risk_on,10,44.9400,2026-05-18,1.35,5.12,0.36,true,false,target_hit,2026-05-18
586b44d621bcfab5:20,586b44d621bcfab5,2026-05-04,EIMI.MI,etf,trend_pullback,WATCH,90.9,NO_GO,A,risk_on,20,44.9400,2026-06-01,8.93,9.10,-0.60,true,false,target_hit,2026-06-01
fe9524a8f21213bf:20,fe9524a8f21213bf,2026-05-04,EIMI.MI,etf,controlled_breakout,WATCH,98.9,NO_GO,A,risk_on,20,44.9400,2026-06-01,8.93,9.10,-0.60,true,false,target_hit,2026-06-01
3e9e46cacf08b45a:5,3e9e46cacf08b45a,2026-05-04,ENEL.MI,stock,trend_pullback_setup,WATCH,70.0,,,risk_on,5,9.6740,2026-05-11,2.16,2.59,-1.37,false,false,positive,2026-05-11
3e9e46cacf08b45a:10,3e9e46cacf08b45a,2026-05-04,ENEL.MI,stock,trend_pullback_setup,WATCH,70.0,,,risk_on,10,9.6740,2026-05-18,-0.60,2.59,-3.68,false,false,negative,2026-05-18
3e9e46cacf08b45a:20,3e9e46cacf08b45a,2026-05-04,ENEL.MI,stock,trend_pullback_setup,WATCH,70.0,,,risk_on,20,9.6740,2026-06-01,-1.18,2.59,-3.68,false,false,negative,2026-06-01
fd22b626a8656873:5,fd22b626a8656873,2026-05-04,ENI.MI,stock,trend_pullback_setup,WATCH,70.0,,,risk_on,5,23.8950,2026-05-11,-2.95,0.09,-8.08,false,false,negative,2026-05-18
fd22b626a8656873:10,fd22b626a8656873,2026-05-04,ENI.MI,stock,trend_pullback_setup,WATCH,70.0,,,risk_on,10,23.8950,2026-05-18,0.44,0.44,-8.08,false,false,positive,2026-05-18
fd22b626a8656873:20,fd22b626a8656873,2026-05-04,ENI.MI,stock,trend_pullback_setup,WATCH,70.0,,,risk_on,20,23.8950,2026-06-01,-3.66,1.32,-8.08,false,false,negative,2026-06-01
bd0b59f02c947245:5,bd0b59f02c947245,2026-05-04,G.MI,stock,trend_pullback_setup,WATCH,70.0,,,risk_on,5,37.4000,2026-05-11,0.93,1.16,-4.42,false,false,positive,2026-05-18
bd0b59f02c947245:10,bd0b59f02c947245,2026-05-04,G.MI,stock,trend_pullback_setup,WATCH,70.0,,,risk_on,10,37.4000,2026-05-18,0.43,1.16,-4.42,false,false,positive,2026-05-18
bd0b59f02c947245:20,bd0b59f02c947245,2026-05-04,G.MI,stock,trend_pullback_setup,WATCH,70.0,,,risk_on,20,37.4000,2026-06-01,2.67,5.08,-4.42,false,false,positive,2026-06-01
bed5bba87a5d5ff7:5,bed5bba87a5d5ff7,2026-05-04,GOOGL,stock,near_breakout_setup,WATCH,52.0,,,risk_on,5,382.0050,2026-05-11,1.74,5.23,0.53,false,false,positive,2026-05-12
bed5bba87a5d5ff7:10,bed5bba87a5d5ff7,2026-05-04,GOOGL,stock,near_breakout_setup,WATCH,52.0,,,risk_on,10,382.0050,2026-05-18,3.91,6.96,0.20,false,false,positive,2026-05-19
bed5bba87a5d5ff7:20,bed5bba87a5d5ff7,2026-05-04,GOOGL,stock,near_breakout_setup,WATCH,52.0,,,risk_on,20,382.0050,2026-06-02,-5.28,6.96,-6.17,false,false,negative,2026-06-03
5f1a3c2ca0722f67:5,5f1a3c2ca0722f67,2026-05-04,ISP.MI,stock,trend_pullback_setup,WATCH,70.0,,,risk_on,5,5.6250,2026-05-11,0.69,3.37,-3.52,false,false,positive,2026-05-18
5f1a3c2ca0722f67:10,5f1a3c2ca0722f67,2026-05-04,ISP.MI,stock,trend_pullback_setup,WATCH,70.0,,,risk_on,10,5.6250,2026-05-18,-0.59,3.37,-3.52,false,false,negative,2026-05-18
5f1a3c2ca0722f67:20,5f1a3c2ca0722f67,2026-05-04,ISP.MI,stock,trend_pullback_setup,WATCH,70.0,,,risk_on,20,5.6250,2026-06-01,1.23,3.79,-3.52,false,false,positive,2026-06-01
a1dbc851af52e805:5,a1dbc851af52e805,2026-05-04,LLY,stock,trend_pullback_setup,WATCH,70.0,,,risk_on,5,961.8500,2026-05-11,0.36,3.42,-2.10,false,false,positive,2026-05-18
a1dbc851af52e805:10,a1dbc851af52e805,2026-05-04,LLY,stock,trend_pullback_setup,WATCH,70.0,,,risk_on,10,961.8500,2026-05-18,2.73,6.16,-2.10,false,false,positive,2026-05-19
a1dbc851af52e805:20,a1dbc851af52e805,2026-05-04,LLY,stock,trend_pullback_setup,WATCH,70.0,,,risk_on,20,961.8500,2026-06-02,10.64,19.47,-2.10,false,false,positive,2026-06-03
dd3fb13729d23773:5,dd3fb13729d23773,2026-05-04,NESN.SW,stock,trend_pullback_setup,WATCH,70.0,,,risk_on,5,78.1700,2026-05-11,-2.65,0.88,-2.65,false,false,negative,2026-05-11
dd3fb13729d23773:10,dd3fb13729d23773,2026-05-04,NESN.SW,stock,trend_pullback_setup,WATCH,70.0,,,risk_on,10,78.1700,2026-05-19,2.21,2.72,-3.58,false,false,positive,2026-05-19
dd3fb13729d23773:20,dd3fb13729d23773,2026-05-04,NESN.SW,stock,trend_pullback_setup,WATCH,70.0,,,risk_on,20,78.1700,2026-06-03,-1.14,3.71,-3.58,false,false,negative,2026-06-03
d7f0cd122985a2c2:5,d7f0cd122985a2c2,2026-05-04,NVDA,stock,trend_pullback_setup,WATCH,70.0,,,risk_on,5,196.4600,2026-05-11,11.70,13.15,-0.22,false,false,positive,2026-05-12
d7f0cd122985a2c2:10,d7f0cd122985a2c2,2026-05-04,NVDA,stock,trend_pullback_setup,WATCH,70.0,,,risk_on,10,196.4600,2026-05-18,13.16,20.40,-0.22,false,false,positive,2026-05-19
d7f0cd122985a2c2:20,d7f0cd122985a2c2,2026-05-04,NVDA,stock,trend_pullback_setup,WATCH,70.0,,,risk_on,20,196.4600,2026-06-02,13.42,20.40,-0.22,false,false,positive,2026-06-03
72c608b5e36eed8a:5,72c608b5e36eed8a,2026-05-04,PST.MI,stock,trend_pullback_setup,WATCH,70.0,,,risk_on,5,22.0800,2026-05-11,9.74,9.74,0.05,false,false,positive,2026-05-11
72c608b5e36eed8a:10,72c608b5e36eed8a,2026-05-04,PST.MI,stock,trend_pullback_setup,WATCH,70.0,,,risk_on,10,22.0800,2026-05-18,11.59,12.41,0.05,false,false,positive,2026-05-18
72c608b5e36eed8a:20,72c608b5e36eed8a,2026-05-04,PST.MI,stock,trend_pullback_setup,WATCH,70.0,,,risk_on,20,22.0800,2026-06-01,15.85,16.17,0.05,false,false,positive,2026-06-01
6f55592d7ed1866d:5,6f55592d7ed1866d,2026-05-04,ROG.SW,stock,trend_pullback,WATCH,75.4,NO_GO,B,risk_on,5,318.4000,2026-05-11,0.31,2.32,-1.70,false,false,positive,2026-05-12
28f13fc36d431538:5,28f13fc36d431538,2026-05-04,SU.PA,stock,trend_pullback_setup,WATCH,70.0,,,risk_on,5,260.5500,2026-05-11,5.41,8.79,-1.11,false,false,positive,2026-05-11
28f13fc36d431538:10,28f13fc36d431538,2026-05-04,SU.PA,stock,trend_pullback_setup,WATCH,70.0,,,risk_on,10,260.5500,2026-05-18,0.15,8.79,-1.11,false,false,positive,2026-05-18
28f13fc36d431538:20,28f13fc36d431538,2026-05-04,SU.PA,stock,trend_pullback_setup,WATCH,70.0,,,risk_on,20,260.5500,2026-06-01,6.01,8.79,-2.88,false,false,positive,2026-06-01
c9dd55d9d5b70f24:5,c9dd55d9d5b70f24,2026-05-04,SWDA.MI,etf,near_breakout_setup,WATCH,78.0,,,risk_on,5,117.4500,2026-05-11,2.12,2.32,0.30,false,false,positive,2026-05-11
c9dd55d9d5b70f24:10,c9dd55d9d5b70f24,2026-05-04,SWDA.MI,etf,near_breakout_setup,WATCH,78.0,,,risk_on,10,117.4500,2026-05-18,2.50,3.93,0.30,false,false,positive,2026-05-18
c9dd55d9d5b70f24:20,c9dd55d9d5b70f24,2026-05-04,SWDA.MI,etf,near_breakout_setup,WATCH,78.0,,,risk_on,20,117.4500,2026-06-01,5.37,5.55,0.30,false,false,positive,2026-06-01
f3e972b737e91483:5,f3e972b737e91483,2026-05-04,TRN.MI,stock,trend_pullback_setup,WATCH,70.0,,,risk_on,5,10.1000,2026-05-11,-0.74,1.93,-2.38,false,false,negative,2026-05-11
f3e972b737e91483:10,f3e972b737e91483,2026-05-04,TRN.MI,stock,trend_pullback_setup,WATCH,70.0,,,risk_on,10,10.1000,2026-05-18,-2.73,1.93,-4.97,false,false,negative,2026-05-18
f3e972b737e91483:20,f3e972b737e91483,2026-05-04,TRN.MI,stock,trend_pullback_setup,WATCH,70.0,,,risk_on,20,10.1000,2026-06-01,-3.92,1.93,-4.97,false,false,negative,2026-06-01
29dfb3803353650f:5,29dfb3803353650f,2026-05-04,TTE.PA,stock,trend_pullback_setup,WATCH,70.0,,,risk_on,5,78.6500,2026-05-11,-2.21,0.94,-5.44,false,false,negative,2026-05-11
29dfb3803353650f:10,29dfb3803353650f,2026-05-04,TTE.PA,stock,trend_pullback_setup,WATCH,70.0,,,risk_on,10,78.6500,2026-05-18,2.06,2.06,-5.44,false,false,positive,2026-05-18
29dfb3803353650f:20,29dfb3803353650f,2026-05-04,TTE.PA,stock,trend_pullback_setup,WATCH,70.0,,,risk_on,20,78.6500,2026-06-01,-2.89,3.31,-5.44,false,false,negative,2026-06-01
7f89861857007184:5,7f89861857007184,2026-05-04,WMT,stock,trend_pullback_setup,WATCH,70.0,,,risk_on,5,130.3600,2026-05-11,-2.12,0.86,-3.05,false,false,negative,2026-05-12
7f89861857007184:10,7f89861857007184,2026-05-04,WMT,stock,trend_pullback_setup,WATCH,70.0,,,risk_on,10,130.3600,2026-05-18,2.29,2.75,-3.05,false,false,positive,2026-05-19
7f89861857007184:20,7f89861857007184,2026-05-04,WMT,stock,trend_pullback_setup,WATCH,70.0,,,risk_on,20,130.3600,2026-06-02,-13.27,3.68,-13.52,false,false,negative,2026-06-03
4c3e74f0d0ccf734:5,4c3e74f0d0ccf734,2026-05-04,XOM,stock,trend_pullback,WATCH,88.4,NO_GO,A,risk_on,5,153.5801,2026-05-11,-3.20,0.43,-6.92,false,true,stop_hit,2026-05-18
4c3e74f0d0ccf734:10,4c3e74f0d0ccf734,2026-05-04,XOM,stock,trend_pullback,WATCH,88.4,NO_GO,A,risk_on,10,153.5801,2026-05-18,4.50,5.31,-6.92,false,true,stop_hit,2026-05-19
4c3e74f0d0ccf734:20,4c3e74f0d0ccf734,2026-05-04,XOM,stock,trend_pullback,WATCH,88.4,NO_GO,A,risk_on,20,153.5801,2026-06-02,-2.62,6.58,-6.92,false,true,stop_hit,2026-06-03
1a060c9e8d00cd27:5,1a060c9e8d00cd27,2026-05-05,AAPL,stock,trend_pullback,WATCH,61.9,NO_GO,D,risk_on,5,281.3574,2026-05-12,4.78,4.94,-0.19,false,false,positive,2026-05-13
1a060c9e8d00cd27:10,1a060c9e8d00cd27,2026-05-05,AAPL,stock,trend_pullback,WATCH,61.9,NO_GO,D,risk_on,10,281.3574,2026-05-19,6.26,7.76,-0.19,false,false,positive,2026-05-20
1a060c9e8d00cd27:20,1a060c9e8d00cd27,2026-05-05,AAPL,stock,trend_pullback,WATCH,61.9,NO_GO,D,risk_on,20,281.3574,2026-06-03,10.47,12.65,-0.19,true,false,target_hit,2026-06-03
8dcb7ca200fa8602:5,8dcb7ca200fa8602,2026-05-05,ASML.AS,stock,trend_pullback,WATCH,100.0,GO,A,risk_on,5,1229.0000,2026-05-12,2.99,9.39,1.55,false,false,positive,2026-05-12
8dcb7ca200fa8602:10,8dcb7ca200fa8602,2026-05-05,ASML.AS,stock,trend_pullback,WATCH,100.0,GO,A,risk_on,10,1229.0000,2026-05-19,1.63,11.60,1.16,false,false,positive,2026-05-19
8dcb7ca200fa8602:20,8dcb7ca200fa8602,2026-05-05,ASML.AS,stock,trend_pullback,WATCH,100.0,GO,A,risk_on,20,1229.0000,2026-06-02,18.94,19.22,1.16,true,false,target_hit,2026-06-02
06dbb73bd32073f6:5,06dbb73bd32073f6,2026-05-05,AVGO,stock,near_breakout_setup,WATCH,66.0,,,risk_on,5,429.8300,2026-05-12,-2.45,1.83,-5.47,false,false,negative,2026-05-13
06dbb73bd32073f6:10,06dbb73bd32073f6,2026-05-05,AVGO,stock,near_breakout_setup,WATCH,66.0,,,risk_on,10,429.8300,2026-05-19,-4.36,2.92,-5.82,false,false,negative,2026-05-20
06dbb73bd32073f6:20,06dbb73bd32073f6,2026-05-05,AVGO,stock,near_breakout_setup,WATCH,66.0,,,risk_on,20,429.8300,2026-06-03,12.87,15.16,-5.82,false,false,positive,2026-06-03
f3b2d43124e58939:5,f3b2d43124e58939,2026-05-05,CAT,stock,near_breakout_setup,WATCH,66.0,,,risk_on,5,901.7900,2026-05-12,1.15,3.28,-1.65,false,false,positive,2026-05-13
f3b2d43124e58939:10,f3b2d43124e58939,2026-05-05,CAT,stock,near_breakout_setup,WATCH,66.0,,,risk_on,10,901.7900,2026-05-19,-4.62,3.28,-6.24,false,false,negative,2026-05-20
f3b2d43124e58939:20,f3b2d43124e58939,2026-05-05,CAT,stock,near_breakout_setup,WATCH,66.0,,,risk_on,20,901.7900,2026-06-03,2.88,3.87,-6.24,false,false,positive,2026-06-03
f9c3ab26da53fe29:5,f9c3ab26da53fe29,2026-05-05,COST,stock,trend_pullback,WATCH,100.0,GO,A,risk_on,5,1015.1700,2026-05-12,0.66,1.07,-2.96,false,false,positive,2026-05-13
f9c3ab26da53fe29:10,f9c3ab26da53fe29,2026-05-05,COST,stock,trend_pullback,WATCH,100.0,GO,A,risk_on,10,1015.1700,2026-05-19,7.80,8.01,-2.96,true,false,target_hit,2026-05-20
f9c3ab26da53fe29:20,f9c3ab26da53fe29,2026-05-05,COST,stock,trend_pullback,WATCH,100.0,GO,A,risk_on,20,1015.1700,2026-06-03,-5.24,8.01,-7.75,true,true,target_before_stop,2026-06-03
03220bc5d10d2a16:5,03220bc5d10d2a16,2026-05-05,CPR.MI,stock,trend_pullback_setup,WATCH,70.0,,,risk_on,5,6.3500,2026-05-12,-15.40,3.40,-15.43,false,false,negative,2026-05-12
03220bc5d10d2a16:10,03220bc5d10d2a16,2026-05-05,CPR.MI,stock,trend_pullback_setup,WATCH,70.0,,,risk_on,10,6.3500,2026-05-19,-13.07,3.40,-16.94,false,false,negative,2026-05-19
03220bc5d10d2a16:20,03220bc5d10d2a16,2026-05-05,CPR.MI,stock,trend_pullback_setup,WATCH,70.0,,,risk_on,20,6.3500,2026-06-02,-14.49,3.40,-16.94,false,false,negative,2026-06-02
463c73725a9bc22b:5,463c73725a9bc22b,2026-05-05,CSSPX.MI,etf,near_breakout_setup,WATCH,61.2,,,risk_on,5,665.9600,2026-05-12,1.14,1.67,0.05,false,false,positive,2026-05-12
463c73725a9bc22b:10,463c73725a9bc22b,2026-05-05,CSSPX.MI,etf,near_breakout_setup,WATCH,61.2,,,risk_on,10,665.9600,2026-05-19,2.25,3.83,0.05,false,false,positive,2026-05-19
463c73725a9bc22b:20,463c73725a9bc22b,2026-05-05,CSSPX.MI,etf,near_breakout_setup,WATCH,61.2,,,risk_on,20,665.9600,2026-06-02,5.67,5.73,0.05,false,false,positive,2026-06-02
a5fc2b9dadd39a2b:5,a5fc2b9dadd39a2b,2026-05-05,ENEL.MI,stock,trend_pullback_setup,WATCH,70.0,,,risk_on,5,9.7100,2026-05-12,0.12,2.21,-1.74,false,false,positive,2026-05-12
a5fc2b9dadd39a2b:10,a5fc2b9dadd39a2b,2026-05-05,ENEL.MI,stock,trend_pullback_setup,WATCH,70.0,,,risk_on,10,9.7100,2026-05-19,-1.57,2.21,-4.04,false,false,negative,2026-05-19
a5fc2b9dadd39a2b:20,a5fc2b9dadd39a2b,2026-05-05,ENEL.MI,stock,trend_pullback_setup,WATCH,70.0,,,risk_on,20,9.7100,2026-06-02,-1.37,2.21,-4.04,false,false,negative,2026-06-02
31c3b43b094adbb2:5,31c3b43b094adbb2,2026-05-05,ENI.MI,stock,trend_pullback,WATCH,100.0,GO,A,risk_on,5,23.9650,2026-05-12,-2.36,-1.70,-8.35,false,true,stop_hit,2026-05-18
31c3b43b094adbb2:10,31c3b43b094adbb2,2026-05-05,ENI.MI,stock,trend_pullback,WATCH,100.0,GO,A,risk_on,10,23.9650,2026-05-19,-0.44,1.02,-8.35,false,true,stop_hit,2026-05-19
31c3b43b094adbb2:20,31c3b43b094adbb2,2026-05-05,ENI.MI,stock,trend_pullback,WATCH,100.0,GO,A,risk_on,20,23.9650,2026-06-02,-3.42,1.02,-8.35,false,true,stop_hit,2026-06-02
6b1a993d62d63ddb:5,6b1a993d62d63ddb,2026-05-05,G.MI,stock,trend_pullback,WATCH,100.0,GO,A,risk_on,5,38.2500,2026-05-12,-2.97,-1.09,-3.89,false,true,stop_hit,2026-05-18
6b1a993d62d63ddb:10,6b1a993d62d63ddb,2026-05-05,G.MI,stock,trend_pullback,WATCH,100.0,GO,A,risk_on,10,38.2500,2026-05-19,-2.27,-1.09,-4.05,false,true,stop_hit,2026-05-19
6b1a993d62d63ddb:20,6b1a993d62d63ddb,2026-05-05,G.MI,stock,trend_pullback,WATCH,100.0,GO,A,risk_on,20,38.2500,2026-06-02,2.27,2.75,-4.05,false,true,stop_hit,2026-06-02
2c65ffd591019e5f:5,2c65ffd591019e5f,2026-05-05,GOOGL,stock,near_breakout_setup,WATCH,52.0,,,risk_on,5,387.4300,2026-05-12,-0.02,3.76,-1.20,false,false,negative,2026-05-13
2c65ffd591019e5f:10,2c65ffd591019e5f,2026-05-05,GOOGL,stock,near_breakout_setup,WATCH,52.0,,,risk_on,10,387.4300,2026-05-19,0.06,5.47,-1.20,false,false,positive,2026-05-20
2c65ffd591019e5f:20,2c65ffd591019e5f,2026-05-05,GOOGL,stock,near_breakout_setup,WATCH,52.0,,,risk_on,20,387.4300,2026-06-03,-7.40,5.47,-7.48,false,false,negative,2026-06-03
1fdcb7d3408d4355:5,1fdcb7d3408d4355,2026-05-05,ISP.MI,stock,trend_pullback,WATCH,100.0,GO,A,risk_on,5,5.7600,2026-05-12,-3.04,0.95,-3.80,false,true,stop_hit,2026-05-18
1fdcb7d3408d4355:10,1fdcb7d3408d4355,2026-05-05,ISP.MI,stock,trend_pullback,WATCH,100.0,GO,A,risk_on,10,5.7600,2026-05-19,-3.84,0.95,-5.14,false,true,stop_hit,2026-05-19
1fdcb7d3408d4355:20,1fdcb7d3408d4355,2026-05-05,ISP.MI,stock,trend_pullback,WATCH,100.0,GO,A,risk_on,20,5.7600,2026-06-02,-0.17,1.35,-5.14,false,true,stop_hit,2026-06-02
816b51906ca28aa3:5,816b51906ca28aa3,2026-05-05,LDO.MI,stock,trend_pullback_setup,WATCH,70.0,,,risk_on,5,53.2800,2026-05-12,-6.17,6.42,-7.81,false,false,negative,2026-05-12
816b51906ca28aa3:10,816b51906ca28aa3,2026-05-05,LDO.MI,stock,trend_pullback_setup,WATCH,70.0,,,risk_on,10,53.2800,2026-05-19,-4.41,6.42,-8.91,false,false,negative,2026-05-19
816b51906ca28aa3:20,816b51906ca28aa3,2026-05-05,LDO.MI,stock,trend_pullback_setup,WATCH,70.0,,,risk_on,20,53.2800,2026-06-02,-1.76,6.42,-8.91,false,false,negative,2026-06-02
1486d5ae0d2fda24:5,1486d5ae0d2fda24,2026-05-05,LLY,stock,trend_pullback,WATCH,30.5,NO_GO,D,risk_on,5,982.2300,2026-05-12,0.60,1.38,-4.13,false,false,positive,2026-05-18
1486d5ae0d2fda24:10,1486d5ae0d2fda24,2026-05-05,LLY,stock,trend_pullback,WATCH,30.5,NO_GO,D,risk_on,10,982.2300,2026-05-19,3.99,4.03,-4.13,false,false,positive,2026-05-20
1486d5ae0d2fda24:20,1486d5ae0d2fda24,2026-05-05,LLY,stock,trend_pullback,WATCH,30.5,NO_GO,D,risk_on,20,982.2300,2026-06-03,10.58,16.99,-4.13,false,false,positive,2026-06-03
8387d5f22650801b:5,8387d5f22650801b,2026-05-05,NESN.SW,stock,trend_pullback_setup,WATCH,70.0,,,risk_on,5,77.5700,2026-05-12,-0.32,1.66,-2.84,false,false,negative,2026-05-12
8387d5f22650801b:10,8387d5f22650801b,2026-05-05,NESN.SW,stock,trend_pullback_setup,WATCH,70.0,,,risk_on,10,77.5700,2026-05-20,1.38,3.52,-2.84,false,false,positive,2026-05-20
f008e361a70a3eab:5,f008e361a70a3eab,2026-05-05,NVDA,stock,trend_pullback_setup,WATCH,70.0,,,risk_on,5,197.9800,2026-05-12,11.52,13.02,0.32,false,false,positive,2026-05-13
f008e361a70a3eab:10,f008e361a70a3eab,2026-05-05,NVDA,stock,trend_pullback_setup,WATCH,70.0,,,risk_on,10,197.9800,2026-05-19,11.43,19.48,0.32,false,false,positive,2026-05-20
f008e361a70a3eab:20,f008e361a70a3eab,2026-05-05,NVDA,stock,trend_pullback_setup,WATCH,70.0,,,risk_on,20,197.9800,2026-06-03,9.20,19.48,0.32,false,false,positive,2026-06-03
f77902a222e358d1:5,f77902a222e358d1,2026-05-05,PST.MI,stock,trend_pullback,WATCH,100.0,GO,A,risk_on,5,22.2200,2026-05-12,8.51,9.41,0.09,true,false,target_hit,2026-05-12
f77902a222e358d1:10,f77902a222e358d1,2026-05-05,PST.MI,stock,trend_pullback,WATCH,100.0,GO,A,risk_on,10,22.2200,2026-05-19,10.53,11.97,0.09,true,false,target_hit,2026-05-19
f77902a222e358d1:20,f77902a222e358d1,2026-05-05,PST.MI,stock,trend_pullback,WATCH,100.0,GO,A,risk_on,20,22.2200,2026-06-02,15.62,16.29,0.09,true,false,target_hit,2026-06-02
0b297f2ef9c67651:5,0b297f2ef9c67651,2026-05-05,ROG.SW,stock,trend_pullback_setup,WATCH,70.0,,,risk_on,5,316.5000,2026-05-12,1.58,2.94,-1.11,false,false,positive,2026-05-13
529d040058211ade:5,529d040058211ade,2026-05-05,SU.PA,stock,trend_pullback,BUY,100.0,GO,A,risk_on,5,272.9500,2026-05-12,-2.80,3.85,-3.30,false,false,negative,2026-05-12
529d040058211ade:10,529d040058211ade,2026-05-05,SU.PA,stock,trend_pullback,BUY,100.0,GO,A,risk_on,10,272.9500,2026-05-19,-6.28,3.85,-7.29,false,true,stop_hit,2026-05-19
529d040058211ade:20,529d040058211ade,2026-05-05,SU.PA,stock,trend_pullback,BUY,100.0,GO,A,risk_on,20,272.9500,2026-06-02,5.20,5.53,-7.29,false,true,stop_hit,2026-06-03
9604a339d20e1403:5,9604a339d20e1403,2026-05-05,SWDA.MI,etf,near_breakout_setup,WATCH,78.0,,,risk_on,5,118.2100,2026-05-12,0.82,1.66,0.41,false,false,positive,2026-05-12
9604a339d20e1403:10,9604a339d20e1403,2026-05-05,SWDA.MI,etf,near_breakout_setup,WATCH,78.0,,,risk_on,10,118.2100,2026-05-19,1.77,3.26,0.41,false,false,positive,2026-05-19
9604a339d20e1403:20,9604a339d20e1403,2026-05-05,SWDA.MI,etf,near_breakout_setup,WATCH,78.0,,,risk_on,20,118.2100,2026-06-02,5.13,5.18,0.41,false,false,positive,2026-06-02
28a409076b71395e:5,28a409076b71395e,2026-05-05,TRN.MI,stock,trend_pullback_setup,WATCH,70.0,,,risk_on,5,10.1350,2026-05-12,-1.86,1.58,-2.71,false,false,negative,2026-05-12
28a409076b71395e:10,28a409076b71395e,2026-05-05,TRN.MI,stock,trend_pullback_setup,WATCH,70.0,,,risk_on,10,10.1350,2026-05-19,-2.56,1.58,-5.30,false,false,negative,2026-05-19
28a409076b71395e:20,28a409076b71395e,2026-05-05,TRN.MI,stock,trend_pullback_setup,WATCH,70.0,,,risk_on,20,10.1350,2026-06-02,-4.69,1.58,-5.30,false,false,negative,2026-06-02
9bdb41ce964959e2:5,9bdb41ce964959e2,2026-05-05,TTE.PA,stock,trend_pullback,WATCH,100.0,GO,A,risk_on,5,79.3000,2026-05-12,-1.26,-0.74,-6.22,false,true,stop_hit,2026-05-12
9bdb41ce964959e2:10,9bdb41ce964959e2,2026-05-05,TTE.PA,stock,trend_pullback,WATCH,100.0,GO,A,risk_on,10,79.3000,2026-05-19,0.62,1.68,-6.22,false,true,stop_hit,2026-05-19
9bdb41ce964959e2:20,9bdb41ce964959e2,2026-05-05,TTE.PA,stock,trend_pullback,WATCH,100.0,GO,A,risk_on,20,79.3000,2026-06-02,-3.34,2.46,-6.22,false,true,stop_hit,2026-06-02
82cbdabd3d18da05:5,82cbdabd3d18da05,2026-05-05,UCG.MI,stock,trend_pullback,WATCH,100.0,GO,A,risk_on,5,67.8200,2026-05-12,3.38,6.74,1.59,false,false,positive,2026-05-12
82cbdabd3d18da05:10,82cbdabd3d18da05,2026-05-05,UCG.MI,stock,trend_pullback,WATCH,100.0,GO,A,risk_on,10,67.8200,2026-05-19,3.89,6.86,1.59,false,false,positive,2026-05-19
82cbdabd3d18da05:20,82cbdabd3d18da05,2026-05-05,UCG.MI,stock,trend_pullback,WATCH,100.0,GO,A,risk_on,20,67.8200,2026-06-02,10.48,11.07,1.59,false,false,positive,2026-06-02
a596825e16adebb8:5,a596825e16adebb8,2026-05-05,WMT,stock,trend_pullback,WATCH,100.0,GO,A,risk_on,5,131.0300,2026-05-12,-0.52,0.29,-3.55,false,false,negative,2026-05-13
a596825e16adebb8:10,a596825e16adebb8,2026-05-05,WMT,stock,trend_pullback,WATCH,100.0,GO,A,risk_on,10,131.0300,2026-05-19,2.42,3.15,-3.55,false,false,positive,2026-05-20
a596825e16adebb8:20,a596825e16adebb8,2026-05-05,WMT,stock,trend_pullback,WATCH,100.0,GO,A,risk_on,20,131.0300,2026-06-03,-11.11,3.15,-13.97,false,true,stop_hit,2026-06-03
6c90e476b4332e51:5,6c90e476b4332e51,2026-05-05,XOM,stock,trend_pullback,WATCH,100.0,GO,A,risk_on,5,155.0700,2026-05-12,-3.52,-2.76,-7.82,false,true,stop_hit,2026-05-18
6c90e476b4332e51:10,6c90e476b4332e51,2026-05-05,XOM,stock,trend_pullback,WATCH,100.0,GO,A,risk_on,10,155.0700,2026-05-19,4.82,5.32,-7.82,false,true,stop_hit,2026-05-20
6c90e476b4332e51:20,6c90e476b4332e51,2026-05-05,XOM,stock,trend_pullback,WATCH,100.0,GO,A,risk_on,20,155.0700,2026-06-03,-0.31,5.55,-7.82,false,true,stop_hit,2026-06-03
7ee73e438e101c98:5,7ee73e438e101c98,2026-05-06,AAPL,stock,near_breakout_setup,WATCH,66.0,,,risk_on,5,285.3700,2026-05-13,4.73,5.45,0.05,false,false,positive,2026-05-14
7ee73e438e101c98:10,7ee73e438e101c98,2026-05-06,AAPL,stock,near_breakout_setup,WATCH,66.0,,,risk_on,10,285.3700,2026-05-20,5.92,6.25,0.05,false,false,positive,2026-05-21
a0779e1a561ddd60:5,a0779e1a561ddd60,2026-05-06,AMZN,stock,near_breakout_setup,WATCH,52.0,,,risk_on,5,275.5650,2026-05-13,-1.97,0.39,-4.69,false,false,negative,2026-05-14
a0779e1a561ddd60:10,a0779e1a561ddd60,2026-05-06,AMZN,stock,near_breakout_setup,WATCH,52.0,,,risk_on,10,275.5650,2026-05-20,-3.83,0.39,-7.39,false,false,negative,2026-05-21
614afb7c24071b0c:5,614afb7c24071b0c,2026-05-06,ASML.AS,stock,trend_pullback,WATCH,67.8,NO_GO,C,risk_on,5,1305.0000,2026-05-13,1.69,3.02,-3.16,false,false,positive,2026-05-13
614afb7c24071b0c:10,614afb7c24071b0c,2026-05-06,ASML.AS,stock,trend_pullback,WATCH,67.8,NO_GO,C,risk_on,10,1305.0000,2026-05-20,2.15,5.10,-4.74,false,false,positive,2026-05-20
614afb7c24071b0c:20,614afb7c24071b0c,2026-05-06,ASML.AS,stock,trend_pullback,WATCH,67.8,NO_GO,C,risk_on,20,1305.0000,2026-06-03,13.81,14.64,-4.74,false,false,positive,2026-06-03
0d1fb3d86794b3a1:5,0d1fb3d86794b3a1,2026-05-06,AVGO,stock,trend_pullback_setup,WATCH,70.0,,,risk_on,5,423.8300,2026-05-13,-1.66,2.64,-4.49,false,false,negative,2026-05-14
0d1fb3d86794b3a1:10,0d1fb3d86794b3a1,2026-05-06,AVGO,stock,trend_pullback_setup,WATCH,70.0,,,risk_on,10,423.8300,2026-05-20,-1.43,4.37,-4.49,false,false,negative,2026-05-21
e0a604f86d97bb72:5,e0a604f86d97bb72,2026-05-06,COST,stock,trend_pullback_setup,WATCH,70.0,,,risk_on,5,996.5300,2026-05-13,3.67,4.62,-1.14,false,false,positive,2026-05-14
e0a604f86d97bb72:10,e0a604f86d97bb72,2026-05-06,COST,stock,trend_pullback_setup,WATCH,70.0,,,risk_on,10,996.5300,2026-05-20,7.77,10.03,-1.14,false,false,positive,2026-05-21
064cdd2ec99333b7:5,064cdd2ec99333b7,2026-05-06,CPR.MI,stock,trend_pullback,WATCH,95.1,NO_GO,A,risk_on,5,6.5460,2026-05-13,-18.52,-8.25,-18.91,false,true,stop_hit,2026-05-13
064cdd2ec99333b7:10,064cdd2ec99333b7,2026-05-06,CPR.MI,stock,trend_pullback,WATCH,95.1,NO_GO,A,risk_on,10,6.5460,2026-05-20,-15.43,-8.25,-19.43,false,true,stop_hit,2026-05-20
064cdd2ec99333b7:20,064cdd2ec99333b7,2026-05-06,CPR.MI,stock,trend_pullback,WATCH,95.1,NO_GO,A,risk_on,20,6.5460,2026-06-03,-17.84,-8.25,-19.43,false,true,stop_hit,2026-06-03
3c0ca0a1418be118:5,3c0ca0a1418be118,2026-05-06,EIMI.MI,etf,controlled_breakout,WATCH,82.4,NO_GO,A,risk_on,5,46.7950,2026-05-13,-0.01,0.95,-2.94,false,false,negative,2026-05-13
3c0ca0a1418be118:10,3c0ca0a1418be118,2026-05-06,EIMI.MI,etf,controlled_breakout,WATCH,82.4,NO_GO,A,risk_on,10,46.7950,2026-05-20,-2.03,0.95,-4.54,false,true,stop_hit,2026-05-20
3c0ca0a1418be118:20,3c0ca0a1418be118,2026-05-06,EIMI.MI,etf,controlled_breakout,WATCH,82.4,NO_GO,A,risk_on,20,46.7950,2026-06-03,4.54,5.75,-4.54,false,true,stop_hit,2026-06-03
2f4cac5740bf5351:5,2f4cac5740bf5351,2026-05-06,ENEL.MI,stock,trend_pullback,WATCH,100.0,NO_GO,A,risk_on,5,9.8460,2026-05-13,-1.11,0.80,-3.10,false,false,negative,2026-05-13
2f4cac5740bf5351:10,2f4cac5740bf5351,2026-05-06,ENEL.MI,stock,trend_pullback,WATCH,100.0,NO_GO,A,risk_on,10,9.8460,2026-05-20,-1.80,0.80,-5.36,false,true,stop_hit,2026-05-20
2f4cac5740bf5351:20,2f4cac5740bf5351,2026-05-06,ENEL.MI,stock,trend_pullback,WATCH,100.0,NO_GO,A,risk_on,20,9.8460,2026-06-03,-3.72,0.80,-5.36,false,true,stop_hit,2026-06-03
fb9a91e75071bff1:5,fb9a91e75071bff1,2026-05-06,ENI.MI,stock,trend_pullback_setup,WATCH,70.0,,,risk_on,5,22.9700,2026-05-13,1.43,3.20,-4.31,false,false,positive,2026-05-18
fb9a91e75071bff1:10,fb9a91e75071bff1,2026-05-06,ENI.MI,stock,trend_pullback_setup,WATCH,70.0,,,risk_on,10,22.9700,2026-05-20,2.48,5.40,-4.31,false,false,positive,2026-05-20
fb9a91e75071bff1:20,fb9a91e75071bff1,2026-05-06,ENI.MI,stock,trend_pullback_setup,WATCH,70.0,,,risk_on,20,22.9700,2026-06-03,2.11,5.40,-4.31,false,false,positive,2026-06-03
2258c1e51b909d62:5,2258c1e51b909d62,2026-05-06,G.MI,stock,controlled_breakout,WATCH,93.2,NO_GO,A,risk_on,5,39.0900,2026-05-13,-4.76,-3.22,-5.76,false,true,stop_hit,2026-05-18
2258c1e51b909d62:10,2258c1e51b909d62,2026-05-06,G.MI,stock,controlled_breakout,WATCH,93.2,NO_GO,A,risk_on,10,39.0900,2026-05-20,-3.89,-3.22,-6.11,false,true,stop_hit,2026-05-20
2258c1e51b909d62:20,2258c1e51b909d62,2026-05-06,G.MI,stock,controlled_breakout,WATCH,93.2,NO_GO,A,risk_on,20,39.0900,2026-06-03,-0.61,0.54,-6.11,false,true,stop_hit,2026-06-03
d5da32eeb47f0348:5,d5da32eeb47f0348,2026-05-06,LDO.MI,stock,trend_pullback,WATCH,70.4,NO_GO,C,risk_on,5,55.9600,2026-05-13,-10.94,1.32,-13.07,false,true,stop_hit,2026-05-13
d5da32eeb47f0348:10,d5da32eeb47f0348,2026-05-06,LDO.MI,stock,trend_pullback,WATCH,70.4,NO_GO,C,risk_on,10,55.9600,2026-05-20,-6.79,1.32,-13.27,false,true,stop_hit,2026-05-20
d5da32eeb47f0348:20,d5da32eeb47f0348,2026-05-06,LDO.MI,stock,trend_pullback,WATCH,70.4,NO_GO,C,risk_on,20,55.9600,2026-06-03,-9.10,1.32,-13.27,false,true,stop_hit,2026-06-03
2d19d2f885d19007:5,2d19d2f885d19007,2026-05-06,LLY,stock,trend_pullback,WATCH,22.8,NO_GO,D,risk_on,5,991.4600,2026-05-13,2.27,2.99,-5.03,false,false,positive,2026-05-18
2d19d2f885d19007:10,2d19d2f885d19007,2026-05-06,LLY,stock,trend_pullback,WATCH,22.8,NO_GO,D,risk_on,10,991.4600,2026-05-20,2.76,4.68,-5.03,false,false,positive,2026-05-21
e3b8c998d30e6a7c:5,e3b8c998d30e6a7c,2026-05-06,MONC.MI,stock,trend_pullback_setup,WATCH,70.0,,,risk_on,5,54.2000,2026-05-13,-8.91,0.20,-11.62,false,false,negative,2026-05-18
e3b8c998d30e6a7c:10,e3b8c998d30e6a7c,2026-05-06,MONC.MI,stock,trend_pullback_setup,WATCH,70.0,,,risk_on,10,54.2000,2026-05-20,-5.94,0.20,-12.18,false,false,negative,2026-05-20
e3b8c998d30e6a7c:20,e3b8c998d30e6a7c,2026-05-06,MONC.MI,stock,trend_pullback_setup,WATCH,70.0,,,risk_on,20,54.2000,2026-06-03,-0.59,5.17,-12.18,false,false,negative,2026-06-03
b38152e739071704:5,b38152e739071704,2026-05-06,NESN.SW,stock,trend_pullback,WATCH,88.4,NO_GO,A,risk_on,5,78.6100,2026-05-13,-2.20,0.20,-4.12,false,true,stop_hit,2026-05-13
b38152e739071704:10,b38152e739071704,2026-05-06,NESN.SW,stock,trend_pullback,WATCH,88.4,NO_GO,A,risk_on,10,78.6100,2026-05-21,0.24,2.15,-4.12,false,true,stop_hit,2026-05-21
948efc5e87303189:5,948efc5e87303189,2026-05-06,NOVN.SW,stock,trend_pullback_setup,WATCH,70.0,,,risk_on,5,115.6400,2026-05-13,1.00,1.82,-2.66,false,false,positive,2026-05-13
948efc5e87303189:10,948efc5e87303189,2026-05-06,NOVN.SW,stock,trend_pullback_setup,WATCH,70.0,,,risk_on,10,115.6400,2026-05-21,3.11,3.77,-2.66,false,false,positive,2026-05-21
c0f18b9ad04ef183:5,c0f18b9ad04ef183,2026-05-06,NVDA,stock,trend_pullback,WATCH,77.7,NO_GO,B,risk_on,5,205.3100,2026-05-13,9.99,10.97,0.58,true,false,target_hit,2026-05-14
c0f18b9ad04ef183:10,c0f18b9ad04ef183,2026-05-06,NVDA,stock,trend_pullback,WATCH,77.7,NO_GO,B,risk_on,10,205.3100,2026-05-20,8.85,15.21,0.58,true,false,target_hit,2026-05-21
777afba61a367ed5:5,777afba61a367ed5,2026-05-06,PST.MI,stock,trend_pullback,WATCH,100.0,NO_GO,A,risk_on,5,22.7400,2026-05-13,5.58,6.90,0.88,false,false,positive,2026-05-13
43ff622fef7cdf7c:5,43ff622fef7cdf7c,2026-05-06,PST.MI,stock,controlled_breakout,WATCH,100.0,NO_GO,A,risk_on,5,22.7400,2026-05-13,5.58,6.90,0.88,true,false,target_hit,2026-05-13
777afba61a367ed5:10,777afba61a367ed5,2026-05-06,PST.MI,stock,trend_pullback,WATCH,100.0,NO_GO,A,risk_on,10,22.7400,2026-05-20,8.97,9.59,0.88,true,false,target_hit,2026-05-20
43ff622fef7cdf7c:10,43ff622fef7cdf7c,2026-05-06,PST.MI,stock,controlled_breakout,WATCH,100.0,NO_GO,A,risk_on,10,22.7400,2026-05-20,8.97,9.59,0.88,true,false,target_hit,2026-05-20
777afba61a367ed5:20,777afba61a367ed5,2026-05-06,PST.MI,stock,trend_pullback,WATCH,100.0,NO_GO,A,risk_on,20,22.7400,2026-06-03,12.05,13.63,0.88,true,false,target_hit,2026-06-03
43ff622fef7cdf7c:20,43ff622fef7cdf7c,2026-05-06,PST.MI,stock,controlled_breakout,WATCH,100.0,NO_GO,A,risk_on,20,22.7400,2026-06-03,12.05,13.63,0.88,true,false,target_hit,2026-06-03
fd3f8ce193fc0ef6:5,fd3f8ce193fc0ef6,2026-05-06,ROG.SW,stock,trend_pullback,WATCH,67.3,NO_GO,C,risk_on,5,318.5000,2026-05-13,0.47,1.79,-1.73,false,false,positive,2026-05-14
810196c18a5aa6c1:5,810196c18a5aa6c1,2026-05-06,SU.PA,stock,trend_pullback,WATCH,74.9,NO_GO,B,risk_on,5,282.7000,2026-05-13,-5.06,0.27,-7.07,false,false,negative,2026-05-13
b127c4e32e4e6866:5,b127c4e32e4e6866,2026-05-06,SU.PA,stock,controlled_breakout,WATCH,100.0,NO_GO,A,risk_on,5,282.7000,2026-05-13,-5.06,0.27,-7.07,false,true,stop_hit,2026-05-13
810196c18a5aa6c1:10,810196c18a5aa6c1,2026-05-06,SU.PA,stock,trend_pullback,WATCH,74.9,NO_GO,B,risk_on,10,282.7000,2026-05-20,-6.40,0.27,-10.49,false,true,stop_hit,2026-05-20
b127c4e32e4e6866:10,b127c4e32e4e6866,2026-05-06,SU.PA,stock,controlled_breakout,WATCH,100.0,NO_GO,A,risk_on,10,282.7000,2026-05-20,-6.40,0.27,-10.49,false,true,stop_hit,2026-05-20
810196c18a5aa6c1:20,810196c18a5aa6c1,2026-05-06,SU.PA,stock,trend_pullback,WATCH,74.9,NO_GO,B,risk_on,20,282.7000,2026-06-03,0.27,1.89,-10.49,false,true,stop_hit,2026-06-03
b127c4e32e4e6866:20,b127c4e32e4e6866,2026-05-06,SU.PA,stock,controlled_breakout,WATCH,100.0,NO_GO,A,risk_on,20,282.7000,2026-06-03,0.27,1.89,-10.49,false,true,stop_hit,2026-06-03
1f2bf885a2bc2985:5,1f2bf885a2bc2985,2026-05-06,TRN.MI,stock,trend_pullback,WATCH,100.0,NO_GO,A,risk_on,5,10.2400,2026-05-13,-3.14,0.39,-3.71,false,true,stop_hit,2026-05-13
1f2bf885a2bc2985:10,1f2bf885a2bc2985,2026-05-06,TRN.MI,stock,trend_pullback,WATCH,100.0,NO_GO,A,risk_on,10,10.2400,2026-05-20,-2.68,0.39,-6.27,false,true,stop_hit,2026-05-20
1f2bf885a2bc2985:20,1f2bf885a2bc2985,2026-05-06,TRN.MI,stock,trend_pullback,WATCH,100.0,NO_GO,A,risk_on,20,10.2400,2026-06-03,-4.04,0.39,-6.27,false,true,stop_hit,2026-06-03
a1c6210bec3cd265:5,a1c6210bec3cd265,2026-05-06,TTE.PA,stock,trend_pullback_setup,WATCH,70.0,,,risk_on,5,76.7500,2026-05-13,1.38,2.79,-2.91,false,false,positive,2026-05-13
a1c6210bec3cd265:10,a1c6210bec3cd265,2026-05-06,TTE.PA,stock,trend_pullback_setup,WATCH,70.0,,,risk_on,10,76.7500,2026-05-20,3.73,5.86,-2.91,false,false,positive,2026-05-20
a1c6210bec3cd265:20,a1c6210bec3cd265,2026-05-06,TTE.PA,stock,trend_pullback_setup,WATCH,70.0,,,risk_on,20,76.7500,2026-06-03,1.08,5.86,-2.91,false,false,positive,2026-06-03
44ab568f49ff3d92:5,44ab568f49ff3d92,2026-05-06,UCG.MI,stock,trend_pullback,WATCH,47.8,NO_GO,D,risk_on,5,70.9400,2026-05-13,0.31,2.04,-2.88,false,false,positive,2026-05-13
44ab568f49ff3d92:10,44ab568f49ff3d92,2026-05-06,UCG.MI,stock,trend_pullback,WATCH,47.8,NO_GO,D,risk_on,10,70.9400,2026-05-20,1.87,2.61,-2.88,false,false,positive,2026-05-20
44ab568f49ff3d92:20,44ab568f49ff3d92,2026-05-06,UCG.MI,stock,trend_pullback,WATCH,47.8,NO_GO,D,risk_on,20,70.9400,2026-06-03,3.61,6.19,-2.88,false,false,positive,2026-06-03
e291e6029cda8c5d:5,e291e6029cda8c5d,2026-05-06,WMT,stock,trend_pullback_setup,WATCH,70.0,,,risk_on,5,129.9450,2026-05-13,1.17,1.99,-2.74,false,false,positive,2026-05-14
e291e6029cda8c5d:10,e291e6029cda8c5d,2026-05-06,WMT,stock,trend_pullback_setup,WATCH,70.0,,,risk_on,10,129.9450,2026-05-20,0.70,4.01,-2.74,false,false,positive,2026-05-21
49b553fb69a91104:5,49b553fb69a91104,2026-05-06,XOM,stock,trend_pullback_setup,WATCH,70.0,,,risk_on,5,148.0100,2026-05-13,1.71,1.88,-3.42,false,false,positive,2026-05-18
49b553fb69a91104:10,49b553fb69a91104,2026-05-06,XOM,stock,trend_pullback_setup,WATCH,70.0,,,risk_on,10,148.0100,2026-05-20,5.59,10.59,-3.42,false,false,positive,2026-05-21
601a37e228383e41:5,601a37e228383e41,2026-05-07,ASML.AS,stock,near_breakout_setup,WATCH,70.6,,,risk_on,5,1300.0000,2026-05-14,5.15,5.51,-2.78,false,false,positive,2026-05-14
8804e8f229b25862:5,8804e8f229b25862,2026-05-07,ASML.AS,stock,trend_pullback_setup,WATCH,70.0,,,risk_on,5,1300.0000,2026-05-14,5.15,5.51,-2.78,false,false,positive,2026-05-14
601a37e228383e41:10,601a37e228383e41,2026-05-07,ASML.AS,stock,near_breakout_setup,WATCH,70.6,,,risk_on,10,1300.0000,2026-05-21,3.48,5.51,-4.37,false,false,positive,2026-05-21
8804e8f229b25862:10,8804e8f229b25862,2026-05-07,ASML.AS,stock,trend_pullback_setup,WATCH,70.0,,,risk_on,10,1300.0000,2026-05-21,3.48,5.51,-4.37,false,false,positive,2026-05-21
7aa5607fddfab71f:5,7aa5607fddfab71f,2026-05-07,AVGO,stock,trend_pullback_setup,WATCH,70.0,,,risk_on,5,417.5500,2026-05-14,5.33,5.94,-3.05,false,false,positive,2026-05-15
7aa5607fddfab71f:10,7aa5607fddfab71f,2026-05-07,AVGO,stock,trend_pullback_setup,WATCH,70.0,,,risk_on,10,417.5500,2026-05-21,-0.71,5.94,-3.05,false,false,negative,2026-05-22
8520ea8e64fc104d:5,8520ea8e64fc104d,2026-05-07,CAT,stock,trend_pullback_setup,WATCH,70.0,,,risk_on,5,898.6500,2026-05-14,2.40,3.38,-0.53,false,false,positive,2026-05-15
8520ea8e64fc104d:10,8520ea8e64fc104d,2026-05-07,CAT,stock,trend_pullback_setup,WATCH,70.0,,,risk_on,10,898.6500,2026-05-21,-3.64,3.38,-5.91,false,false,negative,2026-05-22
501ab3f63740a0b2:5,501ab3f63740a0b2,2026-05-07,COST,stock,trend_pullback,WATCH,100.0,GO,A,risk_on,5,1001.0500,2026-05-14,4.02,4.14,-1.59,false,false,positive,2026-05-15
501ab3f63740a0b2:10,501ab3f63740a0b2,2026-05-07,COST,stock,trend_pullback,WATCH,100.0,GO,A,risk_on,10,1001.0500,2026-05-21,4.93,9.53,-1.59,true,false,target_hit,2026-05-22
784e46ae3e0b3ab2:5,784e46ae3e0b3ab2,2026-05-07,EIMI.MI,etf,near_breakout_setup,WATCH,71.0,,,risk_on,5,46.7500,2026-05-14,0.89,0.98,-2.84,false,false,positive,2026-05-14
784e46ae3e0b3ab2:10,784e46ae3e0b3ab2,2026-05-07,EIMI.MI,etf,near_breakout_setup,WATCH,71.0,,,risk_on,10,46.7500,2026-05-21,-1.72,0.98,-4.45,false,false,negative,2026-05-21
7c2cb17e89cd65de:5,7c2cb17e89cd65de,2026-05-07,ENEL.MI,stock,trend_pullback_setup,WATCH,70.0,,,risk_on,5,9.6500,2026-05-14,0.69,2.52,-1.13,false,false,positive,2026-05-14
7c2cb17e89cd65de:10,7c2cb17e89cd65de,2026-05-07,ENEL.MI,stock,trend_pullback_setup,WATCH,70.0,,,risk_on,10,9.6500,2026-05-21,1.14,2.52,-3.44,false,false,positive,2026-05-21
72e8917e480151bd:5,72e8917e480151bd,2026-05-07,ENI.MI,stock,trend_pullback_setup,WATCH,70.0,,,risk_on,5,22.3850,2026-05-14,4.13,5.90,-0.42,false,false,positive,2026-05-18
72e8917e480151bd:10,72e8917e480151bd,2026-05-07,ENI.MI,stock,trend_pullback_setup,WATCH,70.0,,,risk_on,10,22.3850,2026-05-21,6.28,8.15,-0.42,false,false,positive,2026-05-21
33b6f5f8d464ed33:5,33b6f5f8d464ed33,2026-05-07,FBK.MI,stock,trend_pullback_setup,WATCH,70.0,,,risk_on,5,21.5100,2026-05-14,-3.16,-1.46,-5.54,false,false,negative,2026-05-18
33b6f5f8d464ed33:10,33b6f5f8d464ed33,2026-05-07,FBK.MI,stock,trend_pullback_setup,WATCH,70.0,,,risk_on,10,21.5100,2026-05-21,-3.11,-1.46,-6.18,false,false,negative,2026-05-21
db6ba12196d74754:5,db6ba12196d74754,2026-05-07,G.MI,stock,trend_pullback_setup,WATCH,70.0,,,risk_on,5,39.0000,2026-05-14,-3.78,-2.99,-5.55,false,false,negative,2026-05-18
5cdd9e6f6c278c79:5,5cdd9e6f6c278c79,2026-05-07,G.MI,stock,near_breakout_setup,WATCH,67.9,,,risk_on,5,39.0000,2026-05-14,-3.78,-2.99,-5.55,false,false,negative,2026-05-18
db6ba12196d74754:10,db6ba12196d74754,2026-05-07,G.MI,stock,trend_pullback_setup,WATCH,70.0,,,risk_on,10,39.0000,2026-05-21,-1.08,-0.82,-5.89,false,false,negative,2026-05-21
5cdd9e6f6c278c79:10,5cdd9e6f6c278c79,2026-05-07,G.MI,stock,near_breakout_setup,WATCH,67.9,,,risk_on,10,39.0000,2026-05-21,-1.08,-0.82,-5.89,false,false,negative,2026-05-21
58033e85681fd019:5,58033e85681fd019,2026-05-07,LDO.MI,stock,trend_pullback_setup,WATCH,70.0,,,risk_on,5,54.9000,2026-05-14,-9.19,-0.77,-11.39,false,false,negative,2026-05-14
58033e85681fd019:10,58033e85681fd019,2026-05-07,LDO.MI,stock,trend_pullback_setup,WATCH,70.0,,,risk_on,10,54.9000,2026-05-21,-6.47,-0.77,-11.59,false,false,negative,2026-05-21
ba183608a4971435:5,ba183608a4971435,2026-05-07,LLY,stock,trend_pullback_setup,WATCH,70.0,,,risk_on,5,970.2500,2026-05-14,3.58,5.24,-2.95,false,false,positive,2026-05-18
ba183608a4971435:10,ba183608a4971435,2026-05-07,LLY,stock,trend_pullback_setup,WATCH,70.0,,,risk_on,10,970.2500,2026-05-21,7.36,7.94,-2.95,false,false,positive,2026-05-22
1f07c176eb1cb908:5,1f07c176eb1cb908,2026-05-07,MONC.MI,stock,trend_pullback,BUY,100.0,GO,A,risk_on,5,54.8600,2026-05-14,-9.80,-2.50,-12.68,false,true,stop_hit,2026-05-18
1f07c176eb1cb908:10,1f07c176eb1cb908,2026-05-07,MONC.MI,stock,trend_pullback,BUY,100.0,GO,A,risk_on,10,54.8600,2026-05-21,-5.32,-2.50,-13.23,false,true,stop_hit,2026-05-21
384c6137dd06eec0:5,384c6137dd06eec0,2026-05-07,NESN.SW,stock,trend_pullback_setup,WATCH,70.0,,,risk_on,5,77.4800,2026-05-15,0.76,0.76,-2.72,false,false,positive,2026-05-15
384c6137dd06eec0:10,384c6137dd06eec0,2026-05-07,NESN.SW,stock,trend_pullback_setup,WATCH,70.0,,,risk_on,10,77.4800,2026-05-22,1.68,3.64,-2.72,false,false,positive,2026-05-22
5cfd92f94d7c5236:5,5cfd92f94d7c5236,2026-05-07,NOVN.SW,stock,trend_pullback_setup,WATCH,70.0,,,risk_on,5,113.3000,2026-05-15,2.98,4.45,-0.65,false,false,positive,2026-05-15
5cfd92f94d7c5236:10,5cfd92f94d7c5236,2026-05-07,NOVN.SW,stock,trend_pullback_setup,WATCH,70.0,,,risk_on,10,113.3000,2026-05-22,5.44,5.91,-0.65,false,false,positive,2026-05-22
577762a687c4f124:5,577762a687c4f124,2026-05-07,NVDA,stock,trend_pullback,WATCH,74.0,NO_GO,B,risk_on,5,211.3700,2026-05-14,11.53,11.91,0.72,false,false,positive,2026-05-15
577762a687c4f124:10,577762a687c4f124,2026-05-07,NVDA,stock,trend_pullback,WATCH,74.0,NO_GO,B,risk_on,10,211.3700,2026-05-21,3.85,11.91,0.72,false,false,positive,2026-05-22
0604f7089df16d5a:5,0604f7089df16d5a,2026-05-07,PRY.MI,stock,near_breakout_setup,WATCH,56.9,,,risk_on,5,143.6500,2026-05-14,8.84,9.47,-0.80,false,false,positive,2026-05-14
0604f7089df16d5a:10,0604f7089df16d5a,2026-05-07,PRY.MI,stock,near_breakout_setup,WATCH,56.9,,,risk_on,10,143.6500,2026-05-21,3.93,9.47,-4.42,false,false,positive,2026-05-21
e7d12c200bcd961f:5,e7d12c200bcd961f,2026-05-07,PST.MI,stock,trend_pullback,WATCH,100.0,NO_GO,A,risk_on,5,23.3000,2026-05-14,4.64,5.41,-0.39,false,false,positive,2026-05-14
4da47bae7b99b07c:5,4da47bae7b99b07c,2026-05-07,PST.MI,stock,controlled_breakout,WATCH,100.0,GO,A,risk_on,5,23.3000,2026-05-14,4.64,5.41,-0.39,false,false,positive,2026-05-14
e7d12c200bcd961f:10,e7d12c200bcd961f,2026-05-07,PST.MI,stock,trend_pullback,WATCH,100.0,NO_GO,A,risk_on,10,23.3000,2026-05-21,6.48,7.38,-0.39,false,false,positive,2026-05-21
4da47bae7b99b07c:10,4da47bae7b99b07c,2026-05-07,PST.MI,stock,controlled_breakout,WATCH,100.0,GO,A,risk_on,10,23.3000,2026-05-21,6.48,7.38,-0.39,false,false,positive,2026-05-21
b2fc5ed5ffd722cb:5,b2fc5ed5ffd722cb,2026-05-07,ROG.SW,stock,trend_pullback,WATCH,100.0,GO,A,risk_on,5,321.9000,2026-05-15,0.28,1.77,-2.76,false,false,positive,2026-05-18
16ead25ba972f063:5,16ead25ba972f063,2026-05-07,SU.PA,stock,trend_pullback_setup,WATCH,70.0,,,risk_on,5,275.2000,2026-05-14,-1.54,-0.20,-4.54,false,false,negative,2026-05-14
16ead25ba972f063:10,16ead25ba972f063,2026-05-07,SU.PA,stock,trend_pullback_setup,WATCH,70.0,,,risk_on,10,275.2000,2026-05-21,-3.85,-0.20,-8.05,false,false,negative,2026-05-21
f81620da2074c45d:5,f81620da2074c45d,2026-05-07,SWDA.MI,etf,near_breakout_setup,WATCH,56.6,,,risk_on,5,119.6300,2026-05-14,1.97,2.03,-0.49,false,false,positive,2026-05-14
f81620da2074c45d:10,f81620da2074c45d,2026-05-07,SWDA.MI,etf,near_breakout_setup,WATCH,56.6,,,risk_on,10,119.6300,2026-05-21,1.57,2.03,-0.49,false,false,positive,2026-05-21
cdb99659b7a546fd:5,cdb99659b7a546fd,2026-05-07,TRN.MI,stock,trend_pullback_setup,WATCH,70.0,,,risk_on,5,9.9720,2026-05-14,-0.38,1.38,-1.12,false,false,negative,2026-05-14
cdb99659b7a546fd:10,cdb99659b7a546fd,2026-05-07,TRN.MI,stock,trend_pullback_setup,WATCH,70.0,,,risk_on,10,9.9720,2026-05-21,0.98,1.38,-3.75,false,false,positive,2026-05-21
193ceec194b2234b:5,193ceec194b2234b,2026-05-07,TTE.PA,stock,trend_pullback_setup,WATCH,70.0,,,risk_on,5,75.2700,2026-05-14,4.00,4.81,-0.56,false,false,positive,2026-05-14
193ceec194b2234b:10,193ceec194b2234b,2026-05-07,TTE.PA,stock,trend_pullback_setup,WATCH,70.0,,,risk_on,10,75.2700,2026-05-21,6.63,7.94,-0.56,false,false,positive,2026-05-21
8571ac76d0b32c33:5,8571ac76d0b32c33,2026-05-07,UCG.MI,stock,trend_pullback,WATCH,36.7,NO_GO,D,risk_on,5,71.4000,2026-05-14,1.33,1.50,-3.50,false,false,positive,2026-05-14
8571ac76d0b32c33:10,8571ac76d0b32c33,2026-05-07,UCG.MI,stock,trend_pullback,WATCH,36.7,NO_GO,D,risk_on,10,71.4000,2026-05-21,-1.01,1.95,-3.50,false,false,negative,2026-05-21
525bba5f6abdfa8f:5,525bba5f6abdfa8f,2026-05-07,WMT,stock,trend_pullback_setup,WATCH,70.0,,,risk_on,5,129.8550,2026-05-14,2.01,2.25,-2.68,false,false,positive,2026-05-15
525bba5f6abdfa8f:10,525bba5f6abdfa8f,2026-05-07,WMT,stock,trend_pullback_setup,WATCH,70.0,,,risk_on,10,129.8550,2026-05-21,-6.56,4.09,-7.29,false,false,negative,2026-05-22
21c7467ec46f2f9a:5,21c7467ec46f2f9a,2026-05-08,ASML.AS,stock,trend_pullback,WATCH,59.0,NO_GO,D,risk_on,5,1319.4000,2026-05-15,-0.97,3.96,-4.21,false,false,negative,2026-05-15
21c7467ec46f2f9a:10,21c7467ec46f2f9a,2026-05-08,ASML.AS,stock,trend_pullback,WATCH,59.0,NO_GO,D,risk_on,10,1319.4000,2026-05-22,6.79,7.06,-5.78,false,false,positive,2026-05-22
a5b2aebf27f675ac:5,a5b2aebf27f675ac,2026-05-08,AVGO,stock,trend_pullback,WATCH,70.6,NO_GO,C,risk_on,5,428.0450,2026-05-15,-0.67,3.34,-5.43,false,false,negative,2026-05-18
a5b2aebf27f675ac:10,a5b2aebf27f675ac,2026-05-08,AVGO,stock,trend_pullback,WATCH,70.6,NO_GO,C,risk_on,10,428.0450,2026-05-22,-3.25,3.34,-5.43,false,false,negative,2026-05-25
4ae718ec1caabfdf:5,4ae718ec1caabfdf,2026-05-08,CAT,stock,trend_pullback,WATCH,39.0,NO_GO,D,risk_on,5,900.4500,2026-05-15,-1.35,3.17,-2.25,false,false,negative,2026-05-18
4ae718ec1caabfdf:10,4ae718ec1caabfdf,2026-05-08,CAT,stock,trend_pullback,WATCH,39.0,NO_GO,D,risk_on,10,900.4500,2026-05-22,-2.28,3.17,-6.10,false,false,negative,2026-05-25
99272ea58e65e766:5,99272ea58e65e766,2026-05-08,COST,stock,trend_pullback,WATCH,73.9,NO_GO,B,risk_on,5,1014.5650,2026-05-15,3.39,4.23,-2.90,false,false,positive,2026-05-18
99272ea58e65e766:10,99272ea58e65e766,2026-05-08,COST,stock,trend_pullback,WATCH,73.9,NO_GO,B,risk_on,10,1014.5650,2026-05-22,1.35,8.08,-2.90,true,false,target_hit,2026-05-25
66ec892971d6784e:5,66ec892971d6784e,2026-05-08,CSSPX.MI,etf,near_breakout_setup,WATCH,55.9,,,risk_on,5,674.8000,2026-05-15,1.87,2.47,-0.28,false,false,positive,2026-05-15
66ec892971d6784e:10,66ec892971d6784e,2026-05-08,CSSPX.MI,etf,near_breakout_setup,WATCH,55.9,,,risk_on,10,674.8000,2026-05-22,2.96,2.96,-0.28,false,false,positive,2026-05-25
deb0530dcaa2df7d:5,deb0530dcaa2df7d,2026-05-08,EIMI.MI,etf,near_breakout_setup,WATCH,55.6,,,risk_on,5,47.0500,2026-05-15,-2.49,0.34,-3.46,false,false,negative,2026-05-15
deb0530dcaa2df7d:10,deb0530dcaa2df7d,2026-05-08,EIMI.MI,etf,near_breakout_setup,WATCH,55.6,,,risk_on,10,47.0500,2026-05-22,-0.99,0.34,-5.06,false,false,negative,2026-05-22
16701e15e2da6ba1:5,16701e15e2da6ba1,2026-05-08,ENEL.MI,stock,trend_pullback_setup,WATCH,70.0,,,risk_on,5,9.6250,2026-05-15,-1.46,2.78,-1.69,false,false,negative,2026-05-15
16701e15e2da6ba1:10,16701e15e2da6ba1,2026-05-08,ENEL.MI,stock,trend_pullback_setup,WATCH,70.0,,,risk_on,10,9.6250,2026-05-22,0.76,2.78,-3.19,false,false,positive,2026-05-22
38331d5b127490bb:5,38331d5b127490bb,2026-05-08,ENI.MI,stock,trend_pullback_setup,WATCH,70.0,,,risk_on,5,22.7700,2026-05-15,2.11,4.11,-0.11,false,false,positive,2026-05-18
38331d5b127490bb:10,38331d5b127490bb,2026-05-08,ENI.MI,stock,trend_pullback_setup,WATCH,70.0,,,risk_on,10,22.7700,2026-05-22,2.31,6.32,-0.11,false,false,positive,2026-05-22
75fae55cd285ea7a:5,75fae55cd285ea7a,2026-05-08,FBK.MI,stock,trend_pullback,WATCH,79.9,NO_GO,B,risk_on,5,21.5800,2026-05-15,-4.77,-1.78,-5.84,false,true,stop_hit,2026-05-18
75fae55cd285ea7a:10,75fae55cd285ea7a,2026-05-08,FBK.MI,stock,trend_pullback,WATCH,79.9,NO_GO,B,risk_on,10,21.5800,2026-05-22,-2.83,-1.78,-6.49,false,true,stop_hit,2026-05-22
35dc3fdedf2b48f0:5,35dc3fdedf2b48f0,2026-05-08,G.MI,stock,trend_pullback_setup,WATCH,70.0,,,risk_on,5,38.9300,2026-05-15,-4.98,-2.82,-5.72,false,false,negative,2026-05-18
d7d515586f0657a2:5,d7d515586f0657a2,2026-05-08,G.MI,stock,near_breakout_setup,WATCH,67.2,,,risk_on,5,38.9300,2026-05-15,-4.98,-2.82,-5.72,false,false,negative,2026-05-18
35dc3fdedf2b48f0:10,35dc3fdedf2b48f0,2026-05-08,G.MI,stock,trend_pullback_setup,WATCH,70.0,,,risk_on,10,38.9300,2026-05-22,0.03,0.44,-5.72,false,false,positive,2026-05-22
d7d515586f0657a2:10,d7d515586f0657a2,2026-05-08,G.MI,stock,near_breakout_setup,WATCH,67.2,,,risk_on,10,38.9300,2026-05-22,0.03,0.44,-5.72,false,false,positive,2026-05-22
6efb469d40707814:5,6efb469d40707814,2026-05-08,GOOGL,stock,near_breakout_setup,WATCH,52.0,,,risk_on,5,398.8100,2026-05-15,-0.51,1.23,-4.02,false,false,negative,2026-05-18
6efb469d40707814:10,6efb469d40707814,2026-05-08,GOOGL,stock,near_breakout_setup,WATCH,52.0,,,risk_on,10,398.8100,2026-05-22,-3.97,2.46,-4.27,false,false,negative,2026-05-25
7c41aa5aa52c1d8f:5,7c41aa5aa52c1d8f,2026-05-08,LDO.MI,stock,trend_pullback_setup,WATCH,70.0,,,risk_on,5,53.1600,2026-05-15,-7.84,-0.13,-8.49,false,false,negative,2026-05-15
7c41aa5aa52c1d8f:10,7c41aa5aa52c1d8f,2026-05-08,LDO.MI,stock,trend_pullback_setup,WATCH,70.0,,,risk_on,10,53.1600,2026-05-22,-1.58,-0.13,-8.70,false,false,negative,2026-05-22
3a894785360adcbd:5,3a894785360adcbd,2026-05-08,LLY,stock,trend_pullback_setup,WATCH,70.0,,,risk_on,5,955.8200,2026-05-15,5.14,6.83,-1.48,false,false,positive,2026-05-18
3a894785360adcbd:10,3a894785360adcbd,2026-05-08,LLY,stock,trend_pullback_setup,WATCH,70.0,,,risk_on,10,955.8200,2026-05-22,11.42,11.98,-1.48,false,false,positive,2026-05-25
157fb104e6626f9c:5,157fb104e6626f9c,2026-05-08,MONC.MI,stock,trend_pullback_setup,WATCH,70.0,,,risk_on,5,54.5000,2026-05-15,-11.36,-3.07,-12.11,false,false,negative,2026-05-18
157fb104e6626f9c:10,157fb104e6626f9c,2026-05-08,MONC.MI,stock,trend_pullback_setup,WATCH,70.0,,,risk_on,10,54.5000,2026-05-22,-5.47,-3.07,-12.66,false,false,negative,2026-05-22
1bb4b67ba5356b9a:5,1bb4b67ba5356b9a,2026-05-08,NESN.SW,stock,trend_pullback_setup,WATCH,70.0,,,risk_on,5,77.4700,2026-05-18,0.99,1.42,-2.71,false,false,positive,2026-05-18
1bb4b67ba5356b9a:10,1bb4b67ba5356b9a,2026-05-08,NESN.SW,stock,trend_pullback_setup,WATCH,70.0,,,risk_on,10,77.4700,2026-05-26,2.47,3.65,-2.71,false,false,positive,2026-05-26
e0ab1d786982329c:5,e0ab1d786982329c,2026-05-08,NOVN.SW,stock,trend_pullback_setup,WATCH,70.0,,,risk_on,5,113.3600,2026-05-18,3.39,4.39,-0.71,false,false,positive,2026-05-18
e0ab1d786982329c:10,e0ab1d786982329c,2026-05-08,NOVN.SW,stock,trend_pullback_setup,WATCH,70.0,,,risk_on,10,113.3600,2026-05-26,4.48,6.09,-0.71,false,false,positive,2026-05-26
90eaab4ae6906f9f:5,90eaab4ae6906f9f,2026-05-08,NVDA,stock,trend_pullback,WATCH,18.7,NO_GO,D,risk_on,5,215.5000,2026-05-15,4.56,9.76,-0.75,false,false,positive,2026-05-18
90eaab4ae6906f9f:10,90eaab4ae6906f9f,2026-05-08,NVDA,stock,trend_pullback,WATCH,18.7,NO_GO,D,risk_on,10,215.5000,2026-05-22,-0.08,9.76,-0.75,false,false,negative,2026-05-25
8eea1e1dcee37c70:5,8eea1e1dcee37c70,2026-05-08,PST.MI,stock,controlled_breakout,WATCH,94.4,NO_GO,A,risk_on,5,23.7500,2026-05-15,2.02,3.41,-0.59,false,false,positive,2026-05-15
8eea1e1dcee37c70:10,8eea1e1dcee37c70,2026-05-08,PST.MI,stock,controlled_breakout,WATCH,94.4,NO_GO,A,risk_on,10,23.7500,2026-05-22,5.35,5.60,-0.59,true,false,target_hit,2026-05-22
93b48a0923d3fcdd:5,93b48a0923d3fcdd,2026-05-08,ROG.SW,stock,trend_pullback_setup,WATCH,70.0,,,risk_on,5,318.3000,2026-05-18,1.07,2.92,-1.67,false,false,positive,2026-05-19
9493aec52265e91f:5,9493aec52265e91f,2026-05-08,SU.PA,stock,trend_pullback_setup,WATCH,70.0,,,risk_on,5,272.6000,2026-05-15,-3.25,0.75,-4.22,false,false,negative,2026-05-15
9493aec52265e91f:10,9493aec52265e91f,2026-05-08,SU.PA,stock,trend_pullback_setup,WATCH,70.0,,,risk_on,10,272.6000,2026-05-22,-1.30,0.75,-7.17,false,false,negative,2026-05-22
163a898523772304:5,163a898523772304,2026-05-08,SWDA.MI,etf,near_breakout_setup,WATCH,54.0,,,risk_on,5,119.5100,2026-05-15,1.27,2.13,-0.39,false,false,positive,2026-05-15
163a898523772304:10,163a898523772304,2026-05-08,SWDA.MI,etf,near_breakout_setup,WATCH,54.0,,,risk_on,10,119.5100,2026-05-22,2.77,2.79,-0.39,false,false,positive,2026-05-22
b13e328652531f6f:5,b13e328652531f6f,2026-05-08,TRN.MI,stock,trend_pullback_setup,WATCH,70.0,,,risk_on,5,10.0150,2026-05-15,-3.48,0.70,-3.48,false,false,negative,2026-05-15
b13e328652531f6f:10,b13e328652531f6f,2026-05-08,TRN.MI,stock,trend_pullback_setup,WATCH,70.0,,,risk_on,10,10.0150,2026-05-22,-0.65,0.75,-4.16,false,false,negative,2026-05-22
6f68be387c8f0893:5,6f68be387c8f0893,2026-05-08,TTE.PA,stock,trend_pullback_setup,WATCH,70.0,,,risk_on,5,75.8000,2026-05-15,3.80,4.27,0.40,false,false,positive,2026-05-15
6f68be387c8f0893:10,6f68be387c8f0893,2026-05-08,TTE.PA,stock,trend_pullback_setup,WATCH,70.0,,,risk_on,10,75.8000,2026-05-22,3.76,7.19,0.40,false,false,positive,2026-05-22
84d3bea28128bc0c:5,84d3bea28128bc0c,2026-05-08,UCG.MI,stock,trend_pullback_setup,WATCH,70.0,,,risk_on,5,70.5000,2026-05-15,1.08,2.79,-2.27,false,false,positive,2026-05-15
84d3bea28128bc0c:10,84d3bea28128bc0c,2026-05-08,UCG.MI,stock,trend_pullback_setup,WATCH,70.0,,,risk_on,10,70.5000,2026-05-22,2.28,3.25,-2.27,false,false,positive,2026-05-22
bf5516c9e0630378:5,bf5516c9e0630378,2026-05-08,WMT,stock,trend_pullback,WATCH,81.8,NO_GO,B,risk_on,5,131.3550,2026-05-15,0.07,1.98,-3.79,false,false,positive,2026-05-18
bf5516c9e0630378:10,bf5516c9e0630378,2026-05-08,WMT,stock,trend_pullback,WATCH,81.8,NO_GO,B,risk_on,10,131.3550,2026-05-22,-8.44,2.90,-9.47,false,true,stop_hit,2026-05-25
ac0bd0acf300596d:5,ac0bd0acf300596d,2026-05-11,AAPL,stock,near_breakout_setup,WATCH,66.0,,,risk_on,5,292.2250,2026-05-18,1.92,3.76,0.11,false,false,positive,2026-05-19
ac0bd0acf300596d:10,ac0bd0acf300596d,2026-05-11,AAPL,stock,near_breakout_setup,WATCH,66.0,,,risk_on,10,292.2250,2026-05-26,5.51,6.71,0.11,false,false,positive,2026-05-27
d40588c7620ac322:5,d40588c7620ac322,2026-05-11,ASML.AS,stock,trend_pullback_setup,WATCH,70.0,,,risk_on,5,1305.6000,2026-05-18,-3.16,5.06,-3.54,false,false,negative,2026-05-19
d40588c7620ac322:10,d40588c7620ac322,2026-05-11,ASML.AS,stock,trend_pullback_setup,WATCH,70.0,,,risk_on,10,1305.6000,2026-05-25,9.57,10.06,-4.78,false,false,positive,2026-05-25
ebc51512a6d895e4:5,ebc51512a6d895e4,2026-05-11,AVGO,stock,trend_pullback_setup,WATCH,70.0,,,risk_on,5,429.0848,2026-05-18,-1.95,3.09,-5.66,false,false,negative,2026-05-19
ebc51512a6d895e4:10,ebc51512a6d895e4,2026-05-11,AVGO,stock,trend_pullback_setup,WATCH,70.0,,,risk_on,10,429.0848,2026-05-26,-1.65,3.09,-5.66,false,false,negative,2026-05-27
fc39d1231d742bd5:5,fc39d1231d742bd5,2026-05-11,COST,stock,trend_pullback_setup,WATCH,70.0,,,risk_on,5,992.0300,2026-05-18,8.51,8.85,0.92,false,false,positive,2026-05-19
fc39d1231d742bd5:10,fc39d1231d742bd5,2026-05-11,COST,stock,trend_pullback_setup,WATCH,70.0,,,risk_on,10,992.0300,2026-05-26,1.10,10.53,0.42,false,false,positive,2026-05-27
fb907c125efdccb1:5,fb907c125efdccb1,2026-05-11,EIMI.MI,etf,near_breakout_setup,WATCH,57.6,,,risk_on,5,47.2100,2026-05-18,-3.53,-0.02,-3.79,false,false,negative,2026-05-18
fb907c125efdccb1:10,fb907c125efdccb1,2026-05-11,EIMI.MI,etf,near_breakout_setup,WATCH,57.6,,,risk_on,10,47.2100,2026-05-25,0.39,0.61,-5.38,false,false,positive,2026-05-25
481ab0c82f300268:5,481ab0c82f300268,2026-05-11,ENEL.MI,stock,trend_pullback,BUY,100.0,GO,A,risk_on,5,9.8830,2026-05-18,-2.70,0.10,-5.72,false,true,stop_hit,2026-05-18
481ab0c82f300268:10,481ab0c82f300268,2026-05-11,ENEL.MI,stock,trend_pullback,BUY,100.0,GO,A,risk_on,10,9.8830,2026-05-25,-0.85,0.10,-5.72,false,true,stop_hit,2026-05-25
4418a36e412cdbb6:5,4418a36e412cdbb6,2026-05-11,ENI.MI,stock,trend_pullback,WATCH,100.0,GO,A,risk_on,5,23.4600,2026-05-18,2.30,2.30,-1.51,false,false,positive,2026-05-18
4418a36e412cdbb6:10,4418a36e412cdbb6,2026-05-11,ENI.MI,stock,trend_pullback,WATCH,100.0,GO,A,risk_on,10,23.4600,2026-05-25,-1.79,3.20,-3.28,false,false,negative,2026-05-25
47c5c944d8dc3da2:5,47c5c944d8dc3da2,2026-05-11,FBK.MI,stock,trend_pullback,WATCH,100.0,GO,A,risk_on,5,21.9200,2026-05-18,-4.74,-4.36,-7.30,false,true,stop_hit,2026-05-18
47c5c944d8dc3da2:10,47c5c944d8dc3da2,2026-05-11,FBK.MI,stock,trend_pullback,WATCH,100.0,GO,A,risk_on,10,21.9200,2026-05-25,-3.60,-2.87,-7.94,false,true,stop_hit,2026-05-25
dab8c631b12a5120:5,dab8c631b12a5120,2026-05-11,G.MI,stock,near_breakout_setup,WATCH,68.4,,,risk_on,5,39.4200,2026-05-18,-4.72,-4.25,-6.89,false,false,negative,2026-05-18
dab8c631b12a5120:10,dab8c631b12a5120,2026-05-11,G.MI,stock,near_breakout_setup,WATCH,68.4,,,risk_on,10,39.4200,2026-05-25,-0.76,-0.30,-6.89,false,false,negative,2026-05-25
1de0aaf46779e754:5,1de0aaf46779e754,2026-05-11,LLY,stock,trend_pullback,WATCH,40.5,NO_GO,D,risk_on,5,976.4700,2026-05-18,1.19,4.57,-0.71,false,false,positive,2026-05-19
1de0aaf46779e754:10,1de0aaf46779e754,2026-05-11,LLY,stock,trend_pullback,WATCH,40.5,NO_GO,D,risk_on,10,976.4700,2026-05-26,9.04,10.81,-0.71,false,false,positive,2026-05-27
865abcc9db1d117d:5,865abcc9db1d117d,2026-05-11,NESN.SW,stock,trend_pullback_setup,WATCH,70.0,,,risk_on,5,76.1000,2026-05-19,4.99,5.52,-0.96,false,false,positive,2026-05-19
865abcc9db1d117d:10,865abcc9db1d117d,2026-05-11,NESN.SW,stock,trend_pullback_setup,WATCH,70.0,,,risk_on,10,76.1000,2026-05-27,6.53,6.53,-0.96,false,false,positive,2026-05-27
32c0f085ddb52d3c:5,32c0f085ddb52d3c,2026-05-11,NOVN.SW,stock,trend_pullback_setup,WATCH,70.0,,,risk_on,5,113.7000,2026-05-19,4.70,5.24,-1.00,false,false,positive,2026-05-19
32c0f085ddb52d3c:10,32c0f085ddb52d3c,2026-05-11,NOVN.SW,stock,trend_pullback_setup,WATCH,70.0,,,risk_on,10,113.7000,2026-05-27,5.17,5.77,-1.00,false,false,positive,2026-05-27
feb7cdd732759960:5,feb7cdd732759960,2026-05-11,PST.MI,stock,controlled_breakout,WATCH,100.0,NO_GO,A,risk_on,5,24.2300,2026-05-18,1.69,2.43,-1.90,false,false,positive,2026-05-18
feb7cdd732759960:10,feb7cdd732759960,2026-05-11,PST.MI,stock,controlled_breakout,WATCH,100.0,NO_GO,A,risk_on,10,24.2300,2026-05-25,4.62,4.62,-1.90,false,false,positive,2026-05-25
be7fae5226ff4d6e:5,be7fae5226ff4d6e,2026-05-11,SU.PA,stock,trend_pullback,WATCH,100.0,GO,A,risk_on,5,274.6500,2026-05-18,-4.99,-1.07,-5.44,false,false,negative,2026-05-18
be7fae5226ff4d6e:10,be7fae5226ff4d6e,2026-05-11,SU.PA,stock,trend_pullback,WATCH,100.0,GO,A,risk_on,10,274.6500,2026-05-25,0.96,1.42,-7.86,false,true,stop_hit,2026-05-25
a362043eb4328e5f:5,a362043eb4328e5f,2026-05-11,SWDA.MI,etf,near_breakout_setup,WATCH,52.8,,,risk_on,5,119.9400,2026-05-18,0.38,1.77,-0.75,false,false,positive,2026-05-18
a362043eb4328e5f:10,a362043eb4328e5f,2026-05-11,SWDA.MI,etf,near_breakout_setup,WATCH,52.8,,,risk_on,10,119.9400,2026-05-25,3.00,3.10,-0.75,false,false,positive,2026-05-25
e931f5d5cd5dd4a4:5,e931f5d5cd5dd4a4,2026-05-11,TRN.MI,stock,trend_pullback_setup,WATCH,70.0,,,risk_on,5,10.0250,2026-05-18,-2.00,-0.05,-4.26,false,false,negative,2026-05-18
e931f5d5cd5dd4a4:10,e931f5d5cd5dd4a4,2026-05-11,TRN.MI,stock,trend_pullback_setup,WATCH,70.0,,,risk_on,10,10.0250,2026-05-25,0.35,0.65,-4.26,false,false,positive,2026-05-25
5b8b68ec5c6c45da:5,5b8b68ec5c6c45da,2026-05-11,TTE.PA,stock,trend_pullback_setup,WATCH,70.0,,,risk_on,5,76.9100,2026-05-18,4.37,4.37,0.08,false,false,positive,2026-05-18
5b8b68ec5c6c45da:10,5b8b68ec5c6c45da,2026-05-11,TTE.PA,stock,trend_pullback_setup,WATCH,70.0,,,risk_on,10,76.9100,2026-05-25,0.99,5.64,-0.20,false,false,positive,2026-05-25
2bb038cd64214ce0:5,2bb038cd64214ce0,2026-05-11,UCG.MI,stock,trend_pullback,WATCH,46.7,NO_GO,D,risk_on,5,70.7300,2026-05-18,1.03,2.46,-2.59,false,false,positive,2026-05-18
2bb038cd64214ce0:10,2bb038cd64214ce0,2026-05-11,UCG.MI,stock,trend_pullback,WATCH,46.7,NO_GO,D,risk_on,10,70.7300,2026-05-25,4.75,5.57,-2.59,false,false,positive,2026-05-25
c2f6e86eaae5435f:5,c2f6e86eaae5435f,2026-05-11,WMT,stock,trend_pullback_setup,WATCH,70.0,,,risk_on,5,127.1500,2026-05-18,4.87,5.35,0.45,false,false,positive,2026-05-19
c2f6e86eaae5435f:10,c2f6e86eaae5435f,2026-05-11,WMT,stock,trend_pullback_setup,WATCH,70.0,,,risk_on,10,127.1500,2026-05-26,-6.75,6.30,-7.26,false,false,negative,2026-05-27
611cc699bdc955ca:5,611cc699bdc955ca,2026-05-11,XOM,stock,trend_pullback_setup,WATCH,70.0,,,risk_on,5,148.2000,2026-05-18,8.29,9.13,0.32,false,false,positive,2026-05-19
611cc699bdc955ca:10,611cc699bdc955ca,2026-05-11,XOM,stock,trend_pullback_setup,WATCH,70.0,,,risk_on,10,148.2000,2026-05-26,1.09,10.45,0.32,false,false,positive,2026-05-27
25a509b85fea7764:5,25a509b85fea7764,2026-05-12,AAPL,stock,near_breakout_setup,WATCH,66.0,,,risk_on,5,294.0900,2026-05-19,1.66,3.10,-0.20,false,false,positive,2026-05-20
25a509b85fea7764:10,25a509b85fea7764,2026-05-12,AAPL,stock,near_breakout_setup,WATCH,66.0,,,risk_on,10,294.0900,2026-05-27,5.70,6.52,-0.20,false,false,positive,2026-05-28
ada7ba51f9c904b0:5,ada7ba51f9c904b0,2026-05-12,AMZN,stock,trend_pullback_setup,WATCH,70.0,,,risk_on,5,263.7500,2026-05-19,-1.67,2.67,-3.25,false,false,negative,2026-05-20
ada7ba51f9c904b0:10,ada7ba51f9c904b0,2026-05-12,AMZN,stock,trend_pullback_setup,WATCH,70.0,,,risk_on,10,263.7500,2026-05-27,3.07,3.28,-3.25,false,false,positive,2026-05-28
74db30ffa95e5854:5,74db30ffa95e5854,2026-05-12,ASML.AS,stock,trend_pullback_setup,WATCH,70.0,,,risk_on,5,1265.8000,2026-05-19,-1.33,8.36,-1.79,false,false,negative,2026-05-19
74db30ffa95e5854:10,74db30ffa95e5854,2026-05-12,ASML.AS,stock,trend_pullback_setup,WATCH,70.0,,,risk_on,10,1265.8000,2026-05-26,9.80,13.53,-1.79,false,false,positive,2026-05-26
2375d4df2fab3977:5,2375d4df2fab3977,2026-05-12,AVGO,stock,trend_pullback_setup,WATCH,70.0,,,risk_on,5,412.3650,2026-05-19,-0.31,7.27,-1.83,false,false,negative,2026-05-20
2375d4df2fab3977:10,2375d4df2fab3977,2026-05-12,AVGO,stock,trend_pullback_setup,WATCH,70.0,,,risk_on,10,412.3650,2026-05-27,2.30,7.27,-1.83,false,false,positive,2026-05-28
c25bbd5f2b23d8cd:5,c25bbd5f2b23d8cd,2026-05-12,COST,stock,trend_pullback,WATCH,79.1,,,risk_on,5,1019.0600,2026-05-19,7.39,7.60,-0.11,true,false,target_hit,2026-05-20
c25bbd5f2b23d8cd:10,c25bbd5f2b23d8cd,2026-05-12,COST,stock,trend_pullback,WATCH,79.1,,,risk_on,10,1019.0600,2026-05-27,-1.51,7.60,-2.25,true,false,target_hit,2026-05-28
a490b449a3899fba:5,a490b449a3899fba,2026-05-12,CSSPX.MI,etf,near_breakout_setup,WATCH,61.7,,,risk_on,5,673.5300,2026-05-19,1.10,2.67,0.64,false,false,positive,2026-05-19
a490b449a3899fba:10,a490b449a3899fba,2026-05-12,CSSPX.MI,etf,near_breakout_setup,WATCH,61.7,,,risk_on,10,673.5300,2026-05-26,3.28,3.57,0.64,false,false,positive,2026-05-26
ce4e9c029897351b:5,ce4e9c029897351b,2026-05-12,EIMI.MI,etf,trend_pullback_setup,WATCH,70.0,,,risk_on,5,45.5400,2026-05-19,-1.22,3.65,-1.91,false,false,negative,2026-05-19
ce4e9c029897351b:10,ce4e9c029897351b,2026-05-12,EIMI.MI,etf,trend_pullback_setup,WATCH,70.0,,,risk_on,10,45.5400,2026-05-26,4.96,5.36,-1.91,false,false,positive,2026-05-26
650a859f1001e838:5,650a859f1001e838,2026-05-12,ENEL.MI,stock,trend_pullback_setup,WATCH,70.0,,,risk_on,5,9.7220,2026-05-19,-1.69,1.76,-4.16,false,false,negative,2026-05-19
650a859f1001e838:10,650a859f1001e838,2026-05-12,ENEL.MI,stock,trend_pullback_setup,WATCH,70.0,,,risk_on,10,9.7220,2026-05-26,1.07,1.76,-4.16,false,false,positive,2026-05-26
4b9ba15c5bf5cf4b:5,4b9ba15c5bf5cf4b,2026-05-12,ENI.MI,stock,trend_pullback,WATCH,85.5,,,risk_on,5,23.6700,2026-05-19,0.80,2.28,-2.38,false,false,positive,2026-05-19
4b9ba15c5bf5cf4b:10,4b9ba15c5bf5cf4b,2026-05-12,ENI.MI,stock,trend_pullback,WATCH,85.5,,,risk_on,10,23.6700,2026-05-26,-2.11,2.28,-4.14,false,false,negative,2026-05-26
f22abf6e48541004:5,f22abf6e48541004,2026-05-12,EQQQ.MI,etf,near_breakout_setup,WATCH,52.0,,,risk_on,5,600.4100,2026-05-19,0.75,3.50,0.31,false,false,positive,2026-05-19
f22abf6e48541004:10,f22abf6e48541004,2026-05-12,EQQQ.MI,etf,near_breakout_setup,WATCH,52.0,,,risk_on,10,600.4100,2026-05-26,4.87,5.23,0.31,false,false,positive,2026-05-26
d56e18d9ca768f28:5,d56e18d9ca768f28,2026-05-12,FBK.MI,stock,trend_pullback_setup,WATCH,70.0,,,risk_on,5,21.4700,2026-05-19,-3.91,-1.49,-5.36,false,false,negative,2026-05-19
d56e18d9ca768f28:10,d56e18d9ca768f28,2026-05-12,FBK.MI,stock,trend_pullback_setup,WATCH,70.0,,,risk_on,10,21.4700,2026-05-26,-1.96,-0.84,-6.01,false,false,negative,2026-05-26
167e3849f638de42:5,167e3849f638de42,2026-05-12,G.MI,stock,trend_pullback_setup,WATCH,70.0,,,risk_on,5,38.7600,2026-05-19,-3.56,-2.61,-5.31,false,false,negative,2026-05-19
167e3849f638de42:10,167e3849f638de42,2026-05-12,G.MI,stock,trend_pullback_setup,WATCH,70.0,,,risk_on,10,38.7600,2026-05-26,-0.31,1.39,-5.31,false,false,negative,2026-05-26
13f1032848b61eaa:5,13f1032848b61eaa,2026-05-12,JNJ,stock,trend_pullback_setup,WATCH,70.0,,,risk_on,5,226.0250,2026-05-19,1.18,2.12,-0.83,false,false,positive,2026-05-27
13f1032848b61eaa:10,13f1032848b61eaa,2026-05-12,JNJ,stock,trend_pullback_setup,WATCH,70.0,,,risk_on,10,226.0250,2026-05-27,2.33,3.60,-0.83,false,false,positive,2026-05-28
fc30495836410cd5:5,fc30495836410cd5,2026-05-12,LLY,stock,trend_pullback,WATCH,78.2,,,risk_on,5,994.1450,2026-05-19,2.74,2.78,-1.54,false,false,positive,2026-05-20
fc30495836410cd5:10,fc30495836410cd5,2026-05-12,LLY,stock,trend_pullback,WATCH,78.2,,,risk_on,10,994.1450,2026-05-27,8.93,9.94,-1.54,false,false,positive,2026-05-28
7a550c453cda57ab:5,7a550c453cda57ab,2026-05-12,NESN.SW,stock,trend_pullback_setup,WATCH,70.0,,,risk_on,5,77.3200,2026-05-20,1.71,3.85,-1.37,false,false,positive,2026-05-20
7a550c453cda57ab:10,7a550c453cda57ab,2026-05-12,NESN.SW,stock,trend_pullback_setup,WATCH,70.0,,,risk_on,10,77.3200,2026-05-28,3.25,4.85,-1.37,false,false,positive,2026-05-28
fc40773520bf10e5:5,fc40773520bf10e5,2026-05-12,NOVN.SW,stock,trend_pullback,WATCH,79.9,,,risk_on,5,115.9000,2026-05-20,2.28,3.54,-0.16,false,false,positive,2026-05-20
fc40773520bf10e5:10,fc40773520bf10e5,2026-05-12,NOVN.SW,stock,trend_pullback,WATCH,79.9,,,risk_on,10,115.9000,2026-05-28,2.04,3.76,-0.16,false,false,positive,2026-05-28
d3a2bb8e046dfcd1:5,d3a2bb8e046dfcd1,2026-05-12,NVDA,stock,trend_pullback_setup,WATCH,70.0,,,risk_on,5,217.5900,2026-05-19,1.39,8.71,0.15,false,false,positive,2026-05-20
d3a2bb8e046dfcd1:10,d3a2bb8e046dfcd1,2026-05-12,NVDA,stock,trend_pullback_setup,WATCH,70.0,,,risk_on,10,217.5900,2026-05-27,-2.29,8.71,-4.05,false,false,negative,2026-05-28
42f556429a656c71:5,42f556429a656c71,2026-05-12,PST.MI,stock,near_breakout_setup,WATCH,71.3,,,risk_on,5,24.1100,2026-05-19,1.87,3.19,-1.41,false,false,positive,2026-05-19
42f556429a656c71:10,42f556429a656c71,2026-05-12,PST.MI,stock,near_breakout_setup,WATCH,71.3,,,risk_on,10,24.1100,2026-05-26,5.47,5.60,-1.41,false,false,positive,2026-05-26
2de4fdd283aa9d4a:5,2de4fdd283aa9d4a,2026-05-12,SU.PA,stock,trend_pullback_setup,WATCH,70.0,,,risk_on,5,265.3000,2026-05-19,-3.58,2.41,-4.62,false,false,negative,2026-05-19
2de4fdd283aa9d4a:10,2de4fdd283aa9d4a,2026-05-12,SU.PA,stock,trend_pullback_setup,WATCH,70.0,,,risk_on,10,265.3000,2026-05-26,2.98,4.99,-4.62,false,false,positive,2026-05-26
818845ccf1fb8baa:5,818845ccf1fb8baa,2026-05-12,SWDA.MI,etf,near_breakout_setup,WATCH,67.1,,,risk_on,5,119.1800,2026-05-19,0.94,2.42,0.58,false,false,positive,2026-05-19
818845ccf1fb8baa:10,818845ccf1fb8baa,2026-05-12,SWDA.MI,etf,near_breakout_setup,WATCH,67.1,,,risk_on,10,119.1800,2026-05-26,3.31,3.76,0.58,false,false,positive,2026-05-26
3949579a3f7cda5e:5,3949579a3f7cda5e,2026-05-12,TRN.MI,stock,trend_pullback_setup,WATCH,70.0,,,risk_on,5,9.9460,2026-05-19,-0.70,0.59,-3.50,false,false,negative,2026-05-19
3949579a3f7cda5e:10,3949579a3f7cda5e,2026-05-12,TRN.MI,stock,trend_pullback_setup,WATCH,70.0,,,risk_on,10,9.9460,2026-05-26,1.00,2.40,-3.50,false,false,positive,2026-05-26
9206465f55207e7e:5,9206465f55207e7e,2026-05-12,TTE.PA,stock,trend_pullback,WATCH,92.6,,,risk_on,5,78.3000,2026-05-19,1.90,2.98,-0.83,false,false,positive,2026-05-19
9206465f55207e7e:10,9206465f55207e7e,2026-05-12,TTE.PA,stock,trend_pullback,WATCH,92.6,,,risk_on,10,78.3000,2026-05-26,-0.10,3.77,-1.97,false,false,negative,2026-05-26
daea682c0b8949c3:5,daea682c0b8949c3,2026-05-12,UCG.MI,stock,trend_pullback_setup,WATCH,70.0,,,risk_on,5,70.1100,2026-05-19,0.50,3.37,-0.26,false,false,positive,2026-05-19
daea682c0b8949c3:10,daea682c0b8949c3,2026-05-12,UCG.MI,stock,trend_pullback_setup,WATCH,70.0,,,risk_on,10,70.1100,2026-05-26,4.78,6.50,-0.76,false,false,positive,2026-05-26
f20b50e772e30c9e:5,f20b50e772e30c9e,2026-05-12,WMT,stock,trend_pullback,WATCH,86.2,,,risk_on,5,130.2700,2026-05-19,3.02,3.75,-1.15,false,false,positive,2026-05-20
f20b50e772e30c9e:10,f20b50e772e30c9e,2026-05-12,WMT,stock,trend_pullback,WATCH,86.2,,,risk_on,10,130.2700,2026-05-27,-9.00,3.75,-9.48,false,true,stop_hit,2026-05-28
0ca5cd2dc6c2e973:5,0ca5cd2dc6c2e973,2026-05-12,XOM,stock,trend_pullback,WATCH,82.1,,,risk_on,5,151.4200,2026-05-19,7.35,7.86,-1.82,false,false,positive,2026-05-20
0ca5cd2dc6c2e973:10,0ca5cd2dc6c2e973,2026-05-12,XOM,stock,trend_pullback,WATCH,82.1,,,risk_on,10,151.4200,2026-05-27,-2.32,8.10,-3.74,false,false,negative,2026-05-28
06b32ce707c25d3e:5,06b32ce707c25d3e,2026-05-13,AMZN,stock,trend_pullback,WATCH,79.2,,,risk_on,5,268.7900,2026-05-20,-1.41,0.74,-5.06,false,true,stop_hit,2026-05-21
06b32ce707c25d3e:10,06b32ce707c25d3e,2026-05-13,AMZN,stock,trend_pullback,WATCH,79.2,,,risk_on,10,268.7900,2026-05-28,1.94,2.12,-5.06,false,true,stop_hit,2026-05-29
e0d41a69f8f8e3bd:5,e0d41a69f8f8e3bd,2026-05-13,ASML.AS,stock,trend_pullback,WATCH,80.5,,,risk_on,5,1327.0000,2026-05-20,0.45,3.36,-6.31,false,false,positive,2026-05-20
e0d41a69f8f8e3bd:10,e0d41a69f8f8e3bd,2026-05-13,ASML.AS,stock,trend_pullback,WATCH,80.5,,,risk_on,10,1327.0000,2026-05-27,3.72,8.29,-6.31,false,false,positive,2026-05-27
b0bb938536da6cfb:5,b0bb938536da6cfb,2026-05-13,AVGO,stock,trend_pullback_setup,WATCH,70.0,,,risk_on,5,414.8400,2026-05-20,0.70,6.63,-2.16,false,false,positive,2026-05-21
b0bb938536da6cfb:10,b0bb938536da6cfb,2026-05-13,AVGO,stock,trend_pullback_setup,WATCH,70.0,,,risk_on,10,414.8400,2026-05-28,2.83,6.63,-2.16,false,false,positive,2026-05-29
d6fa01649956fd7f:5,d6fa01649956fd7f,2026-05-13,COST,stock,trend_pullback,WATCH,79.3,,,risk_on,5,1025.3210,2026-05-20,4.75,6.94,0.08,false,false,positive,2026-05-21
d6fa01649956fd7f:10,d6fa01649956fd7f,2026-05-13,COST,stock,trend_pullback,WATCH,79.3,,,risk_on,10,1025.3210,2026-05-28,-2.94,6.94,-3.03,false,false,negative,2026-05-29
7004bec7d50c270b:5,7004bec7d50c270b,2026-05-13,EIMI.MI,etf,trend_pullback,WATCH,81.0,,,risk_on,5,46.7900,2026-05-20,-2.02,0.88,-4.53,false,true,stop_hit,2026-05-20
7004bec7d50c270b:10,7004bec7d50c270b,2026-05-13,EIMI.MI,etf,trend_pullback,WATCH,81.0,,,risk_on,10,46.7900,2026-05-27,2.24,3.57,-4.53,false,true,stop_hit,2026-05-27
44d579f116e6627d:5,44d579f116e6627d,2026-05-13,ENEL.MI,stock,trend_pullback_setup,WATCH,70.0,,,risk_on,5,9.7370,2026-05-20,-0.70,0.58,-4.30,false,false,negative,2026-05-20
44d579f116e6627d:10,44d579f116e6627d,2026-05-13,ENEL.MI,stock,trend_pullback_setup,WATCH,70.0,,,risk_on,10,9.7370,2026-05-27,-1.51,1.55,-4.30,false,false,negative,2026-05-27
f0d4e8314399b10d:5,f0d4e8314399b10d,2026-05-13,ENI.MI,stock,trend_pullback_setup,WATCH,70.0,,,risk_on,5,23.5700,2026-05-20,-0.13,2.72,-1.97,false,false,negative,2026-05-20
f0d4e8314399b10d:10,f0d4e8314399b10d,2026-05-13,ENI.MI,stock,trend_pullback_setup,WATCH,70.0,,,risk_on,10,23.5700,2026-05-27,-4.45,2.72,-5.49,false,false,negative,2026-05-27
4b1db7f9ae171961:5,4b1db7f9ae171961,2026-05-13,FBK.MI,stock,trend_pullback_setup,WATCH,70.0,,,risk_on,5,21.4300,2026-05-20,-1.45,-1.17,-5.83,false,false,negative,2026-05-21
4b1db7f9ae171961:10,4b1db7f9ae171961,2026-05-13,FBK.MI,stock,trend_pullback_setup,WATCH,70.0,,,risk_on,10,21.4300,2026-05-27,-1.17,0.05,-5.83,false,false,negative,2026-05-27
70b31ba9d81a4947:5,70b31ba9d81a4947,2026-05-13,G.MI,stock,trend_pullback,WATCH,81.7,,,risk_on,5,38.8800,2026-05-20,-3.37,-2.70,-5.60,false,true,stop_hit,2026-05-20
70b31ba9d81a4947:10,70b31ba9d81a4947,2026-05-13,G.MI,stock,trend_pullback,WATCH,81.7,,,risk_on,10,38.8800,2026-05-27,-0.41,1.08,-5.60,false,true,stop_hit,2026-05-27
0fb04ae8667242a3:5,0fb04ae8667242a3,2026-05-13,GOOGL,stock,near_breakout_setup,WATCH,66.0,,,risk_on,5,398.8409,2026-05-20,-2.49,2.45,-4.00,false,false,negative,2026-05-21
0fb04ae8667242a3:10,0fb04ae8667242a3,2026-05-13,GOOGL,stock,near_breakout_setup,WATCH,66.0,,,risk_on,10,398.8409,2026-05-28,-2.18,2.45,-4.28,false,false,negative,2026-05-29
bd0925a05abf48a9:5,bd0925a05abf48a9,2026-05-13,JNJ,stock,trend_pullback,WATCH,83.2,,,risk_on,5,229.2550,2026-05-20,-0.54,0.68,-2.04,false,false,negative,2026-05-27
bd0925a05abf48a9:10,bd0925a05abf48a9,2026-05-13,JNJ,stock,trend_pullback,WATCH,83.2,,,risk_on,10,229.2550,2026-05-28,0.67,2.14,-2.04,false,false,positive,2026-05-29
9980c2b649211e57:5,9980c2b649211e57,2026-05-13,LLY,stock,trend_pullback,WATCH,72.7,,,risk_on,5,1005.7050,2026-05-20,1.31,3.20,-2.67,false,false,positive,2026-05-21
9980c2b649211e57:10,9980c2b649211e57,2026-05-13,LLY,stock,trend_pullback,WATCH,72.7,,,risk_on,10,1005.7050,2026-05-28,12.04,14.26,-2.67,true,false,target_hit,2026-05-29
5845fb9fba333033:5,5845fb9fba333033,2026-05-13,NESN.SW,stock,trend_pullback_setup,WATCH,70.0,,,risk_on,5,76.8800,2026-05-21,2.50,4.45,0.25,false,false,positive,2026-05-21
5845fb9fba333033:10,5845fb9fba333033,2026-05-13,NESN.SW,stock,trend_pullback_setup,WATCH,70.0,,,risk_on,10,76.8800,2026-05-29,3.33,5.45,0.25,false,false,positive,2026-05-29
423fdf22a7771cd3:5,423fdf22a7771cd3,2026-05-13,NOVN.SW,stock,trend_pullback,WATCH,84.6,,,risk_on,5,116.8000,2026-05-21,2.09,2.74,-0.92,false,false,positive,2026-05-21
423fdf22a7771cd3:10,423fdf22a7771cd3,2026-05-13,NOVN.SW,stock,trend_pullback,WATCH,84.6,,,risk_on,10,116.8000,2026-05-29,0.87,2.96,-0.92,false,false,positive,2026-05-29
5e853968e14f730e:5,5e853968e14f730e,2026-05-13,PST.MI,stock,near_breakout_setup,WATCH,68.1,,,risk_on,5,24.0100,2026-05-20,3.21,3.79,0.25,false,false,positive,2026-05-20
5e853968e14f730e:10,5e853968e14f730e,2026-05-13,PST.MI,stock,near_breakout_setup,WATCH,68.1,,,risk_on,10,24.0100,2026-05-27,4.96,6.46,0.25,false,false,positive,2026-05-27
ccf31f33d1c16f96:5,ccf31f33d1c16f96,2026-05-13,SU.PA,stock,trend_pullback_setup,WATCH,70.0,,,risk_on,5,268.4000,2026-05-20,-1.42,1.23,-5.72,false,false,negative,2026-05-20
ccf31f33d1c16f96:10,ccf31f33d1c16f96,2026-05-13,SU.PA,stock,trend_pullback_setup,WATCH,70.0,,,risk_on,10,268.4000,2026-05-27,0.20,3.78,-5.72,false,false,positive,2026-05-27
6e52c3ddb6d09f28:5,6e52c3ddb6d09f28,2026-05-13,SWDA.MI,etf,controlled_breakout,WATCH,74.2,,,risk_on,5,120.4300,2026-05-20,0.76,1.35,-0.45,false,false,positive,2026-05-20
6e52c3ddb6d09f28:10,6e52c3ddb6d09f28,2026-05-13,SWDA.MI,etf,controlled_breakout,WATCH,74.2,,,risk_on,10,120.4300,2026-05-27,2.02,2.68,-0.45,true,false,target_hit,2026-05-27
e723f7a25844831d:5,e723f7a25844831d,2026-05-13,TRN.MI,stock,trend_pullback_setup,WATCH,70.0,,,risk_on,5,9.9180,2026-05-20,0.48,0.88,-3.23,false,false,positive,2026-05-20
e723f7a25844831d:10,e723f7a25844831d,2026-05-13,TRN.MI,stock,trend_pullback_setup,WATCH,70.0,,,risk_on,10,9.9180,2026-05-27,-0.48,2.69,-3.23,false,false,negative,2026-05-27
9b9db00bccee11f7:5,9b9db00bccee11f7,2026-05-13,TTE.PA,stock,trend_pullback_setup,WATCH,70.0,,,risk_on,5,77.8100,2026-05-20,2.31,4.42,-0.21,false,false,positive,2026-05-20
9b9db00bccee11f7:10,9b9db00bccee11f7,2026-05-13,TTE.PA,stock,trend_pullback_setup,WATCH,70.0,,,risk_on,10,77.8100,2026-05-27,-3.07,4.42,-4.09,false,false,negative,2026-05-27
4aa3e3287cd56226:5,4aa3e3287cd56226,2026-05-13,WMT,stock,trend_pullback,WATCH,86.1,,,risk_on,5,130.4500,2026-05-20,0.31,3.61,-0.09,false,false,positive,2026-05-21
4aa3e3287cd56226:10,4aa3e3287cd56226,2026-05-13,WMT,stock,trend_pullback,WATCH,86.1,,,risk_on,10,130.4500,2026-05-28,-8.85,3.61,-10.06,false,true,stop_hit,2026-05-29
a9e7fd9204c23a9e:5,a9e7fd9204c23a9e,2026-05-13,XOM,stock,trend_pullback,WATCH,81.8,,,risk_on,5,150.8600,2026-05-20,3.59,8.50,-0.41,false,false,positive,2026-05-21
a9e7fd9204c23a9e:10,a9e7fd9204c23a9e,2026-05-13,XOM,stock,trend_pullback,WATCH,81.8,,,risk_on,10,150.8600,2026-05-28,-2.59,8.50,-3.39,false,false,negative,2026-05-29
824d32e6ca9c3213:5,824d32e6ca9c3213,2026-05-14,AAPL,stock,near_breakout_setup,WATCH,52.0,,,risk_on,5,298.7903,2026-05-21,2.07,2.26,-1.30,false,false,positive,2026-05-22
824d32e6ca9c3213:10,824d32e6ca9c3213,2026-05-14,AAPL,stock,near_breakout_setup,WATCH,52.0,,,risk_on,10,298.7903,2026-05-29,4.44,5.43,-1.30,false,false,positive,2026-06-01
ce1c8cebede23398:5,ce1c8cebede23398,2026-05-14,AMZN,stock,trend_pullback_setup,WATCH,70.0,,,risk_on,5,268.2050,2026-05-21,0.10,0.48,-4.85,false,false,positive,2026-05-22
ce1c8cebede23398:10,ce1c8cebede23398,2026-05-14,AMZN,stock,trend_pullback_setup,WATCH,70.0,,,risk_on,10,268.2050,2026-05-29,0.91,2.44,-4.85,false,false,positive,2026-06-01
2004dc8c972c61f9:5,2004dc8c972c61f9,2026-05-14,ASML.AS,stock,trend_pullback,WATCH,79.7,,,risk_on,5,1367.0000,2026-05-21,-1.59,-0.42,-9.06,false,false,negative,2026-05-21
2004dc8c972c61f9:10,2004dc8c972c61f9,2026-05-14,ASML.AS,stock,trend_pullback,WATCH,79.7,,,risk_on,10,1367.0000,2026-05-28,1.76,5.12,-9.06,false,false,positive,2026-05-28
9c123c7a20ce19a5:5,9c123c7a20ce19a5,2026-05-14,AVGO,stock,trend_pullback,WATCH,75.6,,,risk_on,5,433.5600,2026-05-21,-4.38,-0.17,-6.39,false,false,negative,2026-05-22
9c123c7a20ce19a5:10,9c123c7a20ce19a5,2026-05-14,AVGO,stock,trend_pullback,WATCH,75.6,,,risk_on,10,433.5600,2026-05-29,3.05,3.54,-6.39,false,false,positive,2026-06-01
7b76f9af37ebb898:5,7b76f9af37ebb898,2026-05-14,CAT,stock,near_breakout_setup,WATCH,66.0,,,risk_on,5,917.5201,2026-05-21,-5.62,-1.94,-7.84,false,false,negative,2026-05-22
7b76f9af37ebb898:10,7b76f9af37ebb898,2026-05-14,CAT,stock,near_breakout_setup,WATCH,66.0,,,risk_on,10,917.5201,2026-05-29,-4.54,-0.64,-7.84,false,false,negative,2026-06-01
d0c2e84f799bb5a9:5,d0c2e84f799bb5a9,2026-05-14,COST,stock,trend_pullback,WATCH,79.7,,,risk_on,5,1035.5050,2026-05-21,1.44,5.89,0.34,false,false,positive,2026-05-22
d0c2e84f799bb5a9:10,d0c2e84f799bb5a9,2026-05-14,COST,stock,trend_pullback,WATCH,79.7,,,risk_on,10,1035.5050,2026-05-29,-7.65,5.89,-8.70,false,true,stop_hit,2026-06-01
76d448e11ffb9dda:5,76d448e11ffb9dda,2026-05-14,EIMI.MI,etf,trend_pullback,WATCH,84.2,,,risk_on,5,47.1650,2026-05-21,-2.59,-1.99,-5.29,false,true,stop_hit,2026-05-21
76d448e11ffb9dda:10,76d448e11ffb9dda,2026-05-14,EIMI.MI,etf,trend_pullback,WATCH,84.2,,,risk_on,10,47.1650,2026-05-28,1.67,2.75,-5.29,false,true,stop_hit,2026-05-28
890c9a93b3de714a:5,890c9a93b3de714a,2026-05-14,ENEL.MI,stock,trend_pullback_setup,WATCH,70.0,,,risk_on,5,9.7170,2026-05-21,0.44,0.49,-4.11,false,false,positive,2026-05-21
890c9a93b3de714a:10,890c9a93b3de714a,2026-05-14,ENEL.MI,stock,trend_pullback_setup,WATCH,70.0,,,risk_on,10,9.7170,2026-05-28,-1.23,1.76,-4.11,false,false,negative,2026-05-28
52e85b0e927bd1b2:5,52e85b0e927bd1b2,2026-05-14,ENI.MI,stock,trend_pullback,WATCH,83.0,,,risk_on,5,23.5800,2026-05-21,0.89,2.67,-1.48,false,false,positive,2026-05-21
52e85b0e927bd1b2:10,52e85b0e927bd1b2,2026-05-14,ENI.MI,stock,trend_pullback,WATCH,83.0,,,risk_on,10,23.5800,2026-05-28,-3.99,2.67,-5.53,false,false,negative,2026-05-28
e9a99b03c8825572:5,e9a99b03c8825572,2026-05-14,FBK.MI,stock,trend_pullback,WATCH,76.2,,,risk_on,5,21.6300,2026-05-21,-3.65,-2.08,-6.70,false,true,stop_hit,2026-05-21
e9a99b03c8825572:10,e9a99b03c8825572,2026-05-14,FBK.MI,stock,trend_pullback,WATCH,76.2,,,risk_on,10,21.6300,2026-05-28,-4.76,-0.88,-6.70,false,true,stop_hit,2026-05-28
b8a4ae83810af619:5,b8a4ae83810af619,2026-05-14,G.MI,stock,trend_pullback,WATCH,77.2,,,risk_on,5,39.1900,2026-05-21,-1.56,-1.30,-6.35,false,true,stop_hit,2026-05-21
b8a4ae83810af619:10,b8a4ae83810af619,2026-05-14,G.MI,stock,trend_pullback,WATCH,77.2,,,risk_on,10,39.1900,2026-05-28,-2.19,0.28,-6.35,false,true,stop_hit,2026-05-28
50959c25107edd8e:5,50959c25107edd8e,2026-05-14,GOOGL,stock,near_breakout_setup,WATCH,66.0,,,risk_on,5,400.3095,2026-05-21,-3.16,2.07,-4.35,false,false,negative,2026-05-22
50959c25107edd8e:10,50959c25107edd8e,2026-05-14,GOOGL,stock,near_breakout_setup,WATCH,66.0,,,risk_on,10,400.3095,2026-05-29,-4.99,2.07,-5.46,false,false,negative,2026-06-01
20b0d7431a7ab4ef:5,20b0d7431a7ab4ef,2026-05-14,JNJ,stock,trend_pullback_setup,WATCH,70.0,,,risk_on,5,230.4100,2026-05-21,-0.00,0.17,-2.54,false,false,negative,2026-05-27
20b0d7431a7ab4ef:10,20b0d7431a7ab4ef,2026-05-14,JNJ,stock,trend_pullback_setup,WATCH,70.0,,,risk_on,10,230.4100,2026-05-29,-2.20,1.62,-2.54,false,false,negative,2026-06-01
647a860ca2ceafc3:5,647a860ca2ceafc3,2026-05-14,LLY,stock,trend_pullback_setup,WATCH,70.0,,,risk_on,5,1006.3601,2026-05-21,3.51,4.07,-2.73,false,false,positive,2026-05-22
647a860ca2ceafc3:10,647a860ca2ceafc3,2026-05-14,LLY,stock,trend_pullback_setup,WATCH,70.0,,,risk_on,10,1006.3601,2026-05-29,9.80,14.18,-2.73,false,false,positive,2026-06-01
c64605b11c627e91:5,c64605b11c627e91,2026-05-14,NESN.SW,stock,trend_pullback_setup,WATCH,70.0,,,risk_on,5,76.8800,2026-05-21,2.50,4.45,0.25,false,false,positive,2026-05-21
c64605b11c627e91:10,c64605b11c627e91,2026-05-14,NESN.SW,stock,trend_pullback_setup,WATCH,70.0,,,risk_on,10,76.8800,2026-05-29,3.33,5.45,0.25,false,false,positive,2026-05-29
f643a06e878b1e69:5,f643a06e878b1e69,2026-05-14,NOVN.SW,stock,trend_pullback,WATCH,84.6,,,risk_on,5,116.8000,2026-05-21,2.09,2.74,-0.92,false,false,positive,2026-05-21
f643a06e878b1e69:10,f643a06e878b1e69,2026-05-14,NOVN.SW,stock,trend_pullback,WATCH,84.6,,,risk_on,10,116.8000,2026-05-29,0.87,2.96,-0.92,false,false,positive,2026-05-29
e4cba5e2d4599cc1:5,e4cba5e2d4599cc1,2026-05-14,PRY.MI,stock,near_breakout_setup,WATCH,52.9,,,risk_on,5,156.3500,2026-05-21,-4.51,-1.50,-12.18,false,false,negative,2026-05-21
e4cba5e2d4599cc1:10,e4cba5e2d4599cc1,2026-05-14,PRY.MI,stock,near_breakout_setup,WATCH,52.9,,,risk_on,10,156.3500,2026-05-28,-3.87,-1.38,-12.18,false,false,negative,2026-05-28
686fd9738f927b7c:5,686fd9738f927b7c,2026-05-14,SU.PA,stock,trend_pullback,WATCH,84.0,,,risk_on,5,270.9500,2026-05-21,-2.34,-1.12,-6.61,false,true,stop_hit,2026-05-21
686fd9738f927b7c:10,686fd9738f927b7c,2026-05-14,SU.PA,stock,trend_pullback,WATCH,84.0,,,risk_on,10,270.9500,2026-05-28,-1.37,2.80,-6.61,false,true,stop_hit,2026-05-28
f6361cc32356a78c:5,f6361cc32356a78c,2026-05-14,TRN.MI,stock,trend_pullback_setup,WATCH,70.0,,,risk_on,5,9.9340,2026-05-21,1.37,1.57,-3.38,false,false,positive,2026-05-21
f6361cc32356a78c:10,f6361cc32356a78c,2026-05-14,TRN.MI,stock,trend_pullback_setup,WATCH,70.0,,,risk_on,10,9.9340,2026-05-28,-0.83,2.53,-3.38,false,false,negative,2026-05-28
278e811efb90ef3c:5,278e811efb90ef3c,2026-05-14,TTE.PA,stock,trend_pullback,WATCH,89.2,,,risk_on,5,78.2800,2026-05-21,2.53,3.79,-0.52,false,false,positive,2026-05-21
278e811efb90ef3c:10,278e811efb90ef3c,2026-05-14,TTE.PA,stock,trend_pullback,WATCH,89.2,,,risk_on,10,78.2800,2026-05-28,-3.65,3.79,-4.66,false,false,negative,2026-05-28
172ecfe0556ad2b5:5,172ecfe0556ad2b5,2026-05-14,UCG.MI,stock,trend_pullback,WATCH,57.5,,,risk_on,5,72.3500,2026-05-21,-2.31,0.61,-3.83,false,false,negative,2026-05-21
172ecfe0556ad2b5:10,172ecfe0556ad2b5,2026-05-14,UCG.MI,stock,trend_pullback,WATCH,57.5,,,risk_on,10,72.3500,2026-05-28,0.77,3.21,-3.83,false,false,positive,2026-05-28
10c272f09ece7eb0:5,10c272f09ece7eb0,2026-05-14,UNH,stock,near_breakout_setup,WATCH,52.0,,,risk_on,5,399.8000,2026-05-21,-4.33,-0.54,-4.82,false,false,negative,2026-05-22
10c272f09ece7eb0:10,10c272f09ece7eb0,2026-05-14,UNH,stock,near_breakout_setup,WATCH,52.0,,,risk_on,10,399.8000,2026-05-29,-4.87,-0.54,-6.09,false,false,negative,2026-06-01
cd25e45ee379c188:5,cd25e45ee379c188,2026-05-14,WMT,stock,trend_pullback,WATCH,86.7,,,risk_on,5,132.3900,2026-05-21,-8.35,2.09,-9.06,false,true,stop_hit,2026-05-22
cd25e45ee379c188:10,cd25e45ee379c188,2026-05-14,WMT,stock,trend_pullback,WATCH,86.7,,,risk_on,10,132.3900,2026-05-29,-12.57,2.09,-13.35,false,true,stop_hit,2026-06-01
cae6969ea93583b7:5,cae6969ea93583b7,2026-05-14,XOM,stock,trend_pullback,WATCH,87.2,,,risk_on,5,152.1400,2026-05-21,2.07,7.59,0.57,false,false,positive,2026-05-22
cae6969ea93583b7:10,cae6969ea93583b7,2026-05-14,XOM,stock,trend_pullback,WATCH,87.2,,,risk_on,10,152.1400,2026-05-29,-4.52,7.59,-4.88,false,false,negative,2026-06-01
048b550ddb590b94:5,048b550ddb590b94,2026-05-15,AAPL,stock,near_breakout_setup,WATCH,52.0,,,risk_on,5,301.1900,2026-05-22,2.53,3.39,-2.09,false,false,positive,2026-05-25
048b550ddb590b94:10,048b550ddb590b94,2026-05-15,AAPL,stock,near_breakout_setup,WATCH,52.0,,,risk_on,10,301.1900,2026-06-01,1.70,4.59,-2.09,false,false,positive,2026-06-02
73e914bb8dc9c0ee:5,73e914bb8dc9c0ee,2026-05-15,AMZN,stock,trend_pullback_setup,WATCH,70.0,,,risk_on,5,261.9300,2026-05-22,1.68,3.00,-2.57,false,false,positive,2026-05-25
73e914bb8dc9c0ee:10,73e914bb8dc9c0ee,2026-05-15,AMZN,stock,trend_pullback_setup,WATCH,70.0,,,risk_on,10,261.9300,2026-06-01,-0.26,4.89,-2.57,false,false,negative,2026-06-02
19387ca022ad4076:5,19387ca022ad4076,2026-05-15,ASML.AS,stock,trend_pullback_setup,WATCH,70.0,,,risk_on,5,1306.6000,2026-05-22,7.84,8.11,-4.85,false,false,positive,2026-05-22
19387ca022ad4076:10,19387ca022ad4076,2026-05-15,ASML.AS,stock,trend_pullback_setup,WATCH,70.0,,,risk_on,10,1306.6000,2026-05-29,5.99,9.98,-4.85,false,false,positive,2026-05-29
d55a1d9ef125bdb7:5,d55a1d9ef125bdb7,2026-05-15,AVGO,stock,trend_pullback_setup,WATCH,70.0,,,risk_on,5,428.2500,2026-05-22,-3.29,-0.95,-5.23,false,false,negative,2026-05-25
d55a1d9ef125bdb7:10,d55a1d9ef125bdb7,2026-05-15,AVGO,stock,trend_pullback_setup,WATCH,70.0,,,risk_on,10,428.2500,2026-06-01,7.41,8.83,-5.23,false,false,positive,2026-06-02
d6de767849b4e0e2:5,d6de767849b4e0e2,2026-05-15,COST,stock,trend_pullback,WATCH,100.0,GO,A,risk_on,5,1042.2700,2026-05-22,-1.35,5.20,-1.64,false,false,negative,2026-05-25
d6de767849b4e0e2:10,d6de767849b4e0e2,2026-05-15,COST,stock,trend_pullback,WATCH,100.0,GO,A,risk_on,10,1042.2700,2026-06-01,-9.23,5.20,-10.15,false,true,stop_hit,2026-06-02
3ab6168d447ca45c:5,3ab6168d447ca45c,2026-05-15,CSSPX.MI,etf,near_breakout_setup,WATCH,55.5,,,risk_on,5,687.4200,2026-05-22,1.07,1.07,-1.08,false,false,positive,2026-05-25
3ab6168d447ca45c:10,3ab6168d447ca45c,2026-05-15,CSSPX.MI,etf,near_breakout_setup,WATCH,55.5,,,risk_on,10,687.4200,2026-05-29,1.65,2.03,-1.08,false,false,positive,2026-05-29
ad35dd3c5007db01:5,ad35dd3c5007db01,2026-05-15,EIMI.MI,etf,trend_pullback_setup,WATCH,70.0,,,risk_on,5,45.8800,2026-05-22,1.54,1.54,-2.64,false,false,positive,2026-05-22
ad35dd3c5007db01:10,ad35dd3c5007db01,2026-05-15,EIMI.MI,etf,trend_pullback_setup,WATCH,70.0,,,risk_on,10,45.8800,2026-05-29,4.58,5.62,-2.64,false,false,positive,2026-05-29
281b24f5daa9a47f:5,281b24f5daa9a47f,2026-05-15,ENEL.MI,stock,trend_pullback_setup,WATCH,70.0,,,risk_on,5,9.4840,2026-05-22,2.26,2.99,-1.75,false,false,positive,2026-05-22
281b24f5daa9a47f:10,281b24f5daa9a47f,2026-05-15,ENEL.MI,stock,trend_pullback_setup,WATCH,70.0,,,risk_on,10,9.4840,2026-05-29,1.49,4.26,-1.75,false,false,positive,2026-05-29
b2fc13e35cd25c44:5,b2fc13e35cd25c44,2026-05-15,ENI.MI,stock,trend_pullback_setup,WATCH,70.0,,,risk_on,5,23.5200,2026-05-22,-0.96,2.93,-2.13,false,false,negative,2026-05-22
b2fc13e35cd25c44:10,b2fc13e35cd25c44,2026-05-15,ENI.MI,stock,trend_pullback_setup,WATCH,70.0,,,risk_on,10,23.5200,2026-05-29,-4.21,2.93,-5.29,false,false,negative,2026-05-29
728103e8e812eed7:5,728103e8e812eed7,2026-05-15,EQQQ.MI,etf,near_breakout_setup,WATCH,64.0,,,risk_on,5,615.1500,2026-05-22,1.48,1.48,-2.09,false,false,positive,2026-05-25
728103e8e812eed7:10,728103e8e812eed7,2026-05-15,EQQQ.MI,etf,near_breakout_setup,WATCH,64.0,,,risk_on,10,615.1500,2026-05-29,3.28,3.99,-2.09,false,false,positive,2026-05-29
9d8f4537a0410c45:5,9d8f4537a0410c45,2026-05-15,FBK.MI,stock,trend_pullback_setup,WATCH,70.0,,,risk_on,5,21.3400,2026-05-22,-1.73,-0.75,-5.44,false,false,negative,2026-05-22
9d8f4537a0410c45:10,9d8f4537a0410c45,2026-05-15,FBK.MI,stock,trend_pullback_setup,WATCH,70.0,,,risk_on,10,21.3400,2026-05-29,-1.78,0.47,-5.44,false,false,negative,2026-05-29
af99cb80949eecd3:5,af99cb80949eecd3,2026-05-15,G.MI,stock,trend_pullback_setup,WATCH,70.0,,,risk_on,5,38.6300,2026-05-22,0.80,1.22,-4.79,false,false,positive,2026-05-22
af99cb80949eecd3:10,af99cb80949eecd3,2026-05-15,G.MI,stock,trend_pullback_setup,WATCH,70.0,,,risk_on,10,38.6300,2026-05-29,0.21,1.73,-4.79,false,false,positive,2026-05-29
daa7bd41c2423fe7:5,daa7bd41c2423fe7,2026-05-15,JNJ,stock,trend_pullback_setup,WATCH,70.0,,,risk_on,5,228.6900,2026-05-22,1.88,2.39,-1.80,false,false,positive,2026-05-27
daa7bd41c2423fe7:10,daa7bd41c2423fe7,2026-05-15,JNJ,stock,trend_pullback_setup,WATCH,70.0,,,risk_on,10,228.6900,2026-06-01,-2.27,2.39,-3.43,false,false,negative,2026-06-02
d984c23789318ba1:5,d984c23789318ba1,2026-05-15,LLY,stock,trend_pullback_setup,WATCH,70.0,,,risk_on,5,1004.2700,2026-05-22,6.05,6.58,-2.53,false,false,positive,2026-05-25
d984c23789318ba1:10,d984c23789318ba1,2026-05-15,LLY,stock,trend_pullback_setup,WATCH,70.0,,,risk_on,10,1004.2700,2026-06-01,7.76,14.42,-2.53,false,false,positive,2026-06-02
06e443a800e05971:5,06e443a800e05971,2026-05-15,NESN.SW,stock,trend_pullback,WATCH,100.0,GO,A,risk_on,5,78.0700,2026-05-22,0.91,2.86,-1.28,false,false,positive,2026-05-22
06e443a800e05971:10,06e443a800e05971,2026-05-15,NESN.SW,stock,trend_pullback,WATCH,100.0,GO,A,risk_on,10,78.0700,2026-06-01,-0.26,3.84,-1.28,false,false,negative,2026-06-01
fc3a50616dd3bc2e:5,fc3a50616dd3bc2e,2026-05-15,NOVN.SW,stock,trend_pullback_setup,WATCH,70.0,,,risk_on,5,116.6800,2026-05-22,2.38,2.85,-0.82,false,false,positive,2026-05-22
fc3a50616dd3bc2e:10,fc3a50616dd3bc2e,2026-05-15,NOVN.SW,stock,trend_pullback_setup,WATCH,70.0,,,risk_on,10,116.6800,2026-06-01,-2.38,3.07,-2.38,false,false,negative,2026-06-01
98c9e3419d5f08b1:5,98c9e3419d5f08b1,2026-05-15,NVDA,stock,trend_pullback_setup,WATCH,70.0,,,risk_on,5,227.5000,2026-05-22,-5.35,1.10,-5.58,false,false,negative,2026-05-25
98c9e3419d5f08b1:10,98c9e3419d5f08b1,2026-05-15,NVDA,stock,trend_pullback_setup,WATCH,70.0,,,risk_on,10,227.5000,2026-06-01,-1.38,1.10,-8.23,false,false,negative,2026-06-02
ee2b477a7b620ad0:5,ee2b477a7b620ad0,2026-05-15,PST.MI,stock,near_breakout_setup,WATCH,68.2,,,risk_on,5,24.2300,2026-05-22,3.26,3.51,-0.50,false,false,positive,2026-05-22
ee2b477a7b620ad0:10,ee2b477a7b620ad0,2026-05-15,PST.MI,stock,near_breakout_setup,WATCH,68.2,,,risk_on,10,24.2300,2026-05-29,4.66,5.49,-0.50,false,false,positive,2026-05-29
1b3fc3cb180dbef1:5,1b3fc3cb180dbef1,2026-05-15,SU.PA,stock,trend_pullback_setup,WATCH,70.0,,,risk_on,5,263.7500,2026-05-22,2.01,3.07,-4.06,false,false,positive,2026-05-22
1b3fc3cb180dbef1:10,1b3fc3cb180dbef1,2026-05-15,SU.PA,stock,trend_pullback_setup,WATCH,70.0,,,risk_on,10,263.7500,2026-05-29,2.35,5.61,-4.06,false,false,positive,2026-05-29
fccd4baaf776a660:5,fccd4baaf776a660,2026-05-15,SWDA.MI,etf,near_breakout_setup,WATCH,71.1,,,risk_on,5,121.0300,2026-05-22,1.48,1.50,-0.94,false,false,positive,2026-05-22
fccd4baaf776a660:10,fccd4baaf776a660,2026-05-15,SWDA.MI,etf,near_breakout_setup,WATCH,71.1,,,risk_on,10,121.0300,2026-05-29,1.98,2.29,-0.94,false,false,positive,2026-05-29
db459bb17038b59a:5,db459bb17038b59a,2026-05-15,TTE.PA,stock,trend_pullback,BUY,100.0,GO,A,risk_on,5,78.6800,2026-05-22,-0.04,3.27,-0.71,false,false,negative,2026-05-22
db459bb17038b59a:10,db459bb17038b59a,2026-05-15,TTE.PA,stock,trend_pullback,BUY,100.0,GO,A,risk_on,10,78.6800,2026-05-29,-4.45,3.27,-5.15,false,false,negative,2026-05-29
98ff8b1fcd754524:5,98ff8b1fcd754524,2026-05-15,WMT,stock,trend_pullback_setup,WATCH,70.0,,,risk_on,5,131.3000,2026-05-22,-8.40,2.94,-9.44,false,false,negative,2026-05-25
4b12eb5e1570671a:5,4b12eb5e1570671a,2026-05-15,WMT,stock,near_breakout_setup,WATCH,66.0,,,risk_on,5,131.3000,2026-05-22,-8.40,2.94,-9.44,false,false,negative,2026-05-25
98ff8b1fcd754524:10,98ff8b1fcd754524,2026-05-15,WMT,stock,trend_pullback_setup,WATCH,70.0,,,risk_on,10,131.3000,2026-06-01,-12.72,2.94,-13.51,false,false,negative,2026-06-02
4b12eb5e1570671a:10,4b12eb5e1570671a,2026-05-15,WMT,stock,near_breakout_setup,WATCH,66.0,,,risk_on,10,131.3000,2026-06-01,-12.72,2.94,-13.51,false,false,negative,2026-06-02
15856ece9413a0f2:5,15856ece9413a0f2,2026-05-15,XOM,stock,trend_pullback,WATCH,96.4,GO,A,risk_on,5,156.1900,2026-05-22,-0.81,4.80,-1.93,false,false,negative,2026-05-25
15856ece9413a0f2:10,15856ece9413a0f2,2026-05-15,XOM,stock,trend_pullback,WATCH,96.4,GO,A,risk_on,10,156.1900,2026-06-01,-4.36,4.80,-7.35,false,false,negative,2026-06-02
f30c0aecbbfe341f:5,f30c0aecbbfe341f,2026-05-18,AMZN,stock,trend_pullback,WATCH,100.0,GO,A,risk_on,5,265.7700,2026-05-26,-0.18,1.51,-3.98,false,true,stop_hit,2026-05-27
f30c0aecbbfe341f:10,f30c0aecbbfe341f,2026-05-18,AMZN,stock,trend_pullback,WATCH,100.0,GO,A,risk_on,10,265.7700,2026-06-02,-3.48,3.38,-4.29,false,true,stop_hit,2026-06-03
8e459670070643fc:5,8e459670070643fc,2026-05-18,ASML.AS,stock,trend_pullback_setup,WATCH,70.0,,,risk_on,5,1264.4000,2026-05-25,13.14,13.65,-1.68,false,false,positive,2026-05-25
8e459670070643fc:10,8e459670070643fc,2026-05-18,ASML.AS,stock,trend_pullback_setup,WATCH,70.0,,,risk_on,10,1264.4000,2026-06-01,10.25,13.65,-1.68,false,false,positive,2026-06-01
9ca3584d74b6021d:5,9ca3584d74b6021d,2026-05-18,AVGO,stock,trend_pullback_setup,WATCH,70.0,,,risk_on,5,420.0000,2026-05-26,0.48,3.65,-3.37,false,false,positive,2026-05-27
9ca3584d74b6021d:10,9ca3584d74b6021d,2026-05-18,AVGO,stock,trend_pullback_setup,WATCH,70.0,,,risk_on,10,420.0000,2026-06-02,14.66,16.39,-3.37,false,false,positive,2026-06-03
6293755f4f8727e2:5,6293755f4f8727e2,2026-05-18,CAT,stock,trend_pullback_setup,WATCH,70.0,,,risk_on,5,867.4050,2026-05-26,4.74,4.86,-2.52,false,false,positive,2026-05-27
6293755f4f8727e2:10,6293755f4f8727e2,2026-05-18,CAT,stock,trend_pullback_setup,WATCH,70.0,,,risk_on,10,867.4050,2026-06-02,4.89,5.14,-2.52,false,false,positive,2026-06-03
90f81fdb59ea7a88:5,90f81fdb59ea7a88,2026-05-18,CSSPX.MI,etf,near_breakout_setup,WATCH,67.3,,,risk_on,5,681.9200,2026-05-25,2.15,2.30,-0.28,false,false,positive,2026-05-25
90f81fdb59ea7a88:10,90f81fdb59ea7a88,2026-05-18,CSSPX.MI,etf,near_breakout_setup,WATCH,67.3,,,risk_on,10,681.9200,2026-06-01,2.96,3.06,-0.28,false,false,positive,2026-06-01
cbaf54294eb4efb1:5,cbaf54294eb4efb1,2026-05-18,EIMI.MI,etf,trend_pullback_setup,WATCH,70.0,,,risk_on,5,45.5450,2026-05-25,4.06,4.29,-1.92,false,false,positive,2026-05-25
cbaf54294eb4efb1:10,cbaf54294eb4efb1,2026-05-18,EIMI.MI,etf,trend_pullback_setup,WATCH,70.0,,,risk_on,10,45.5450,2026-06-01,7.49,7.65,-1.92,false,false,positive,2026-06-01
b11e2915ffca55ec:5,b11e2915ffca55ec,2026-05-18,ENEL.MI,stock,trend_pullback_setup,WATCH,70.0,,,risk_on,5,9.6160,2026-05-25,1.90,2.22,-1.06,false,false,positive,2026-05-25
b11e2915ffca55ec:10,b11e2915ffca55ec,2026-05-18,ENEL.MI,stock,trend_pullback_setup,WATCH,70.0,,,risk_on,10,9.6160,2026-06-01,-0.58,2.83,-1.10,false,false,negative,2026-06-01
a0139cf3e7dc69d6:5,a0139cf3e7dc69d6,2026-05-18,ENI.MI,stock,trend_pullback,WATCH,87.7,NO_GO,A,risk_on,5,24.0000,2026-05-25,-4.00,0.87,-5.46,false,false,negative,2026-05-25
a0139cf3e7dc69d6:10,a0139cf3e7dc69d6,2026-05-18,ENI.MI,stock,trend_pullback,WATCH,87.7,NO_GO,A,risk_on,10,24.0000,2026-06-01,-4.08,0.87,-7.19,false,false,negative,2026-06-01
b95a5f4cf5c50d07:5,b95a5f4cf5c50d07,2026-05-18,FBK.MI,stock,trend_pullback,WATCH,100.0,GO,A,risk_on,5,20.8800,2026-05-25,1.20,1.96,-3.35,false,false,positive,2026-05-25
b95a5f4cf5c50d07:10,b95a5f4cf5c50d07,2026-05-18,FBK.MI,stock,trend_pullback,WATCH,100.0,GO,A,risk_on,10,20.8800,2026-06-01,-0.91,2.68,-3.35,false,false,negative,2026-06-01
86e4a2a3f4e33a25:5,86e4a2a3f4e33a25,2026-05-18,G.MI,stock,trend_pullback,WATCH,100.0,GO,A,risk_on,5,37.5600,2026-05-25,4.15,4.63,-1.44,false,false,positive,2026-05-25
86e4a2a3f4e33a25:10,86e4a2a3f4e33a25,2026-05-18,G.MI,stock,trend_pullback,WATCH,100.0,GO,A,risk_on,10,37.5600,2026-06-01,2.24,4.63,-1.44,false,false,positive,2026-06-01
c34f8954faf4b991:5,c34f8954faf4b991,2026-05-18,GOOGL,stock,near_breakout_setup,WATCH,66.0,,,risk_on,5,402.3500,2026-05-26,-3.35,-1.29,-5.11,false,false,negative,2026-05-27
c34f8954faf4b991:10,c34f8954faf4b991,2026-05-18,GOOGL,stock,near_breakout_setup,WATCH,66.0,,,risk_on,10,402.3500,2026-06-02,-10.07,-1.29,-10.91,false,false,negative,2026-06-03
37d1541bcf9d3218:5,37d1541bcf9d3218,2026-05-18,JNJ,stock,trend_pullback,WATCH,100.0,GO,A,risk_on,5,227.5099,2026-05-26,1.17,2.92,-0.64,false,false,positive,2026-05-27
37d1541bcf9d3218:10,37d1541bcf9d3218,2026-05-18,JNJ,stock,trend_pullback,WATCH,100.0,GO,A,risk_on,10,227.5099,2026-06-02,-2.03,2.92,-2.93,false,false,negative,2026-06-03
182392b69b070ef4:5,182392b69b070ef4,2026-05-18,LLY,stock,trend_pullback_setup,WATCH,70.0,,,risk_on,5,986.4200,2026-05-26,7.94,9.69,-0.18,false,false,positive,2026-05-27
182392b69b070ef4:10,182392b69b070ef4,2026-05-18,LLY,stock,trend_pullback_setup,WATCH,70.0,,,risk_on,10,986.4200,2026-06-02,7.88,16.49,-0.18,false,false,positive,2026-06-03
ace993212598587f:5,ace993212598587f,2026-05-18,NESN.SW,stock,trend_pullback,WATCH,100.0,GO,A,risk_on,5,78.2400,2026-05-26,1.46,2.63,-0.04,false,false,positive,2026-05-26
ace993212598587f:10,ace993212598587f,2026-05-18,NESN.SW,stock,trend_pullback,WATCH,100.0,GO,A,risk_on,10,78.2400,2026-06-02,-0.61,3.62,-1.09,false,false,negative,2026-06-02
3f151cc090e368d9:5,3f151cc090e368d9,2026-05-18,NOVN.SW,stock,trend_pullback,WATCH,100.0,GO,A,risk_on,5,117.2000,2026-05-26,1.06,2.61,-0.14,false,false,positive,2026-05-26
3f151cc090e368d9:10,3f151cc090e368d9,2026-05-18,NOVN.SW,stock,trend_pullback,WATCH,100.0,GO,A,risk_on,10,117.2000,2026-06-02,-3.58,2.61,-4.25,false,true,stop_hit,2026-06-02
ed3eebfcb3016f11:5,ed3eebfcb3016f11,2026-05-18,NVDA,stock,trend_pullback_setup,WATCH,70.0,,,risk_on,5,222.9250,2026-05-26,-3.62,2.01,-4.90,false,false,negative,2026-05-27
ed3eebfcb3016f11:10,ed3eebfcb3016f11,2026-05-18,NVDA,stock,trend_pullback_setup,WATCH,70.0,,,risk_on,10,222.9250,2026-06-02,-0.05,4.20,-6.35,false,false,negative,2026-06-03
cbb4a3257d3ce8bc:5,cbb4a3257d3ce8bc,2026-05-18,PST.MI,stock,controlled_breakout,WATCH,100.0,NO_GO,A,risk_on,5,24.6400,2026-05-25,2.88,2.88,-1.54,false,false,positive,2026-05-25
cbb4a3257d3ce8bc:10,cbb4a3257d3ce8bc,2026-05-18,PST.MI,stock,controlled_breakout,WATCH,100.0,NO_GO,A,risk_on,10,24.6400,2026-06-01,3.81,4.10,-1.54,false,false,positive,2026-06-01
74a9994f04647ba7:5,74a9994f04647ba7,2026-05-18,SIE.DE,stock,trend_pullback,WATCH,100.0,GO,A,risk_on,5,260.5000,2026-05-25,6.24,6.60,-2.11,false,false,positive,2026-05-25
74a9994f04647ba7:10,74a9994f04647ba7,2026-05-18,SIE.DE,stock,trend_pullback,WATCH,100.0,GO,A,risk_on,10,260.5000,2026-06-01,4.66,7.33,-2.11,false,false,positive,2026-06-01
7d4fd5c3a9395653:5,7d4fd5c3a9395653,2026-05-18,SU.PA,stock,trend_pullback_setup,WATCH,70.0,,,risk_on,5,260.9500,2026-05-25,6.27,6.74,-3.03,false,false,positive,2026-05-25
7d4fd5c3a9395653:10,7d4fd5c3a9395653,2026-05-18,SU.PA,stock,trend_pullback_setup,WATCH,70.0,,,risk_on,10,260.9500,2026-06-01,5.84,7.86,-3.03,false,false,positive,2026-06-01
4e665c45d31c2d40:5,4e665c45d31c2d40,2026-05-18,SWDA.MI,etf,near_breakout_setup,WATCH,70.2,,,risk_on,5,120.3900,2026-05-25,2.62,2.72,-0.24,false,false,positive,2026-05-25
cf129d78bdd6f60e:5,cf129d78bdd6f60e,2026-05-18,SWDA.MI,etf,trend_pullback_setup,WATCH,70.0,,,risk_on,5,120.3900,2026-05-25,2.62,2.72,-0.24,false,false,positive,2026-05-25
4e665c45d31c2d40:10,4e665c45d31c2d40,2026-05-18,SWDA.MI,etf,near_breakout_setup,WATCH,70.2,,,risk_on,10,120.3900,2026-06-01,2.80,2.97,-0.24,false,false,positive,2026-06-01
cf129d78bdd6f60e:10,cf129d78bdd6f60e,2026-05-18,SWDA.MI,etf,trend_pullback_setup,WATCH,70.0,,,risk_on,10,120.3900,2026-06-01,2.80,2.97,-0.24,false,false,positive,2026-06-01
d5a28fe831e97d1e:5,d5a28fe831e97d1e,2026-05-18,TRN.MI,stock,trend_pullback_setup,WATCH,70.0,,,risk_on,5,9.8240,2026-05-25,2.40,2.71,0.18,false,false,positive,2026-05-25
d5a28fe831e97d1e:10,d5a28fe831e97d1e,2026-05-18,TRN.MI,stock,trend_pullback_setup,WATCH,70.0,,,risk_on,10,9.8240,2026-06-01,-1.22,3.67,-1.53,false,false,negative,2026-06-01
11e0b5615c2e4bc0:5,11e0b5615c2e4bc0,2026-05-18,TTE.PA,stock,trend_pullback,WATCH,100.0,GO,A,risk_on,5,80.2700,2026-05-25,-3.24,1.22,-4.37,false,false,negative,2026-05-25
11e0b5615c2e4bc0:10,11e0b5615c2e4bc0,2026-05-18,TTE.PA,stock,trend_pullback,WATCH,100.0,GO,A,risk_on,10,80.2700,2026-06-01,-4.85,1.22,-7.03,false,false,negative,2026-06-01
7da0bb7c05da83df:5,7da0bb7c05da83df,2026-05-18,UCG.MI,stock,near_breakout_setup,WATCH,69.7,,,risk_on,5,71.4600,2026-05-25,3.68,4.49,-2.63,false,false,positive,2026-05-25
7da0bb7c05da83df:10,7da0bb7c05da83df,2026-05-18,UCG.MI,stock,near_breakout_setup,WATCH,69.7,,,risk_on,10,71.4600,2026-06-01,3.16,4.66,-2.63,false,false,positive,2026-06-01
0ed7912673c65c51:5,0ed7912673c65c51,2026-05-18,WMT,stock,trend_pullback,WATCH,100.0,GO,A,risk_on,5,132.3100,2026-05-26,-10.38,2.15,-10.88,false,true,stop_hit,2026-05-27
0ed7912673c65c51:10,0ed7912673c65c51,2026-05-18,WMT,stock,trend_pullback,WATCH,100.0,GO,A,risk_on,10,132.3100,2026-06-02,-14.55,2.15,-14.80,false,true,stop_hit,2026-06-03
e08da3a103d97bde:5,e08da3a103d97bde,2026-05-18,XOM,stock,trend_pullback,WATCH,60.0,NO_GO,D,risk_on,5,160.4800,2026-05-26,-6.65,1.99,-6.86,false,false,negative,2026-05-27
e08da3a103d97bde:10,e08da3a103d97bde,2026-05-18,XOM,stock,trend_pullback,WATCH,60.0,NO_GO,D,risk_on,10,160.4800,2026-06-02,-6.80,1.99,-9.83,false,false,negative,2026-06-03
ed2e10351c7f2c9e:5,ed2e10351c7f2c9e,2026-05-19,AMZN,stock,trend_pullback_setup,WATCH,70.0,,,risk_on,5,256.2300,2026-05-27,6.10,6.31,1.29,false,false,positive,2026-05-28
ed2e10351c7f2c9e:10,ed2e10351c7f2c9e,2026-05-19,AMZN,stock,trend_pullback_setup,WATCH,70.0,,,risk_on,10,256.2300,2026-06-03,-2.70,7.23,-2.79,false,false,negative,2026-06-03
9098fb234a84bea6:5,9098fb234a84bea6,2026-05-19,ASML.AS,stock,trend_pullback_setup,WATCH,70.0,,,risk_on,5,1249.0000,2026-05-26,11.27,15.05,1.62,false,false,positive,2026-05-26
9098fb234a84bea6:10,9098fb234a84bea6,2026-05-19,ASML.AS,stock,trend_pullback_setup,WATCH,70.0,,,risk_on,10,1249.0000,2026-06-02,17.04,17.31,1.62,false,false,positive,2026-06-02
15732be1db160389:5,15732be1db160389,2026-05-19,AVGO,stock,trend_pullback_setup,WATCH,70.0,,,risk_on,5,411.2450,2026-05-27,2.58,5.85,-0.25,false,false,positive,2026-05-28
15732be1db160389:10,15732be1db160389,2026-05-19,AVGO,stock,trend_pullback_setup,WATCH,70.0,,,risk_on,10,411.2450,2026-06-03,17.97,20.37,-0.25,false,false,positive,2026-06-03
9c9306799f5e4e45:5,9c9306799f5e4e45,2026-05-19,CAT,stock,trend_pullback_setup,WATCH,70.0,,,risk_on,5,856.4300,2026-05-27,6.25,6.45,0.07,false,false,positive,2026-05-28
9c9306799f5e4e45:10,9c9306799f5e4e45,2026-05-19,CAT,stock,trend_pullback_setup,WATCH,70.0,,,risk_on,10,856.4300,2026-06-03,8.33,9.37,-0.36,false,false,positive,2026-06-03
a288cdabdff1d2fc:5,a288cdabdff1d2fc,2026-05-19,EIMI.MI,etf,trend_pullback_setup,WATCH,70.0,,,risk_on,5,44.9850,2026-05-26,6.26,6.66,0.20,false,false,positive,2026-05-26
a288cdabdff1d2fc:10,a288cdabdff1d2fc,2026-05-19,EIMI.MI,etf,trend_pullback_setup,WATCH,70.0,,,risk_on,10,44.9850,2026-06-02,10.00,10.00,0.20,false,false,positive,2026-06-02
c0d2766bb6029447:5,c0d2766bb6029447,2026-05-19,ENEL.MI,stock,trend_pullback_setup,WATCH,70.0,,,risk_on,5,9.5580,2026-05-26,2.80,3.45,-0.32,false,false,positive,2026-05-26
c0d2766bb6029447:10,c0d2766bb6029447,2026-05-19,ENEL.MI,stock,trend_pullback_setup,WATCH,70.0,,,risk_on,10,9.5580,2026-06-02,0.20,3.45,-0.50,false,false,positive,2026-06-02
0d1d335fb15e042f:5,0d1d335fb15e042f,2026-05-19,ENI.MI,stock,trend_pullback_setup,WATCH,70.0,,,risk_on,5,23.8600,2026-05-26,-2.89,0.80,-4.90,false,false,negative,2026-05-26
b47398a2214214f7:5,b47398a2214214f7,2026-05-19,ENI.MI,stock,near_breakout_setup,WATCH,68.9,,,risk_on,5,23.8600,2026-05-26,-2.89,0.80,-4.90,false,false,negative,2026-05-26
0d1d335fb15e042f:10,0d1d335fb15e042f,2026-05-19,ENI.MI,stock,trend_pullback_setup,WATCH,70.0,,,risk_on,10,23.8600,2026-06-02,-3.00,0.80,-6.64,false,false,negative,2026-06-02
b47398a2214214f7:10,b47398a2214214f7,2026-05-19,ENI.MI,stock,near_breakout_setup,WATCH,68.9,,,risk_on,10,23.8600,2026-06-02,-3.00,0.80,-6.64,false,false,negative,2026-06-02
fc6b7f29ff408319:5,fc6b7f29ff408319,2026-05-19,FBK.MI,stock,trend_pullback_setup,WATCH,70.0,,,risk_on,5,20.6300,2026-05-26,2.04,3.20,-2.18,false,false,positive,2026-05-26
fc6b7f29ff408319:10,fc6b7f29ff408319,2026-05-19,FBK.MI,stock,trend_pullback_setup,WATCH,70.0,,,risk_on,10,20.6300,2026-06-02,-0.24,3.93,-2.18,false,false,negative,2026-06-02
b886b947fab46f40:5,b886b947fab46f40,2026-05-19,G.MI,stock,trend_pullback_setup,WATCH,70.0,,,risk_on,5,37.3800,2026-05-26,3.37,5.14,-0.96,false,false,positive,2026-05-26
6916f61d160ccd90:5,6916f61d160ccd90,2026-05-19,G.MI,stock,near_breakout_setup,WATCH,68.9,,,risk_on,5,37.3800,2026-05-26,3.37,5.14,-0.96,false,false,positive,2026-05-26
b886b947fab46f40:10,b886b947fab46f40,2026-05-19,G.MI,stock,trend_pullback_setup,WATCH,70.0,,,risk_on,10,37.3800,2026-06-02,4.65,5.14,-0.96,false,false,positive,2026-06-02
6916f61d160ccd90:10,6916f61d160ccd90,2026-05-19,G.MI,stock,near_breakout_setup,WATCH,68.9,,,risk_on,10,37.3800,2026-06-02,4.65,5.14,-0.96,false,false,positive,2026-06-02
d4e85b22ae6376dd:5,d4e85b22ae6376dd,2026-05-19,JNJ,stock,trend_pullback,WATCH,100.0,GO,A,risk_on,5,230.0700,2026-05-27,0.53,1.77,-1.75,false,false,positive,2026-05-28
d4e85b22ae6376dd:10,d4e85b22ae6376dd,2026-05-19,JNJ,stock,trend_pullback,WATCH,100.0,GO,A,risk_on,10,230.0700,2026-06-03,-2.60,1.77,-4.01,false,false,negative,2026-06-03
fbcc39046b6ddd34:5,fbcc39046b6ddd34,2026-05-19,LLY,stock,trend_pullback,WATCH,68.5,NO_GO,C,risk_on,5,1011.4350,2026-05-27,7.07,8.06,-0.77,false,false,positive,2026-05-28
fbcc39046b6ddd34:10,fbcc39046b6ddd34,2026-05-19,LLY,stock,trend_pullback,WATCH,68.5,NO_GO,C,risk_on,10,1011.4350,2026-06-03,7.39,13.61,-0.77,false,false,positive,2026-06-03
3c2ca2f0f823173f:5,3c2ca2f0f823173f,2026-05-19,NESN.SW,stock,trend_pullback,WATCH,100.0,GO,A,risk_on,5,79.9000,2026-05-27,1.46,1.46,-2.12,false,false,positive,2026-05-27
3c2ca2f0f823173f:10,3c2ca2f0f823173f,2026-05-19,NESN.SW,stock,trend_pullback,WATCH,100.0,GO,A,risk_on,10,79.9000,2026-06-03,-3.28,1.46,-3.50,false,false,negative,2026-06-03
129de8deff968197:5,129de8deff968197,2026-05-19,NOVN.SW,stock,trend_pullback,WATCH,100.0,GO,A,risk_on,5,119.0400,2026-05-27,0.45,1.02,-0.69,false,false,positive,2026-05-27
129de8deff968197:10,129de8deff968197,2026-05-19,NOVN.SW,stock,trend_pullback,WATCH,100.0,GO,A,risk_on,10,119.0400,2026-06-03,-4.64,1.02,-6.35,false,true,stop_hit,2026-06-03
791539732fc3bec6:5,791539732fc3bec6,2026-05-19,NVDA,stock,trend_pullback_setup,WATCH,70.0,,,risk_on,5,220.8600,2026-05-27,-3.74,2.96,-5.47,false,false,negative,2026-05-28
791539732fc3bec6:10,791539732fc3bec6,2026-05-19,NVDA,stock,trend_pullback_setup,WATCH,70.0,,,risk_on,10,220.8600,2026-06-03,-2.12,5.17,-5.47,false,false,negative,2026-06-03
65cc1822f3b59288:5,65cc1822f3b59288,2026-05-19,PRY.MI,stock,trend_pullback_setup,WATCH,70.0,,,risk_on,5,140.5000,2026-05-26,6.98,9.75,-0.46,false,false,positive,2026-05-26
65cc1822f3b59288:10,65cc1822f3b59288,2026-05-19,PRY.MI,stock,trend_pullback_setup,WATCH,70.0,,,risk_on,10,140.5000,2026-06-02,10.07,11.00,-0.46,false,false,positive,2026-06-02
27b89e4acc5307b7:5,27b89e4acc5307b7,2026-05-19,PST.MI,stock,near_breakout_setup,WATCH,66.5,,,risk_on,5,24.5600,2026-05-26,3.54,3.66,-1.22,false,false,positive,2026-05-26
27b89e4acc5307b7:10,27b89e4acc5307b7,2026-05-19,PST.MI,stock,near_breakout_setup,WATCH,66.5,,,risk_on,10,24.5600,2026-06-02,4.60,5.21,-1.22,false,false,positive,2026-06-02
2acfc66bba871f27:5,2acfc66bba871f27,2026-05-19,SIE.DE,stock,trend_pullback_setup,WATCH,70.0,,,risk_on,5,256.8000,2026-05-26,6.13,8.14,0.12,false,false,positive,2026-05-26
2acfc66bba871f27:10,2acfc66bba871f27,2026-05-19,SIE.DE,stock,trend_pullback_setup,WATCH,70.0,,,risk_on,10,256.8000,2026-06-02,8.53,9.11,0.12,false,false,positive,2026-06-02
05658d46706346f1:5,05658d46706346f1,2026-05-19,SU.PA,stock,trend_pullback_setup,WATCH,70.0,,,risk_on,5,255.8000,2026-05-26,6.80,8.89,-0.16,false,false,positive,2026-05-26
05658d46706346f1:10,05658d46706346f1,2026-05-19,SU.PA,stock,trend_pullback_setup,WATCH,70.0,,,risk_on,10,255.8000,2026-06-02,12.26,12.61,-0.16,false,false,positive,2026-06-03
39e837cc9509dc24:5,39e837cc9509dc24,2026-05-19,SWDA.MI,etf,trend_pullback_setup,WATCH,70.0,,,risk_on,5,120.3000,2026-05-26,2.35,2.79,0.14,false,false,positive,2026-05-26
6c125249eaa6d005:5,6c125249eaa6d005,2026-05-19,SWDA.MI,etf,near_breakout_setup,WATCH,69.0,,,risk_on,5,120.3000,2026-05-26,2.35,2.79,0.14,false,false,positive,2026-05-26
39e837cc9509dc24:10,39e837cc9509dc24,2026-05-19,SWDA.MI,etf,trend_pullback_setup,WATCH,70.0,,,risk_on,10,120.3000,2026-06-02,3.30,3.35,0.14,false,false,positive,2026-06-02
6c125249eaa6d005:10,6c125249eaa6d005,2026-05-19,SWDA.MI,etf,near_breakout_setup,WATCH,69.0,,,risk_on,10,120.3000,2026-06-02,3.30,3.35,0.14,false,false,positive,2026-06-02
ce1de60ff7e511e2:5,ce1de60ff7e511e2,2026-05-19,TRN.MI,stock,trend_pullback_setup,WATCH,70.0,,,risk_on,5,9.8760,2026-05-26,1.71,3.13,-0.22,false,false,positive,2026-05-26
ce1de60ff7e511e2:10,ce1de60ff7e511e2,2026-05-19,TRN.MI,stock,trend_pullback_setup,WATCH,70.0,,,risk_on,10,9.8760,2026-06-02,-2.19,3.13,-2.63,false,false,negative,2026-06-02
e15312c6f425bbca:5,e15312c6f425bbca,2026-05-19,TTE.PA,stock,near_breakout_setup,WATCH,70.6,,,risk_on,5,79.7900,2026-05-26,-1.97,1.83,-3.80,false,false,negative,2026-05-26
72719833de0a67cb:5,72719833de0a67cb,2026-05-19,TTE.PA,stock,trend_pullback_setup,WATCH,70.0,,,risk_on,5,79.7900,2026-05-26,-1.97,1.83,-3.80,false,false,negative,2026-05-26
e15312c6f425bbca:10,e15312c6f425bbca,2026-05-19,TTE.PA,stock,near_breakout_setup,WATCH,70.6,,,risk_on,10,79.7900,2026-06-02,-3.94,1.83,-6.47,false,false,negative,2026-06-02
72719833de0a67cb:10,72719833de0a67cb,2026-05-19,TTE.PA,stock,trend_pullback_setup,WATCH,70.0,,,risk_on,10,79.7900,2026-06-02,-3.94,1.83,-6.47,false,false,negative,2026-06-02
e040861033c40713:5,e040861033c40713,2026-05-19,UCG.MI,stock,trend_pullback_setup,WATCH,70.0,,,risk_on,5,70.4600,2026-05-26,4.26,5.98,-1.25,false,false,positive,2026-05-26
e040861033c40713:10,e040861033c40713,2026-05-19,UCG.MI,stock,trend_pullback_setup,WATCH,70.0,,,risk_on,10,70.4600,2026-06-02,6.34,6.91,-1.25,false,false,positive,2026-06-02
7c9e15b8aeb37867:5,7c9e15b8aeb37867,2026-05-19,WMT,stock,trend_pullback,WATCH,90.5,GO,A,risk_on,5,135.0600,2026-05-27,-12.23,-1.04,-12.69,false,true,stop_hit,2026-05-28
7c9e15b8aeb37867:10,7c9e15b8aeb37867,2026-05-19,WMT,stock,trend_pullback,WATCH,90.5,GO,A,risk_on,10,135.0600,2026-06-03,-13.76,-1.04,-16.53,false,true,stop_hit,2026-06-03
64fbfc09eeceb7e0:5,64fbfc09eeceb7e0,2026-05-19,XOM,stock,trend_pullback,WATCH,51.0,NO_GO,D,risk_on,5,161.9500,2026-05-27,-8.68,1.07,-10.00,false,false,negative,2026-05-27
64fbfc09eeceb7e0:10,64fbfc09eeceb7e0,2026-05-19,XOM,stock,trend_pullback,WATCH,51.0,NO_GO,D,risk_on,10,161.9500,2026-06-03,-4.54,1.07,-10.65,false,false,negative,2026-06-03
f16c328e0d828f23:5,f16c328e0d828f23,2026-05-20,AAPL,stock,near_breakout_setup,WATCH,66.0,,,risk_on,5,299.9450,2026-05-28,4.19,4.44,0.15,false,false,positive,2026-05-29
baecbf200768b02f:5,baecbf200768b02f,2026-05-20,AMZN,stock,trend_pullback_setup,WATCH,70.0,,,risk_on,5,263.7212,2026-05-28,3.90,4.09,-0.89,false,false,positive,2026-05-29
99f69645907f831b:5,99f69645907f831b,2026-05-20,ASML.AS,stock,trend_pullback,WATCH,100.0,NO_GO,A,risk_on,5,1333.0000,2026-05-27,3.26,7.80,-1.07,false,false,positive,2026-05-27
99f69645907f831b:10,99f69645907f831b,2026-05-20,ASML.AS,stock,trend_pullback,WATCH,100.0,NO_GO,A,risk_on,10,1333.0000,2026-06-03,11.42,12.23,-1.07,false,false,positive,2026-06-03
8a91221b020507ac:5,8a91221b020507ac,2026-05-20,AVGO,stock,trend_pullback_setup,WATCH,70.0,,,risk_on,5,418.8300,2026-05-28,1.85,3.93,-2.06,false,false,positive,2026-05-29
547881c6c5b3c8f7:5,547881c6c5b3c8f7,2026-05-20,CAT,stock,trend_pullback_setup,WATCH,70.0,,,risk_on,5,872.5800,2026-05-28,1.73,4.48,-1.60,false,false,positive,2026-05-29
7faaebc0afc19aea:5,7faaebc0afc19aea,2026-05-20,COST,stock,near_breakout_setup,WATCH,66.0,,,risk_on,5,1084.6600,2026-05-28,-8.25,-1.84,-8.33,false,false,negative,2026-05-29
593546e901f588f6:5,593546e901f588f6,2026-05-20,CSSPX.MI,etf,near_breakout_setup,WATCH,66.6,,,risk_on,5,685.9900,2026-05-27,1.26,1.69,-0.06,false,false,positive,2026-05-27
593546e901f588f6:10,593546e901f588f6,2026-05-20,CSSPX.MI,etf,near_breakout_setup,WATCH,66.6,,,risk_on,10,685.9900,2026-06-03,2.29,2.81,-0.06,false,false,positive,2026-06-03
e7b79b9d5d144726:5,e7b79b9d5d144726,2026-05-20,EIMI.MI,etf,trend_pullback,WATCH,100.0,GO,A,risk_on,5,45.8450,2026-05-27,4.35,5.70,-0.12,false,false,positive,2026-05-27
e7b79b9d5d144726:10,e7b79b9d5d144726,2026-05-20,EIMI.MI,etf,trend_pullback,WATCH,100.0,GO,A,risk_on,10,45.8450,2026-06-03,6.71,7.94,-0.12,true,false,target_hit,2026-06-03
4344fb5b03f7b801:5,4344fb5b03f7b801,2026-05-20,ENEL.MI,stock,trend_pullback_setup,WATCH,70.0,,,risk_on,5,9.6690,2026-05-27,-0.82,2.26,-1.02,false,false,negative,2026-05-27
4344fb5b03f7b801:10,4344fb5b03f7b801,2026-05-20,ENEL.MI,stock,trend_pullback_setup,WATCH,70.0,,,risk_on,10,9.6690,2026-06-03,-1.95,2.26,-1.95,false,false,negative,2026-06-03
00fadcc7dec323b8:5,00fadcc7dec323b8,2026-05-20,ENI.MI,stock,trend_pullback_setup,WATCH,70.0,,,risk_on,5,23.5400,2026-05-27,-4.33,2.12,-5.37,false,false,negative,2026-05-27
00fadcc7dec323b8:10,00fadcc7dec323b8,2026-05-20,ENI.MI,stock,trend_pullback_setup,WATCH,70.0,,,risk_on,10,23.5400,2026-06-03,-0.36,2.12,-5.37,false,false,negative,2026-06-03
52d2e78ff6532f48:5,52d2e78ff6532f48,2026-05-20,EQQQ.MI,etf,near_breakout_setup,WATCH,66.0,,,risk_on,5,614.9100,2026-05-27,2.18,3.30,-0.86,false,false,positive,2026-05-27
52d2e78ff6532f48:10,52d2e78ff6532f48,2026-05-20,EQQQ.MI,etf,near_breakout_setup,WATCH,66.0,,,risk_on,10,614.9100,2026-06-03,4.78,5.30,-0.86,false,false,positive,2026-06-03
01261f101c9109b8:5,01261f101c9109b8,2026-05-20,FBK.MI,stock,trend_pullback,WATCH,100.0,GO,A,risk_on,5,21.1200,2026-05-27,0.28,1.52,-2.23,false,false,positive,2026-05-27
01261f101c9109b8:10,01261f101c9109b8,2026-05-20,FBK.MI,stock,trend_pullback,WATCH,100.0,GO,A,risk_on,10,21.1200,2026-06-03,-3.31,1.52,-3.36,false,false,negative,2026-06-03
fdae21199aa00e7e:5,fdae21199aa00e7e,2026-05-20,G.MI,stock,trend_pullback,WATCH,100.0,GO,A,risk_on,5,37.5700,2026-05-27,3.06,4.60,1.41,false,false,positive,2026-05-27
fdae21199aa00e7e:10,fdae21199aa00e7e,2026-05-20,G.MI,stock,trend_pullback,WATCH,100.0,GO,A,risk_on,10,37.5700,2026-06-03,3.41,4.60,1.38,false,false,positive,2026-06-03
7e07f11e03492e6e:5,7e07f11e03492e6e,2026-05-20,GOOGL,stock,trend_pullback_setup,WATCH,70.0,,,risk_on,5,384.7400,2026-05-28,1.40,2.38,-0.77,false,false,positive,2026-05-29
01156cf36e198729:5,01156cf36e198729,2026-05-20,JNJ,stock,trend_pullback_setup,WATCH,70.0,,,risk_on,5,229.6200,2026-05-28,0.51,1.97,-1.55,false,false,positive,2026-05-29
55ea3cc23a3fa812:5,55ea3cc23a3fa812,2026-05-20,JNJ,stock,near_breakout_setup,WATCH,66.0,,,risk_on,5,229.6200,2026-05-28,0.51,1.97,-1.55,false,false,positive,2026-05-29
bcfc9bbeba7e9ca3:5,bcfc9bbeba7e9ca3,2026-05-20,LLY,stock,trend_pullback_setup,WATCH,70.0,,,risk_on,5,1005.3800,2026-05-28,12.08,14.30,1.65,false,false,positive,2026-05-29
b822bbf0a56cd39a:5,b822bbf0a56cd39a,2026-05-20,MONC.MI,stock,trend_pullback_setup,WATCH,70.0,,,risk_on,5,50.9800,2026-05-27,7.22,9.65,-0.86,false,false,positive,2026-05-27
b822bbf0a56cd39a:10,b822bbf0a56cd39a,2026-05-20,MONC.MI,stock,trend_pullback_setup,WATCH,70.0,,,risk_on,10,50.9800,2026-06-03,5.69,11.81,-0.86,false,false,positive,2026-06-03
aea72750950abfc9:5,aea72750950abfc9,2026-05-20,NESN.SW,stock,trend_pullback_setup,WATCH,70.0,,,risk_on,5,78.6400,2026-05-28,1.51,3.09,-0.55,false,false,positive,2026-05-28
a170f48ddb22dad1:5,a170f48ddb22dad1,2026-05-20,NOVN.SW,stock,trend_pullback_setup,WATCH,70.0,,,risk_on,5,118.5400,2026-05-28,-0.24,1.45,-1.18,false,false,negative,2026-05-28
292d3afc7dd898ee:5,292d3afc7dd898ee,2026-05-20,NOVN.SW,stock,near_breakout_setup,WATCH,68.1,,,risk_on,5,118.5400,2026-05-28,-0.24,1.45,-1.18,false,false,negative,2026-05-28
c1f1418d702e9755:5,c1f1418d702e9755,2026-05-20,NVDA,stock,trend_pullback,WATCH,86.6,NO_GO,A,risk_on,5,223.9800,2026-05-28,-4.34,1.53,-6.79,false,true,stop_hit,2026-05-29
6ea6869d441dcee2:5,6ea6869d441dcee2,2026-05-20,PRY.MI,stock,trend_pullback,WATCH,100.0,GO,A,risk_on,5,144.4000,2026-05-27,1.45,6.79,-0.55,false,false,positive,2026-05-27
6ea6869d441dcee2:10,6ea6869d441dcee2,2026-05-20,PRY.MI,stock,trend_pullback,WATCH,100.0,GO,A,risk_on,10,144.4000,2026-06-03,6.75,8.73,-0.55,false,false,positive,2026-06-03
5d6b9a2b7bdd7c3a:5,5d6b9a2b7bdd7c3a,2026-05-20,PST.MI,stock,near_breakout_setup,WATCH,68.7,,,risk_on,5,24.7800,2026-05-27,1.69,3.15,-0.44,false,false,positive,2026-05-27
5d6b9a2b7bdd7c3a:10,5d6b9a2b7bdd7c3a,2026-05-20,PST.MI,stock,near_breakout_setup,WATCH,68.7,,,risk_on,10,24.7800,2026-06-03,2.82,4.28,-0.44,false,false,positive,2026-06-03
be516b0aef838426:5,be516b0aef838426,2026-05-20,SIE.DE,stock,trend_pullback,WATCH,100.0,GO,A,risk_on,5,264.1000,2026-05-27,3.77,5.87,-1.17,false,false,positive,2026-05-27
be516b0aef838426:10,be516b0aef838426,2026-05-20,SIE.DE,stock,trend_pullback,WATCH,100.0,GO,A,risk_on,10,264.1000,2026-06-03,4.13,6.10,-1.17,false,false,positive,2026-06-03
d7fb58c4dc14dd6f:5,d7fb58c4dc14dd6f,2026-05-20,SU.PA,stock,trend_pullback_setup,WATCH,70.0,,,risk_on,5,264.6000,2026-05-27,1.64,5.27,-1.13,false,false,positive,2026-05-27
d7fb58c4dc14dd6f:10,d7fb58c4dc14dd6f,2026-05-20,SU.PA,stock,trend_pullback_setup,WATCH,70.0,,,risk_on,10,264.6000,2026-06-03,7.12,8.86,-1.13,false,false,positive,2026-06-03
fb5037e96c8e88d8:5,fb5037e96c8e88d8,2026-05-20,SWDA.MI,etf,near_breakout_setup,WATCH,68.4,,,risk_on,5,121.3500,2026-05-27,1.24,1.90,-0.16,false,false,positive,2026-05-27
fb5037e96c8e88d8:10,fb5037e96c8e88d8,2026-05-20,SWDA.MI,etf,near_breakout_setup,WATCH,68.4,,,risk_on,10,121.3500,2026-06-03,2.10,2.68,-0.16,false,false,positive,2026-06-03
7ab9bfa1aa51f1c7:5,7ab9bfa1aa51f1c7,2026-05-20,TRN.MI,stock,trend_pullback_setup,WATCH,70.0,,,risk_on,5,9.9660,2026-05-27,-0.96,2.20,-1.04,false,false,negative,2026-05-27
7ab9bfa1aa51f1c7:10,7ab9bfa1aa51f1c7,2026-05-20,TRN.MI,stock,trend_pullback_setup,WATCH,70.0,,,risk_on,10,9.9660,2026-06-03,-1.40,2.20,-3.51,false,false,negative,2026-06-03
7adc0a84e1c2642b:5,7adc0a84e1c2642b,2026-05-20,TTE.PA,stock,near_breakout_setup,WATCH,70.6,,,risk_on,5,79.6100,2026-05-27,-5.26,1.82,-6.26,false,false,negative,2026-05-27
5083f156119135a3:5,5083f156119135a3,2026-05-20,TTE.PA,stock,trend_pullback_setup,WATCH,70.0,,,risk_on,5,79.6100,2026-05-27,-5.26,1.82,-6.26,false,false,negative,2026-05-27
7adc0a84e1c2642b:10,7adc0a84e1c2642b,2026-05-20,TTE.PA,stock,near_breakout_setup,WATCH,70.6,,,risk_on,10,79.6100,2026-06-03,-2.55,1.82,-6.26,false,false,negative,2026-06-03
5083f156119135a3:10,5083f156119135a3,2026-05-20,TTE.PA,stock,trend_pullback_setup,WATCH,70.0,,,risk_on,10,79.6100,2026-06-03,-2.55,1.82,-6.26,false,false,negative,2026-06-03
03814a196e2c3afb:5,03814a196e2c3afb,2026-05-20,UCG.MI,stock,trend_pullback,WATCH,91.5,NO_GO,A,risk_on,5,72.2700,2026-05-27,1.13,3.32,-3.57,false,false,positive,2026-05-27
03814a196e2c3afb:10,03814a196e2c3afb,2026-05-20,UCG.MI,stock,trend_pullback,WATCH,91.5,NO_GO,A,risk_on,10,72.2700,2026-06-03,1.70,4.23,-3.57,false,false,positive,2026-06-03
b96a54f43e9340e2:5,b96a54f43e9340e2,2026-05-20,UNH,stock,trend_pullback_setup,WATCH,70.0,,,risk_on,5,383.9700,2026-05-28,-0.38,1.71,-1.97,false,false,negative,2026-05-29
30d31e12db035a8e:5,30d31e12db035a8e,2026-05-20,WMT,stock,trend_pullback_setup,WATCH,70.0,,,risk_on,5,132.9100,2026-05-28,-10.54,-5.35,-11.72,false,false,negative,2026-05-29
95a3551205978d53:5,95a3551205978d53,2026-05-20,XOM,stock,trend_pullback_setup,WATCH,70.0,,,risk_on,5,158.6600,2026-05-28,-7.37,0.46,-8.14,false,false,negative,2026-05-29
f1a94f1f278afe4e:5,f1a94f1f278afe4e,2026-05-21,AAPL,stock,near_breakout_setup,WATCH,52.0,,,risk_on,5,303.4201,2026-05-29,2.85,3.82,0.80,false,false,positive,2026-06-01
d28bb5fd70d9dbcc:5,d28bb5fd70d9dbcc,2026-05-21,AMZN,stock,trend_pullback_setup,WATCH,70.0,,,risk_on,5,265.0800,2026-05-29,2.10,3.65,-1.14,false,false,positive,2026-06-01
e51ba86e835a66bf:5,e51ba86e835a66bf,2026-05-21,ASML.AS,stock,trend_pullback,WATCH,100.0,NO_GO,A,risk_on,5,1345.2000,2026-05-28,3.40,6.82,1.01,false,false,positive,2026-05-28
24eeeca94276797c:5,24eeeca94276797c,2026-05-21,AVGO,stock,trend_pullback_setup,WATCH,70.0,,,risk_on,5,414.4800,2026-05-29,7.79,8.30,-1.03,false,false,positive,2026-06-01
b2b7e2a7647d4fa7:5,b2b7e2a7647d4fa7,2026-05-21,CAT,stock,trend_pullback_setup,WATCH,70.0,,,risk_on,5,863.8450,2026-05-29,1.39,5.54,-0.32,false,false,positive,2026-06-01
bcfd0231601885c9:5,bcfd0231601885c9,2026-05-21,COST,stock,trend_pullback_setup,WATCH,70.0,,,risk_on,5,1046.8550,2026-05-29,-8.65,-0.12,-9.69,false,false,negative,2026-06-01
cf2987bf3729fdc8:5,cf2987bf3729fdc8,2026-05-21,CSSPX.MI,etf,near_breakout_setup,WATCH,70.7,,,risk_on,5,686.8900,2026-05-28,1.56,1.56,0.61,false,false,positive,2026-05-28
10599cfd7c8aaa14:5,10599cfd7c8aaa14,2026-05-21,EIMI.MI,etf,trend_pullback,WATCH,100.0,GO,A,risk_on,5,45.9450,2026-05-28,4.37,5.47,0.66,false,false,positive,2026-05-28
a363744355abcb4a:5,a363744355abcb4a,2026-05-21,ENEL.MI,stock,trend_pullback,WATCH,100.0,GO,A,risk_on,5,9.7600,2026-05-28,-1.67,1.31,-2.48,false,false,negative,2026-05-28
ed6853546f32a9e0:5,ed6853546f32a9e0,2026-05-21,ENI.MI,stock,trend_pullback,WATCH,100.0,GO,A,risk_on,5,23.7900,2026-05-28,-4.83,-0.55,-6.37,false,true,stop_hit,2026-05-28
fac4d623934f9ca0:5,fac4d623934f9ca0,2026-05-21,EQQQ.MI,etf,near_breakout_setup,WATCH,67.8,,,risk_on,5,614.4600,2026-05-28,3.14,3.38,0.74,false,false,positive,2026-05-28
f9484e57761c7a7d:5,f9484e57761c7a7d,2026-05-21,FBK.MI,stock,trend_pullback_setup,WATCH,70.0,,,risk_on,5,20.8400,2026-05-28,-1.15,2.88,-2.06,false,false,negative,2026-05-28
8a801144dedcd97a:5,8a801144dedcd97a,2026-05-21,G.MI,stock,controlled_breakout,WATCH,100.0,GO,A,risk_on,5,38.5800,2026-05-28,-0.65,1.87,-1.27,false,false,negative,2026-05-28
f9a5034abc66e400:5,f9a5034abc66e400,2026-05-21,GOOGL,stock,trend_pullback,WATCH,100.0,GO,A,risk_on,5,389.3286,2026-05-29,-2.31,1.17,-2.79,false,false,negative,2026-06-01
1694ff8ce5a3a755:5,1694ff8ce5a3a755,2026-05-21,JNJ,stock,trend_pullback,WATCH,100.0,GO,A,risk_on,5,229.4850,2026-05-29,-1.81,2.03,-2.13,false,false,negative,2026-06-01
7a548dc57bf330dc:5,7a548dc57bf330dc,2026-05-21,LLY,stock,trend_pullback,WATCH,60.7,NO_GO,D,risk_on,5,1041.0800,2026-05-29,6.14,10.38,0.58,false,false,positive,2026-06-01
dffe266ef7f52668:5,dffe266ef7f52668,2026-05-21,MONC.MI,stock,trend_pullback,WATCH,65.8,NO_GO,C,risk_on,5,51.9400,2026-05-28,6.62,7.62,-1.46,false,false,positive,2026-05-28
e99f18c0b98c7c84:5,e99f18c0b98c7c84,2026-05-21,NESN.SW,stock,trend_pullback,WATCH,100.0,GO,A,risk_on,5,78.8000,2026-05-29,0.81,2.88,-0.38,false,false,positive,2026-05-29
179d92bde6f5854a:5,179d92bde6f5854a,2026-05-21,NOVN.SW,stock,trend_pullback,WATCH,98.2,GO,A,risk_on,5,119.2400,2026-05-29,-1.19,0.86,-1.76,false,false,negative,2026-05-29
842d45a72d47f73e:5,842d45a72d47f73e,2026-05-21,NVDA,stock,trend_pullback_setup,WATCH,70.0,,,risk_on,5,219.4940,2026-05-29,-3.81,0.69,-4.88,false,false,negative,2026-06-01
b7c9f3cdcb146f4f:5,b7c9f3cdcb146f4f,2026-05-21,PRY.MI,stock,trend_pullback,WATCH,78.5,NO_GO,B,risk_on,5,149.3000,2026-05-28,0.67,3.28,-3.22,false,false,positive,2026-05-28
f07cbafe1bbc78ce:5,f07cbafe1bbc78ce,2026-05-21,PST.MI,stock,near_breakout_setup,WATCH,68.1,,,risk_on,5,24.8100,2026-05-28,0.85,3.02,-0.12,false,false,positive,2026-05-28
e4e0080c7e03caa4:5,e4e0080c7e03caa4,2026-05-21,SIE.DE,stock,trend_pullback_setup,WATCH,70.0,,,risk_on,5,264.0500,2026-05-28,2.88,5.89,0.47,false,false,positive,2026-05-28
be3e27f46a771f58:5,be3e27f46a771f58,2026-05-21,SU.PA,stock,trend_pullback_setup,WATCH,70.0,,,risk_on,5,264.6000,2026-05-28,1.00,5.27,-0.06,false,false,positive,2026-05-28
87395773e727435b:5,87395773e727435b,2026-05-21,SWDA.MI,etf,near_breakout_setup,WATCH,75.4,,,risk_on,5,121.5100,2026-05-28,1.36,1.77,0.59,false,false,positive,2026-05-28
6d13304da459c7e1:5,6d13304da459c7e1,2026-05-21,TRN.MI,stock,trend_pullback,WATCH,100.0,GO,A,risk_on,5,10.0700,2026-05-28,-2.16,1.14,-2.34,false,false,negative,2026-05-28
84d3a70452bb9592:5,84d3a70452bb9592,2026-05-21,TTE.PA,stock,trend_pullback,WATCH,100.0,GO,A,risk_on,5,80.2600,2026-05-28,-6.03,-0.51,-7.01,false,true,stop_hit,2026-05-28
0bfc2cdf82526af1:5,0bfc2cdf82526af1,2026-05-21,UBSG.SW,stock,near_breakout_setup,WATCH,54.6,,,risk_on,5,37.0800,2026-05-29,-0.11,1.81,-1.35,false,false,negative,2026-05-29
c223d27c56b027e7:5,c223d27c56b027e7,2026-05-21,UCG.MI,stock,trend_pullback_setup,WATCH,70.0,,,risk_on,5,70.6800,2026-05-28,3.16,5.65,0.64,false,false,positive,2026-05-28
03bcbbbd33f043b3:5,03bcbbbd33f043b3,2026-05-21,UNH,stock,trend_pullback,WATCH,100.0,GO,A,risk_on,5,384.9800,2026-05-29,-1.21,1.44,-2.48,false,false,negative,2026-06-01
7c07bd96caf845a6:5,7c07bd96caf845a6,2026-05-21,XOM,stock,trend_pullback,WATCH,100.0,GO,A,risk_on,5,156.3600,2026-05-29,-7.10,-0.52,-7.45,false,true,stop_hit,2026-06-01
b4c3a82b3d262658:5,b4c3a82b3d262658,2026-05-22,AMZN,stock,trend_pullback_setup,WATCH,70.0,,,risk_on,5,268.2950,2026-06-01,-2.62,2.41,-2.83,false,false,negative,2026-06-02
803aac6f4aef5616:5,803aac6f4aef5616,2026-05-22,ASML.AS,stock,trend_pullback,WATCH,79.9,NO_GO,B,risk_on,5,1409.0000,2026-05-29,-1.72,1.99,-3.56,false,false,negative,2026-05-29
77f881328e84e6d8:5,77f881328e84e6d8,2026-05-22,AVGO,stock,trend_pullback_setup,WATCH,70.0,,,risk_on,5,412.9000,2026-06-01,11.40,12.87,0.27,false,false,positive,2026-06-02
ef01760272e8acef:5,ef01760272e8acef,2026-05-22,CAT,stock,trend_pullback,WATCH,100.0,GO,A,risk_on,5,885.8900,2026-06-01,-2.32,2.91,-3.67,false,false,negative,2026-06-02
486fc1f6e45bc001:5,486fc1f6e45bc001,2026-05-22,COST,stock,trend_pullback_setup,WATCH,70.0,,,risk_on,5,1030.5950,2026-06-01,-8.20,-0.30,-9.13,false,false,negative,2026-06-02
6513e90899bb5245:5,6513e90899bb5245,2026-05-22,EIMI.MI,etf,trend_pullback,WATCH,100.0,GO,A,risk_on,5,46.5850,2026-05-29,2.99,4.02,0.89,false,false,positive,2026-05-29
2b34cbbc2da0eb22:5,2b34cbbc2da0eb22,2026-05-22,ENEL.MI,stock,trend_pullback_setup,WATCH,70.0,,,risk_on,5,9.6980,2026-05-29,-0.75,1.96,-1.86,false,false,negative,2026-05-29
63ec039e07597511:5,63ec039e07597511,2026-05-22,ENI.MI,stock,trend_pullback_setup,WATCH,70.0,,,risk_on,5,23.2950,2026-05-29,-3.28,0.36,-4.38,false,false,negative,2026-05-29
63fabdddd515691d:5,63fabdddd515691d,2026-05-22,FBK.MI,stock,trend_pullback,WATCH,100.0,GO,A,risk_on,5,20.9700,2026-05-29,-0.05,2.24,-2.67,false,false,negative,2026-05-29
81cb443b6538248c:5,81cb443b6538248c,2026-05-22,GOOGL,stock,trend_pullback_setup,WATCH,70.0,,,risk_on,5,385.7800,2026-06-01,-2.44,2.10,-3.18,false,false,negative,2026-06-02
3988d90c563cfac8:5,3988d90c563cfac8,2026-05-22,ISP.MI,stock,trend_pullback,WATCH,100.0,GO,A,risk_on,5,5.6180,2026-05-29,3.36,3.92,0.89,false,false,positive,2026-05-29
59c07ea8cefc6110:5,59c07ea8cefc6110,2026-05-22,JNJ,stock,trend_pullback,WATCH,100.0,GO,A,risk_on,5,234.3700,2026-06-01,-4.63,-0.48,-5.77,false,true,stop_hit,2026-06-02
3d790eb01d07fa19:5,3d790eb01d07fa19,2026-05-22,MONC.MI,stock,trend_pullback_setup,WATCH,70.0,,,risk_on,5,51.5200,2026-05-29,8.42,10.64,0.04,false,false,positive,2026-05-29
c679c7fbd44236f6:5,c679c7fbd44236f6,2026-05-22,NESN.SW,stock,trend_pullback_setup,WATCH,70.0,,,risk_on,5,78.7800,2026-06-01,-1.16,2.91,-1.16,false,false,negative,2026-06-01
ffcb860b624a9c1e:5,ffcb860b624a9c1e,2026-05-22,NOVN.SW,stock,trend_pullback,WATCH,99.1,GO,A,risk_on,5,119.4600,2026-06-01,-4.65,0.67,-4.65,false,false,negative,2026-06-01
6911ef1af09d012f:5,6911ef1af09d012f,2026-05-22,NVDA,stock,trend_pullback_setup,WATCH,70.0,,,risk_on,5,216.9000,2026-06-01,3.44,3.67,-3.74,false,false,positive,2026-06-02
d3a15bc0d29f57de:5,d3a15bc0d29f57de,2026-05-22,PRY.MI,stock,trend_pullback,WATCH,71.4,NO_GO,C,risk_on,5,149.8000,2026-05-29,-1.20,2.94,-3.54,false,false,negative,2026-05-29
3cb046100a4ba059:5,3cb046100a4ba059,2026-05-22,PST.MI,stock,near_breakout_setup,WATCH,54.9,,,risk_on,5,25.0200,2026-05-29,1.36,2.16,-0.28,false,false,positive,2026-05-29
173bdb8a03c0c003:5,173bdb8a03c0c003,2026-05-22,SIE.DE,stock,trend_pullback,WATCH,100.0,GO,A,risk_on,5,268.6000,2026-05-29,0.45,4.10,-0.56,false,false,positive,2026-05-29
827ef7752b39daab:5,827ef7752b39daab,2026-05-22,SU.PA,stock,trend_pullback,WATCH,100.0,GO,A,risk_on,5,269.0500,2026-05-29,0.33,3.53,-1.71,false,false,positive,2026-05-29
310cd8de11c16c87:5,310cd8de11c16c87,2026-05-22,TRN.MI,stock,trend_pullback_setup,WATCH,70.0,,,risk_on,5,9.9500,2026-05-29,-0.98,2.36,-1.17,false,false,negative,2026-05-29
65f856568e736ed0:5,65f856568e736ed0,2026-05-22,TTE.PA,stock,trend_pullback_setup,WATCH,70.0,,,risk_on,5,78.6500,2026-05-29,-4.41,0.22,-5.11,false,false,negative,2026-05-29
c48c6869d2317edd:5,c48c6869d2317edd,2026-05-22,UBSG.SW,stock,near_breakout_setup,WATCH,53.2,,,risk_on,5,37.0900,2026-06-01,1.24,1.78,-1.38,false,false,positive,2026-06-01
2d3a814788b3ea7f:5,2d3a814788b3ea7f,2026-05-22,UCG.MI,stock,trend_pullback,WATCH,100.0,GO,A,risk_on,5,72.1100,2026-05-29,2.95,3.55,0.18,false,false,positive,2026-05-29
90311d73565bc5bb:5,90311d73565bc5bb,2026-05-22,XOM,stock,trend_pullback_setup,WATCH,70.0,,,risk_on,5,154.1100,2026-06-01,-3.07,0.29,-6.10,false,false,negative,2026-06-02
e73e0a1fc5f17f40:5,e73e0a1fc5f17f40,2026-05-25,AMZN,stock,trend_pullback_setup,WATCH,70.0,,,risk_on,5,266.3200,2026-06-01,-1.90,3.17,-2.11,false,false,negative,2026-06-02
c676d6decdaebbde:5,c676d6decdaebbde,2026-05-25,ASML.AS,stock,trend_pullback,WATCH,51.4,NO_GO,D,risk_on,5,1430.6000,2026-06-01,-2.56,0.04,-5.02,false,false,negative,2026-06-01
0a61d4967510e31a:5,0a61d4967510e31a,2026-05-25,AVGO,stock,trend_pullback_setup,WATCH,70.0,,,risk_on,5,414.1400,2026-06-01,11.07,12.53,-0.03,false,false,positive,2026-06-02
f6cf084413409a11:5,f6cf084413409a11,2026-05-25,CAT,stock,trend_pullback_setup,WATCH,70.0,,,risk_on,5,879.8900,2026-06-01,-1.65,3.61,-3.01,false,false,negative,2026-06-02
22a97f6dd0633cb5:5,22a97f6dd0633cb5,2026-05-25,COST,stock,trend_pullback_setup,WATCH,70.0,,,risk_on,5,1028.2400,2026-06-01,-7.99,-0.07,-8.92,false,false,negative,2026-06-02
a516819dc7aa4189:5,a516819dc7aa4189,2026-05-25,EIMI.MI,etf,trend_pullback,WATCH,99.6,GO,A,risk_on,5,47.3950,2026-06-01,3.29,3.45,-0.31,false,false,positive,2026-06-01
f45753ae99607a16:5,f45753ae99607a16,2026-05-25,ENEL.MI,stock,trend_pullback,WATCH,100.0,GO,A,risk_on,5,9.7990,2026-06-01,-2.44,0.91,-2.95,false,false,negative,2026-06-01
28020787029f1fc3:5,28020787029f1fc3,2026-05-25,ENI.MI,stock,trend_pullback_setup,WATCH,70.0,,,risk_on,5,23.0400,2026-06-01,-0.09,1.48,-3.32,false,false,negative,2026-06-01
638890c3cdc68ade:5,638890c3cdc68ade,2026-05-25,FBK.MI,stock,trend_pullback,WATCH,100.0,GO,A,risk_on,5,21.1300,2026-06-01,-2.08,1.47,-3.41,false,false,negative,2026-06-01
a237dcc496e73d8e:5,a237dcc496e73d8e,2026-05-25,G.MI,stock,near_breakout_setup,WATCH,66.8,,,risk_on,5,39.1200,2026-06-01,-1.84,-0.18,-2.63,false,false,negative,2026-06-01
42c8d23aa02abc2c:5,42c8d23aa02abc2c,2026-05-25,GOOGL,stock,trend_pullback_setup,WATCH,70.0,,,risk_on,5,382.9700,2026-06-01,-1.72,2.85,-2.47,false,false,negative,2026-06-02
c0a6a2998aed7ad4:5,c0a6a2998aed7ad4,2026-05-25,ISP.MI,stock,trend_pullback,WATCH,100.0,GO,A,risk_on,5,5.7400,2026-06-01,-0.80,1.71,-1.13,false,false,negative,2026-06-01
475ba40cc9009117:5,475ba40cc9009117,2026-05-25,JNJ,stock,trend_pullback,WATCH,100.0,GO,A,risk_on,5,234.3400,2026-06-01,-4.62,-0.47,-5.76,false,true,stop_hit,2026-06-02
5824ac5054c1281e:5,5824ac5054c1281e,2026-05-25,MONC.MI,stock,trend_pullback,WATCH,51.9,NO_GO,D,risk_on,5,53.1200,2026-06-01,3.20,7.30,-2.60,false,false,positive,2026-06-01
2c5e3e10b0bb828a:5,2c5e3e10b0bb828a,2026-05-25,NESN.SW,stock,trend_pullback_setup,WATCH,70.0,,,risk_on,5,78.7800,2026-06-01,-1.16,2.91,-1.16,false,false,negative,2026-06-01
38ca743bbf05a983:5,38ca743bbf05a983,2026-05-25,NOVN.SW,stock,trend_pullback,WATCH,99.3,GO,A,risk_on,5,119.4600,2026-06-01,-4.65,0.67,-4.65,false,false,negative,2026-06-01
069795ce7fdc92e5:5,069795ce7fdc92e5,2026-05-25,NVDA,stock,trend_pullback_setup,WATCH,70.0,,,risk_on,5,215.3300,2026-06-01,4.19,4.43,-3.04,false,false,positive,2026-06-02
26a7466964d4d803:5,26a7466964d4d803,2026-05-25,PRY.MI,stock,trend_pullback,WATCH,60.0,NO_GO,D,risk_on,5,153.0000,2026-06-01,-2.42,0.26,-5.56,false,false,negative,2026-06-01
0e5210f34bca1fa6:5,0e5210f34bca1fa6,2026-05-25,SIE.DE,stock,trend_pullback,WATCH,79.4,NO_GO,B,risk_on,5,276.7500,2026-06-01,-1.48,1.03,-3.49,false,false,negative,2026-06-01
2b83a990ddacee93:5,2b83a990ddacee93,2026-05-25,SU.PA,stock,trend_pullback,WATCH,77.0,NO_GO,B,risk_on,5,277.3000,2026-06-01,-0.40,1.50,-4.63,false,false,negative,2026-06-01
3d7c2d8276b09a01:5,3d7c2d8276b09a01,2026-05-25,TRN.MI,stock,trend_pullback,WATCH,100.0,GO,A,risk_on,5,10.0600,2026-06-01,-3.54,1.24,-3.84,false,false,negative,2026-06-01
8661ae5736bca74d:5,8661ae5736bca74d,2026-05-25,TTE.PA,stock,trend_pullback_setup,WATCH,70.0,,,risk_on,5,77.6700,2026-06-01,-1.66,1.48,-3.91,false,false,negative,2026-06-01
f12aab25f67505f6:5,f12aab25f67505f6,2026-05-25,UBSG.SW,stock,near_breakout_setup,WATCH,53.2,,,risk_on,5,37.0900,2026-06-01,1.24,1.78,-1.38,false,false,positive,2026-06-01
10e988c8f4b8e749:5,10e988c8f4b8e749,2026-05-25,UCG.MI,stock,trend_pullback,WATCH,73.7,NO_GO,B,risk_on,5,74.0900,2026-06-01,-0.50,0.94,-2.50,false,false,negative,2026-06-01
af5d2c7fdcaafa67:5,af5d2c7fdcaafa67,2026-05-25,UNH,stock,trend_pullback,WATCH,100.0,GO,A,risk_on,5,388.4700,2026-06-01,-2.22,0.20,-3.35,false,false,negative,2026-06-02
8eba5ad4d8f72794:5,8eba5ad4d8f72794,2026-05-25,XOM,stock,trend_pullback_setup,WATCH,70.0,,,risk_on,5,154.9200,2026-06-01,-3.58,-0.24,-6.59,false,false,negative,2026-06-02
9393080bdefc235c:5,9393080bdefc235c,2026-05-26,AAPL,stock,near_breakout_setup,WATCH,52.0,,,risk_on,5,309.9600,2026-06-02,1.69,1.77,-1.59,false,false,positive,2026-06-03
73355ddb0a2644ec:5,73355ddb0a2644ec,2026-05-26,AMZN,stock,trend_pullback_setup,WATCH,70.0,,,risk_on,5,263.5701,2026-06-02,-2.67,4.24,-3.49,false,false,negative,2026-06-03
cc28007fa45c55c5:5,cc28007fa45c55c5,2026-05-26,ASML.AS,stock,trend_pullback_setup,WATCH,70.0,,,risk_on,5,1389.8000,2026-06-02,5.18,5.43,-2.23,false,false,positive,2026-06-02
db2675c310f7162a:5,db2675c310f7162a,2026-05-26,AVGO,stock,trend_pullback,WATCH,100.0,GO,A,risk_on,5,421.4499,2026-06-02,14.27,15.99,-1.77,true,false,target_hit,2026-06-03
039027e9e94f5f4d:5,039027e9e94f5f4d,2026-05-26,CAT,stock,trend_pullback,WATCH,100.0,GO,A,risk_on,5,904.5000,2026-06-02,0.59,0.82,-5.65,false,false,positive,2026-06-03
c57d17e251e72fb6:5,c57d17e251e72fb6,2026-05-26,COST,stock,trend_pullback_setup,WATCH,70.0,,,risk_on,5,999.2500,2026-06-02,-4.50,1.43,-6.28,false,false,negative,2026-06-03
c0b53cf087ca4959:5,c0b53cf087ca4959,2026-05-26,CSSPX.MI,etf,near_breakout_setup,WATCH,57.5,,,risk_on,5,695.6000,2026-06-02,1.17,1.23,-0.26,false,false,positive,2026-06-02
7192c352149148f3:5,7192c352149148f3,2026-05-26,EIMI.MI,etf,trend_pullback,WATCH,95.0,GO,A,risk_on,5,47.8000,2026-06-02,3.53,3.53,-1.15,false,false,positive,2026-06-02
68f7459bcea595aa:5,68f7459bcea595aa,2026-05-26,ENEL.MI,stock,trend_pullback,WATCH,100.0,GO,A,risk_on,5,9.8260,2026-06-02,-2.53,-0.42,-3.22,false,false,negative,2026-06-02
0e2652c0b8dd8c96:5,0e2652c0b8dd8c96,2026-05-26,ENI.MI,stock,trend_pullback_setup,WATCH,70.0,,,risk_on,5,23.1700,2026-06-02,-0.11,0.09,-3.86,false,false,negative,2026-06-02
6cf1ca89a4fc15c7:5,6cf1ca89a4fc15c7,2026-05-26,EQQQ.MI,etf,near_breakout_setup,WATCH,59.9,,,risk_on,5,629.6400,2026-06-02,2.18,2.18,-0.56,false,false,positive,2026-06-02
97a0afffc5422f0d:5,97a0afffc5422f0d,2026-05-26,FBK.MI,stock,trend_pullback_setup,WATCH,70.0,,,risk_on,5,21.0500,2026-06-02,-2.23,1.85,-3.04,false,false,negative,2026-06-02
861c4f2dc173ee7d:5,861c4f2dc173ee7d,2026-05-26,FBK.MI,stock,near_breakout_setup,WATCH,67.5,,,risk_on,5,21.0500,2026-06-02,-2.23,1.85,-3.04,false,false,negative,2026-06-02
2724ac883a9fdf62:5,2724ac883a9fdf62,2026-05-26,G.MI,stock,trend_pullback_setup,WATCH,70.0,,,risk_on,5,38.6400,2026-06-02,1.24,1.24,-1.42,false,false,positive,2026-06-02
56a80d0b9be07c03:5,56a80d0b9be07c03,2026-05-26,GOOGL,stock,trend_pullback_setup,WATCH,70.0,,,risk_on,5,386.8800,2026-06-02,-6.47,1.81,-7.35,false,false,negative,2026-06-03
9931434f055de8d2:5,9931434f055de8d2,2026-05-26,ISP.MI,stock,trend_pullback_setup,WATCH,70.0,,,risk_on,5,5.7080,2026-06-02,0.74,2.28,-0.58,false,false,positive,2026-06-02
e14f45325009afa5:5,e14f45325009afa5,2026-05-26,JNJ,stock,trend_pullback_setup,WATCH,70.0,,,risk_on,5,231.1500,2026-06-02,-3.57,0.75,-4.46,false,false,negative,2026-06-03
1234af03b9f222f9:5,1234af03b9f222f9,2026-05-26,MONC.MI,stock,trend_pullback_setup,WATCH,70.0,,,risk_on,5,52.3800,2026-06-02,4.93,8.82,0.99,false,false,positive,2026-06-02
3d24b8765ba2fff0:5,3d24b8765ba2fff0,2026-05-26,NESN.SW,stock,trend_pullback,WATCH,100.0,GO,A,risk_on,5,79.3800,2026-06-02,-2.04,2.13,-2.51,false,false,negative,2026-06-02
9c2bee0314203980:5,9c2bee0314203980,2026-05-26,NOVN.SW,stock,trend_pullback_setup,WATCH,70.0,,,risk_on,5,118.4400,2026-06-02,-4.59,1.15,-5.25,false,false,negative,2026-06-02
4279a271a53143bc:5,4279a271a53143bc,2026-05-26,NOVN.SW,stock,near_breakout_setup,WATCH,66.9,,,risk_on,5,118.4400,2026-06-02,-4.59,1.15,-5.25,false,false,negative,2026-06-02
6edc667d7abe33ca:5,6edc667d7abe33ca,2026-05-26,NVDA,stock,trend_pullback_setup,WATCH,70.0,,,risk_on,5,212.4600,2026-06-02,4.88,9.33,-1.73,false,false,positive,2026-06-03
96d40dc85c8fc7a9:5,96d40dc85c8fc7a9,2026-05-26,PRY.MI,stock,trend_pullback_setup,WATCH,70.0,,,risk_on,5,150.3000,2026-06-02,2.89,3.76,-3.86,false,false,positive,2026-06-02
0c6db2da9cc186b2:5,0c6db2da9cc186b2,2026-05-26,SIE.DE,stock,trend_pullback_setup,WATCH,70.0,,,risk_on,5,272.5500,2026-06-02,2.26,2.81,-2.00,false,false,positive,2026-06-02
fed2ea859506003a:5,fed2ea859506003a,2026-05-26,SU.PA,stock,trend_pullback_setup,WATCH,70.0,,,risk_on,5,273.2000,2026-06-02,5.11,5.44,-3.20,false,false,positive,2026-06-03
e43249b2a91127ac:5,e43249b2a91127ac,2026-05-26,SWDA.MI,etf,near_breakout_setup,WATCH,73.9,,,risk_on,5,123.1300,2026-06-02,0.93,0.97,-0.43,false,false,positive,2026-06-02
862f4a43dd2a9b39:5,862f4a43dd2a9b39,2026-05-26,TRN.MI,stock,trend_pullback_setup,WATCH,70.0,,,risk_on,5,10.0450,2026-06-02,-3.83,0.40,-4.27,false,false,negative,2026-06-02
9f30ce3f6a65c463:5,9f30ce3f6a65c463,2026-05-26,TTE.PA,stock,trend_pullback_setup,WATCH,70.0,,,risk_on,5,78.2200,2026-06-02,-2.01,-1.20,-4.59,false,false,negative,2026-06-02
e5be56bcb7cb1e77:5,e5be56bcb7cb1e77,2026-05-26,UCG.MI,stock,trend_pullback_setup,WATCH,70.0,,,risk_on,5,73.4600,2026-06-02,2.00,2.55,-1.66,false,false,positive,2026-06-02
68ea72a519db7963:5,68ea72a519db7963,2026-05-26,UNH,stock,trend_pullback_setup,WATCH,70.0,,,risk_on,5,378.8100,2026-06-02,-0.23,2.76,-1.08,false,false,negative,2026-06-03
319882f79f2769d5:5,319882f79f2769d5,2026-05-26,XOM,stock,trend_pullback_setup,WATCH,70.0,,,risk_on,5,151.5300,2026-06-02,-1.30,-0.46,-4.50,false,false,negative,2026-06-03
abf220dfec34cc2b:5,abf220dfec34cc2b,2026-05-27,AAPL,stock,near_breakout_setup,WATCH,52.0,,,risk_on,5,311.4000,2026-06-03,-0.19,1.78,-2.05,false,false,negative,2026-06-03
e82f137cfb67ccd6:5,e82f137cfb67ccd6,2026-05-27,AMZN,stock,trend_pullback,WATCH,100.0,GO,A,risk_on,5,269.2450,2026-06-03,-7.40,2.04,-7.49,false,true,stop_hit,2026-06-03
e6fec7c86ae08f31:5,e6fec7c86ae08f31,2026-05-27,ASML.AS,stock,trend_pullback_setup,WATCH,70.0,,,risk_on,5,1376.4000,2026-06-03,7.90,8.69,-1.28,false,false,positive,2026-06-03
220a5c23ec432b75:5,220a5c23ec432b75,2026-05-27,AVGO,stock,trend_pullback_setup,WATCH,70.0,,,risk_on,5,419.5400,2026-06-03,15.64,17.99,-1.32,false,false,positive,2026-06-03
e9c55a9ee11288fc:5,e9c55a9ee11288fc,2026-05-27,CAT,stock,trend_pullback_setup,WATCH,70.0,,,risk_on,5,906.7100,2026-06-03,2.33,3.31,-5.88,false,false,positive,2026-06-03
4c58c63b9cb5c54b:5,4c58c63b9cb5c54b,2026-05-27,COST,stock,trend_pullback_setup,WATCH,70.0,,,risk_on,5,1006.8200,2026-06-03,-4.45,0.51,-6.98,false,false,negative,2026-06-03
6412af6dcaa98a99:5,6412af6dcaa98a99,2026-05-27,CSSPX.MI,etf,near_breakout_setup,WATCH,71.8,,,risk_on,5,694.6300,2026-06-03,1.02,1.53,-0.04,false,false,positive,2026-06-03
88e617d6ea9835fa:5,88e617d6ea9835fa,2026-05-27,EIMI.MI,etf,trend_pullback,WATCH,100.0,GO,A,risk_on,5,47.8400,2026-06-03,2.26,3.44,-1.23,false,false,positive,2026-06-03
ea029a572c3368b7:5,ea029a572c3368b7,2026-05-27,ENEL.MI,stock,trend_pullback_setup,WATCH,70.0,,,risk_on,5,9.5900,2026-06-03,-1.15,1.20,-1.15,false,false,negative,2026-06-03
64ce559b50875d06:5,64ce559b50875d06,2026-05-27,ENI.MI,stock,trend_pullback_setup,WATCH,70.0,,,risk_on,5,22.5200,2026-06-03,4.15,4.75,-1.00,false,false,positive,2026-06-03
8d5a8182fa49eaa5:5,8d5a8182fa49eaa5,2026-05-27,EQQQ.MI,etf,near_breakout_setup,WATCH,69.9,,,risk_on,5,628.3000,2026-06-03,2.55,3.06,-0.08,false,false,positive,2026-06-03
93eecdc4ca0aa25b:5,93eecdc4ca0aa25b,2026-05-27,FBK.MI,stock,trend_pullback,WATCH,100.0,GO,A,risk_on,5,21.1800,2026-06-03,-3.59,-0.19,-3.64,false,false,negative,2026-06-03
3c800ae737f37a60:5,3c800ae737f37a60,2026-05-27,G.MI,stock,trend_pullback,WATCH,100.0,GO,A,risk_on,5,38.7200,2026-06-03,0.34,1.24,-1.63,false,false,positive,2026-06-03
369c1750cf5c4d4f:5,369c1750cf5c4d4f,2026-05-27,GOOGL,stock,trend_pullback,WATCH,100.0,GO,A,risk_on,5,390.7000,2026-06-03,-8.17,0.30,-8.26,false,true,stop_hit,2026-06-03
1b4494a589811ef4:5,1b4494a589811ef4,2026-05-27,ISP.MI,stock,trend_pullback,WATCH,100.0,GO,A,risk_on,5,5.7900,2026-06-03,-2.54,0.83,-2.54,false,false,negative,2026-06-03
c4b09cabbba14636:5,c4b09cabbba14636,2026-05-27,JNJ,stock,trend_pullback,WATCH,100.0,GO,A,risk_on,5,232.3150,2026-06-03,-3.54,-0.19,-4.94,false,true,stop_hit,2026-06-03
f2befcbb0d953728:5,f2befcbb0d953728,2026-05-27,MONC.MI,stock,trend_pullback,WATCH,53.7,NO_GO,D,risk_on,5,54.6600,2026-06-03,-1.43,4.28,-1.43,false,false,negative,2026-06-03
09229927b1481105:5,09229927b1481105,2026-05-27,MONC.MI,stock,controlled_breakout,WATCH,100.0,GO,A,risk_on,5,54.6600,2026-06-03,-1.43,4.28,-1.43,false,false,negative,2026-06-03
c2248992aee794d8:5,c2248992aee794d8,2026-05-27,NESN.SW,stock,trend_pullback,WATCH,100.0,GO,A,risk_on,5,81.0700,2026-06-03,-4.67,-0.32,-4.90,false,false,negative,2026-06-03
34f98d68602c1769:5,34f98d68602c1769,2026-05-27,NOVN.SW,stock,trend_pullback,WATCH,100.0,GO,A,risk_on,5,119.5800,2026-06-03,-5.07,-0.12,-6.77,false,true,stop_hit,2026-06-03
5bf2e57d3d3c9a0d:5,5bf2e57d3d3c9a0d,2026-05-27,NVDA,stock,trend_pullback_setup,WATCH,70.0,,,risk_on,5,210.7050,2026-06-03,2.60,10.24,0.20,false,false,positive,2026-06-03
06d15ba889fe3663:5,06d15ba889fe3663,2026-05-27,PRY.MI,stock,trend_pullback_setup,WATCH,70.0,,,risk_on,5,146.5000,2026-06-03,5.22,7.17,-1.37,false,false,positive,2026-06-03
fb1d8393653a0b11:5,fb1d8393653a0b11,2026-05-27,PST.MI,stock,near_breakout_setup,WATCH,69.0,,,risk_on,5,25.2000,2026-06-03,1.11,2.54,-0.99,false,false,positive,2026-06-03
5bf9ca7c0927aa31:5,5bf9ca7c0927aa31,2026-05-27,SIE.DE,stock,trend_pullback,WATCH,100.0,GO,A,risk_on,5,274.0500,2026-06-03,0.35,2.24,-2.54,false,false,positive,2026-06-03
ffc2edd2e427df68:5,ffc2edd2e427df68,2026-05-27,SU.PA,stock,trend_pullback_setup,WATCH,70.0,,,risk_on,5,268.9500,2026-06-03,5.39,7.10,-1.67,false,false,positive,2026-06-03
aee8d60fb9474844:5,aee8d60fb9474844,2026-05-27,SWDA.MI,etf,near_breakout_setup,WATCH,71.6,,,risk_on,5,122.8600,2026-06-03,0.85,1.42,-0.21,false,false,positive,2026-06-03
7bf7b6fee2927e26:5,7bf7b6fee2927e26,2026-05-27,TRN.MI,stock,trend_pullback_setup,WATCH,70.0,,,risk_on,5,9.8700,2026-06-03,-0.45,0.97,-2.57,false,false,negative,2026-06-03
144b86e03f110cfe:5,144b86e03f110cfe,2026-05-27,TTE.PA,stock,trend_pullback_setup,WATCH,70.0,,,risk_on,5,75.4200,2026-06-03,2.86,3.26,-0.94,false,false,positive,2026-06-03
21f88bdee91518ff:5,21f88bdee91518ff,2026-05-27,UCG.MI,stock,trend_pullback_setup,WATCH,70.0,,,risk_on,5,73.0900,2026-06-03,0.56,3.06,-1.16,false,false,positive,2026-06-03
51ce0a1b968f6a03:5,51ce0a1b968f6a03,2026-05-27,UNH,stock,trend_pullback,WATCH,100.0,GO,A,risk_on,5,383.3300,2026-06-03,0.41,1.55,-2.25,false,false,positive,2026-06-03
f6f27c1428c30aae:5,f6f27c1428c30aae,2026-05-27,XOM,stock,trend_pullback_setup,WATCH,70.0,,,risk_on,5,147.8875,2026-06-03,4.53,4.56,-2.15,false,false,positive,2026-06-03
