signal_id,date,symbol,name,instrument_type,action,strategy,score,opportunity_decision,opportunity_grade,market_regime,price,entry,stop,target,reward_risk,cost_pct,reason,meta_json,created_at
e9fbe91330465231,2026-05-02,AAPL,Apple,stock,WATCH,trend_pullback,88.3,,,unknown,280.1400,280.1400,265.0700,310.2800,2.00,,"Trend primario positivo, recente pullback verso medie brevi/intermedie, recupero sopra SMA20 e RSI in area non eccessivamente tirata. Segnale non eseguito in paper: capitale/size non sufficiente con i limiti attuali.","{""atr14"": 6.600896870904619, ""base_currency"": ""EUR"", ""benchmark"": ""EQQQ.MI"", ""close"": 280.1400146484375, ""currency"": ""USD"", ""fx_to_base"": 0.8529999852180481, ""priority"": ""leader"", ""recent_low"": 265.07000732421875, ""region"": ""us_growth"", ""role"": ""quality_mega_cap"", ""rsi14"": 66.43622144064634, ""score_breakdown"": {""base"": 50.0, ""cost"": 0.0, ""cost_pct"": 0.0, ""reward_risk"": 0.0, ""risk"": 8.0, ""risk_pct"": 5.38, ""rsi"": 5.0, ""strategy"": 8.0, ""trend"": 5.82, ""universe"": 4.0, ""volume"": 7.43}, ""sector"": ""consumer_technology"", ""sma20"": 266.35899963378904, ""sma200"": 254.90136817932128, ""sma50"": 261.2185998535156, ""universe_score"": 5, ""vol20"": 45801715.0, ""volume"": 79844600.0}",2026-05-02
402aa7fd241c0434,2026-05-02,AAPL,Apple,stock,WATCH,controlled_breakout,90.3,,,unknown,280.1400,280.1400,269.3991,301.6218,2.00,,"Breakout sopra massimo recente in trend primario positivo, con volume superiore alla media e RSI sotto soglia estrema. Segnale non eseguito in paper: capitale/size non sufficiente con i limiti attuali.","{""atr14"": 6.600896870904619, ""base_currency"": ""EUR"", ""benchmark"": ""EQQQ.MI"", ""close"": 280.1400146484375, ""currency"": ""USD"", ""fx_to_base"": 0.8529999852180481, ""high20_prev"": 276.0, ""priority"": ""leader"", ""region"": ""us_growth"", ""role"": ""quality_mega_cap"", ""rsi14"": 66.43622144064634, ""score_breakdown"": {""base"": 50.0, ""cost"": 0.0, ""cost_pct"": 0.0, ""reward_risk"": 0.0, ""risk"": 8.0, ""risk_pct"": 3.83, ""rsi"": 5.0, ""strategy"": 10.0, ""trend"": 5.82, ""universe"": 4.0, ""volume"": 7.43}, ""sector"": ""consumer_technology"", ""sma200"": 254.90136817932128, ""sma50"": 261.2185998535156, ""universe_score"": 5, ""vol20"": 45801715.0, ""volume"": 79844600.0}",2026-05-02
dfcc320194946123,2026-05-02,ASML.AS,ASML Holding,stock,WATCH,trend_pullback,91.6,,,unknown,1222.4000,1222.4000,1151.2819,1364.6362,2.00,,"Trend primario positivo, recente pullback verso medie brevi/intermedie, recupero sopra SMA20 e RSI in area non eccessivamente tirata. Segnale non eseguito in paper: capitale/size non sufficiente con i limiti attuali.","{""atr14"": 47.41205920555783, ""base_currency"": ""EUR"", ""benchmark"": ""EXW1.MI"", ""close"": 1222.4000244140625, ""currency"": ""EUR"", ""fx_to_base"": 1.0, ""priority"": ""leader"", ""recent_low"": 1167.4000244140625, ""region"": ""europe"", ""role"": ""european_leader"", ""rsi14"": 51.89416790453874, ""score_breakdown"": {""base"": 50.0, ""cost"": 0.0, ""cost_pct"": 0.0, ""reward_risk"": 0.0, ""risk"": 2.0, ""risk_pct"": 5.82, ""rsi"": 10.0, ""strategy"": 8.0, ""trend"": 18.0, ""universe"": 4.0, ""volume"": -0.43}, ""sector"": ""semiconductors"", ""sma20"": 1219.222882080078, ""sma200"": 951.7817419433594, ""sma50"": 1202.6642504882811, ""universe_score"": 5, ""vol20"": 702485.5, ""volume"": 672103.0}",2026-05-02
69c80b98b15e00f6,2026-05-02,CAT,Caterpillar,stock,WATCH,near_breakout_setup,56.3,,,unknown,889.6700,,,,,,Setup breakout in avvicinamento: prezzo vicino al massimo recente; attendere chiusura sopra livello con volumi adeguati.,"{""atr14"": 27.167362977551836, ""base_currency"": ""EUR"", ""benchmark"": ""CSSPX.MI"", ""close"": 889.6699829101562, ""currency"": ""USD"", ""fx_to_base"": 0.8529999852180481, ""high20_prev"": 896.97998046875, ""priority"": ""satellite"", ""readiness"": 56.3, ""region"": ""us"", ""role"": ""cyclical_leader"", ""rsi14"": 75.05457803640212, ""sector"": ""industrials"", ""sma200"": 588.7890493774414, ""sma50"": 749.2308276367188, ""universe_score"": 3, ""vol20"": 2299850.0, ""volume"": 2374900.0, ""volume_ratio"": 1.03}",2026-05-02
e4068e57fa49a991,2026-05-02,COST,Costco,stock,WATCH,trend_pullback_setup,70.0,,,unknown,1011.7000,,,,,,Setup pullback in formazione: trend primario positivo e prezzo tornato in zona utile; attendere recupero sopra SMA20.,"{""atr14"": 18.504608890021455, ""base_currency"": ""EUR"", ""benchmark"": ""CSSPX.MI"", ""close"": 1011.7000122070312, ""currency"": ""USD"", ""fx_to_base"": 0.8529999852180481, ""priority"": ""leader"", ""readiness"": 70.0, ""recent_low"": 983.6926068688012, ""region"": ""us"", ""role"": ""defensive_compounder"", ""rsi14"": 56.24197987980927, ""sector"": ""consumer_staples"", ""sma20"": 1002.1103057861328, ""sma200"": 947.7502108764648, ""sma50"": 995.4609143066406, ""universe_score"": 4, ""vol20"": 1763650.0, ""volume"": 1508700.0}",2026-05-02
8f93b2971ceee1ff,2026-05-02,CPR.MI,Campari,stock,WATCH,trend_pullback_setup,70.0,,,unknown,6.3000,,,,,,Setup pullback in formazione: trend primario positivo e prezzo tornato in zona utile; attendere recupero sopra SMA20.,"{""atr14"": 0.1452379400081539, ""base_currency"": ""EUR"", ""benchmark"": ""EXW1.MI"", ""close"": 6.300000190734863, ""currency"": ""EUR"", ""fx_to_base"": 1.0, ""priority"": ""satellite"", ""readiness"": 70.0, ""recent_low"": 6.076000213623047, ""region"": ""italy"", ""role"": ""quality_compounder"", ""rsi14"": 51.317365851978444, ""sector"": ""consumer_staples"", ""sma20"": 6.356362438201904, ""sma200"": 5.951271493434906, ""sma50"": 6.223901062011719, ""universe_score"": 3, ""vol20"": 4390769.05, ""volume"": 4580943.0}",2026-05-02
c3ae900b5acdf49f,2026-05-02,CSSPX.MI,iShares Core S&P 500 UCITS ETF,etf,WATCH,near_breakout_setup,68.2,,,unknown,656.9900,,,,,,Setup breakout in avvicinamento: prezzo vicino al massimo recente; attendere chiusura sopra livello con volumi adeguati.,"{""atr14"": 5.780584711124473, ""base_currency"": ""EUR"", ""benchmark"": ""SWDA.MI"", ""close"": 656.989990234375, ""currency"": ""EUR"", ""fx_to_base"": 1.0, ""high20_prev"": 658.6900024414062, ""priority"": ""core"", ""readiness"": 68.2, ""region"": ""us"", ""role"": ""core_us"", ""rsi14"": 73.0347962246802, ""sector"": ""broad_market"", ""sma200"": 615.6888485717774, ""sma50"": 627.7191955566407, ""universe_score"": 5, ""vol20"": 11701.95, ""volume"": 9624.0, ""volume_ratio"": 0.82}",2026-05-02
7843a2d026b668f0,2026-05-02,EIMI.MI,iShares Core MSCI Emerging Markets IMI UCITS ETF,etf,WATCH,near_breakout_setup,66.0,,,unknown,44.2950,,,,,,Setup breakout in avvicinamento: prezzo vicino al massimo recente; attendere chiusura sopra livello con volumi adeguati.,"{""atr14"": 0.730701667559825, ""base_currency"": ""EUR"", ""benchmark"": ""SWDA.MI"", ""close"": 44.29499816894531, ""currency"": ""EUR"", ""fx_to_base"": 1.0, ""high20_prev"": 44.59000015258789, ""priority"": ""satellite"", ""readiness"": 66.0, ""region"": ""global"", ""role"": ""satellite_emerging"", ""rsi14"": 62.77943120882588, ""sector"": ""emerging_markets"", ""sma200"": 38.6955500793457, ""sma50"": 42.057600021362305, ""universe_score"": 3, ""vol20"": 102265.3, ""volume"": 59453.0, ""volume_ratio"": 0.58}",2026-05-02
bf028ba05bf000b8,2026-05-02,ENEL.MI,Enel,stock,WATCH,trend_pullback,97.1,GO,A,unknown,9.9240,9.9240,9.6134,10.5452,2.00,4.32,"Trend primario positivo, recente pullback verso medie brevi/intermedie, recupero sopra SMA20 e RSI in area non eccessivamente tirata. Momento propizio: checklist A, score opportunità 94.1. Fondamentali: healthy (67.4/100, fondamentali sani). Segnale non eseguito in paper: Limite posizioni aperte raggiunto: 2/2.","{""atr14"": 0.20707700018228473, ""base_currency"": ""EUR"", ""benchmark"": ""EXW1.MI"", ""close"": 9.923999786376953, ""cost_pct"": 4.32, ""currency"": ""EUR"", ""distance_sma20_pct"": 1.31, ""fundamentals"": {""adjustment"": 3.0, ""error"": null, ""events"": {""latest_quarter"": null, ""next_earnings_date"": ""2026-05-07""}, ""metrics"": {""analyst_count"": 22.0, ""beta"": 0.896, ""current_price"": 9.924, ""current_ratio"": 0.728, ""debt_to_equity"": 147.444, ""dividend_yield"": 5.24, ""earnings_growth"": null, ""eps_revision_balance"": 1.0, ""ev_to_ebitda"": 8.662, ""forward_pe"": 13.293148, ""free_cashflow"": 3587749888.0, ""market_cap"": 98478465024.0, ""operating_cashflow"": 13925999616.0, ""operating_margin"": 0.17951, ""payout_ratio"": 1.2051, ""price_to_book"": 4.17501, ""price_to_sales"": 1.2403767, ""profit_margin"": 0.05322, ""recommendation_mean"": 2.26087, ""revenue_growth"": null, ""roe"": 0.11705, ""target_mean_price"": 10.17045, ""trailing_pe"": 25.446154}, ""reason"": ""fondamentali sani"", ""score"": 67.4, ""source"": ""yfinance"", ""state"": ""healthy"", ""subscores"": {""analyst"": 67.0, ""balance_sheet"": 50.0, ""cashflow"": 80.0, ""growth"": null, ""profitability"": 66.0, ""shareholder"": 28.0, ""valuation"": 84.0}}, ""fx_to_base"": 1.0, ""opportunity"": {""adjustment"": 22.0, ""checks"": [{""name"": ""mercato"", ""note"": ""contesto non leggibile"", ""points"": 0.0, ""status"": ""caution""}, {""name"": ""trend"", ""note"": ""prezzo sopra SMA50 e SMA200 ordinata"", ""points"": 6.0, ""status"": ""pass""}, {""name"": ""timing"", ""note"": ""rimbalzo vicino alla media breve"", ""points"": 10.0, ""status"": ""pass""}, {""name"": ""momentum"", ""note"": ""RSI in zona costruttiva"", ""points"": 4.0, ""status"": ""pass""}, {""name"": ""partecipazione"", ""note"": ""volume debole"", ""points"": -3.0, ""status"": ""caution""}, {""name"": ""rischio"", ""note"": ""stop abbastanza vicino ma non casuale"", ""points"": 5.0, ""status"": ""pass""}, {""name"": ""costi"", ""note"": ""costi elevati ma sotto limite"", ""points"": 0.0, ""status"": ""caution""}], ""decision"": ""GO"", ""grade"": ""A"", ""hard_blocks"": [], ""opportunity_score"": 94.1, ""technical_score"": 72.1, ""threshold"": 62.0}, ""priority"": ""satellite"", ""recent_low"": 9.619000434875488, ""region"": ""italy"", ""relative_strength"": {""adjustment"": 0.0, ""benchmark_return_pct"": null, ""benchmark_symbol"": ""EXW1.MI"", ""reason"": ""benchmark forza relativa non disponibile"", ""relative_strength_pct"": null, ""state"": ""unknown"", ""symbol_return_pct"": null}, ""risk_pct"": 3.13, ""role"": ""defensive_income"", ""rsi14"": 57.11419983459112, ""score_breakdown"": {""base"": 50.0, ""cost"": -15.0, ""cost_pct"": 4.32, ""reward_risk"": 0.0, ""risk"": 8.0, ""risk_pct"": 3.13, ""rsi"": 10.0, ""strategy"": 8.0, ""trend"": 12.74, ""universe"": 0.0, ""volume"": -1.64}, ""sector"": ""utilities"", ""sma20"": 9.795550060272216, ""sma200"": 8.65468908071518, ""sma50"": 9.62112003326416, ""universe_score"": 3, ""vol20"": 27940798.45, ""volume"": 23349886.0, ""volume_ratio"": 0.84}",2026-05-02
2d616829d677d127,2026-05-02,ENI.MI,Eni,stock,WATCH,trend_pullback,93.6,GO,A,unknown,24.0000,24.0000,22.2000,27.6000,2.00,4.17,"Trend primario positivo, recente pullback verso medie brevi/intermedie, recupero sopra SMA20 e RSI in area non eccessivamente tirata. Momento propizio: checklist A, score opportunità 93.6. Fondamentali: mixed (52.0/100, fondamentali misti, senza vantaggio chiaro). Segnale non eseguito in paper: Limite posizioni aperte raggiunto: 2/2.","{""atr14"": 0.7071824244419723, ""base_currency"": ""EUR"", ""benchmark"": ""EXW1.MI"", ""close"": 24.0, ""cost_pct"": 4.17, ""currency"": ""EUR"", ""distance_sma20_pct"": 2.35, ""fundamentals"": {""adjustment"": 0.0, ""error"": null, ""events"": {""latest_quarter"": null, ""next_earnings_date"": ""2026-04-24""}, ""metrics"": {""analyst_count"": 22.0, ""beta"": 0.26, ""current_price"": 24.0, ""current_ratio"": 1.472, ""debt_to_equity"": 67.357, ""dividend_yield"": 4.5, ""earnings_growth"": -0.081, ""eps_revision_balance"": 35.0, ""ev_to_ebitda"": 8.112, ""forward_pe"": 10.363141, ""free_cashflow"": -16551374848.0, ""market_cap"": 70587695104.0, ""operating_cashflow"": 12371999744.0, ""operating_margin"": 0.042919997, ""payout_ratio"": 1.0348, ""price_to_book"": 1.6531203, ""price_to_sales"": 0.835565, ""profit_margin"": 0.029679999, ""recommendation_mean"": 2.33333, ""revenue_growth"": -0.126, ""roe"": 0.059109997, ""target_mean_price"": 25.33182, ""trailing_pe"": 24.0}, ""reason"": ""fondamentali misti, senza vantaggio chiaro"", ""score"": 52.0, ""source"": ""yfinance"", ""state"": ""mixed"", ""subscores"": {""analyst"": 75.0, ""balance_sheet"": 73.0, ""cashflow"": 50.0, ""growth"": 15.0, ""profitability"": 49.7, ""shareholder"": 28.0, ""valuation"": 84.0}}, ""fx_to_base"": 1.0, ""opportunity"": {""adjustment"": 21.0, ""checks"": [{""name"": ""mercato"", ""note"": ""contesto non leggibile"", ""points"": 0.0, ""status"": ""caution""}, {""name"": ""trend"", ""note"": ""prezzo sopra SMA50 e SMA200 ordinata"", ""points"": 6.0, ""status"": ""pass""}, {""name"": ""timing"", ""note"": ""rimbalzo vicino alla media breve"", ""points"": 10.0, ""status"": ""pass""}, {""name"": ""momentum"", ""note"": ""RSI in zona costruttiva"", ""points"": 4.0, ""status"": ""pass""}, {""name"": ""partecipazione"", ""note"": ""volume nella norma"", ""points"": 0.0, ""status"": ""caution""}, {""name"": ""rischio"", ""note"": ""rischio accettabile ma non ideale"", ""points"": 1.0, ""status"": ""caution""}, {""name"": ""costi"", ""note"": ""costi elevati ma sotto limite"", ""points"": 0.0, ""status"": ""caution""}], ""decision"": ""GO"", ""grade"": ""A"", ""hard_blocks"": [], ""opportunity_score"": 93.6, ""technical_score"": 72.6, ""threshold"": 62.0}, ""priority"": ""satellite"", ""recent_low"": 22.200000762939453, ""region"": ""italy"", ""relative_strength"": {""adjustment"": 0.0, ""benchmark_return_pct"": null, ""benchmark_symbol"": ""EXW1.MI"", ""reason"": ""benchmark forza relativa non disponibile"", ""relative_strength_pct"": null, ""state"": ""unknown"", ""symbol_return_pct"": null}, ""risk_pct"": 7.5, ""role"": ""cyclical_income"", ""rsi14"": 58.99290160906734, ""score_breakdown"": {""base"": 50.0, ""cost"": -15.0, ""cost_pct"": 4.17, ""reward_risk"": 0.0, ""risk"": 2.0, ""risk_pct"": 7.5, ""rsi"": 10.0, ""strategy"": 8.0, ""trend"": 18.0, ""universe"": 0.0, ""volume"": -0.36}, ""sector"": ""energy"", ""sma20"": 23.44875020980835, ""sma200"": 16.996551027297972, ""sma50"": 22.103887939453124, ""universe_score"": 3, ""vol20"": 13645861.0, ""volume"": 13151974.0, ""volume_ratio"": 0.96}",2026-05-02
3861d74c392005e0,2026-05-02,EQQQ.MI,Invesco EQQQ Nasdaq-100 UCITS ETF,etf,WATCH,near_breakout_setup,66.0,,,unknown,568.5700,,,,,,Setup breakout in avvicinamento: prezzo vicino al massimo recente; attendere chiusura sopra livello con volumi adeguati.,"{""atr14"": 6.739644864076402, ""base_currency"": ""EUR"", ""benchmark"": ""CSSPX.MI"", ""close"": 568.5700073242188, ""currency"": ""EUR"", ""fx_to_base"": 1.0, ""high20_prev"": 569.469970703125, ""priority"": ""core"", ""readiness"": 66.0, ""region"": ""us_growth"", ""role"": ""growth_benchmark"", ""rsi14"": 73.34008852964654, ""sector"": ""technology_growth"", ""sma200"": 517.8436047363281, ""sma50"": 526.3116937255859, ""universe_score"": 4, ""vol20"": 5641.95, ""volume"": 2545.0, ""volume_ratio"": 0.45}",2026-05-02
0f1510e25815542f,2026-05-02,G.MI,Assicurazioni Generali,stock,WATCH,trend_pullback,78.9,GO,B,unknown,38.1000,38.1000,37.0491,40.2018,2.00,3.94,"Trend primario positivo, recente pullback verso medie brevi/intermedie, recupero sopra SMA20 e RSI in area non eccessivamente tirata. Momento propizio: checklist B, score opportunità 72.9. Fondamentali: strong (72.4/100, qualita fondamentale forte). Segnale non eseguito in paper: Limite posizioni aperte raggiunto: 2/2.","{""atr14"": 0.7006048612399004, ""base_currency"": ""EUR"", ""benchmark"": ""EXW1.MI"", ""close"": 38.099998474121094, ""cost_pct"": 3.94, ""currency"": ""EUR"", ""distance_sma20_pct"": 3.04, ""fundamentals"": {""adjustment"": 6.0, ""error"": null, ""events"": {""latest_quarter"": null, ""next_earnings_date"": ""2026-05-21""}, ""metrics"": {""analyst_count"": 18.0, ""beta"": 0.624, ""current_price"": 38.1, ""current_ratio"": 2.229, ""debt_to_equity"": 113.746, ""dividend_yield"": 4.3, ""earnings_growth"": null, ""eps_revision_balance"": 0.0, ""ev_to_ebitda"": 11.662, ""forward_pe"": 11.422952, ""free_cashflow"": 3450125056.0, ""market_cap"": 56996757504.0, ""operating_cashflow"": 19669000192.0, ""operating_margin"": 0.11055, ""payout_ratio"": 0.5319, ""price_to_book"": 1.7867192, ""price_to_sales"": 0.98605186, ""profit_margin"": 0.07218, ""recommendation_mean"": 2.27778, ""revenue_growth"": null, ""roe"": 0.13688, ""target_mean_price"": 37.26257, ""trailing_pe"": 14.163568}, ""reason"": ""qualita fondamentale forte"", ""score"": 72.4, ""source"": ""yfinance"", ""state"": ""strong"", ""subscores"": {""analyst"": 59.5, ""balance_sheet"": 71.5, ""cashflow"": 80.0, ""growth"": null, ""profitability"": 61.3, ""shareholder"": 78.0, ""valuation"": 84.0}}, ""fx_to_base"": 1.0, ""opportunity"": {""adjustment"": 12.0, ""checks"": [{""name"": ""mercato"", ""note"": ""contesto non leggibile"", ""points"": 0.0, ""status"": ""caution""}, {""name"": ""trend"", ""note"": ""prezzo sopra SMA50 e SMA200 ordinata"", ""points"": 6.0, ""status"": ""pass""}, {""name"": ""timing"", ""note"": ""rimbalzo valido ma già un po' esteso"", ""points"": 4.0, ""status"": ""caution""}, {""name"": ""momentum"", ""note"": ""RSI accettabile ma non ideale"", ""points"": 0.0, ""status"": ""caution""}, {""name"": ""partecipazione"", ""note"": ""volume debole"", ""points"": -3.0, ""status"": ""caution""}, {""name"": ""rischio"", ""note"": ""stop abbastanza vicino ma non casuale"", ""points"": 5.0, ""status"": ""pass""}, {""name"": ""costi"", ""note"": ""costi elevati ma sotto limite"", ""points"": 0.0, ""status"": ""caution""}], ""decision"": ""GO"", ""grade"": ""B"", ""hard_blocks"": [], ""opportunity_score"": 72.9, ""technical_score"": 60.9, ""threshold"": 62.0}, ""priority"": ""satellite"", ""recent_low"": 37.09000015258789, ""region"": ""italy"", ""relative_strength"": {""adjustment"": 0.0, ""benchmark_return_pct"": null, ""benchmark_symbol"": ""EXW1.MI"", ""reason"": ""benchmark forza relativa non disponibile"", ""relative_strength_pct"": null, ""state"": ""unknown"", ""symbol_return_pct"": null}, ""risk_pct"": 2.76, ""role"": ""defensive_financial"", ""rsi14"": 66.75320447086855, ""score_breakdown"": {""base"": 50.0, ""cost"": -15.0, ""cost_pct"": 3.94, ""reward_risk"": 0.0, ""risk"": 8.0, ""risk_pct"": 2.76, ""rsi"": 5.0, ""strategy"": 8.0, ""trend"": 7.44, ""universe"": 0.0, ""volume"": -2.51}, ""sector"": ""insurance"", ""sma20"": 36.97649974822998, ""sma200"": 34.08754991531372, ""sma50"": 35.41519966125488, ""universe_score"": 3, ""vol20"": 3227355.8, ""volume"": 2416817.0, ""volume_ratio"": 0.75}",2026-05-02
69370a8785cff471,2026-05-02,GOOGL,Alphabet,stock,WATCH,near_breakout_setup,57.2,,,unknown,385.6900,,,,,,Setup breakout in avvicinamento: prezzo vicino al massimo recente; attendere chiusura sopra livello con volumi adeguati.,"{""atr14"": 10.015726473758393, ""base_currency"": ""EUR"", ""benchmark"": ""EQQQ.MI"", ""close"": 385.69000244140625, ""currency"": ""USD"", ""fx_to_base"": 0.8529999852180481, ""high20_prev"": 385.8399963378906, ""priority"": ""leader"", ""readiness"": 57.2, ""region"": ""us_growth"", ""role"": ""quality_mega_cap"", ""rsi14"": 82.54065453375796, ""sector"": ""digital_platforms"", ""sma200"": 280.8664780426025, ""sma50"": 315.46421691894534, ""universe_score"": 5, ""vol20"": 26769485.0, ""volume"": 30075200.0, ""volume_ratio"": 1.12}",2026-05-02
6045d17841e3824b,2026-05-02,ISP.MI,Intesa Sanpaolo,stock,WATCH,trend_pullback,94.4,GO,A,unknown,5.7750,5.7750,5.5680,6.1890,2.00,4.00,"Trend primario positivo, recente pullback verso medie brevi/intermedie, recupero sopra SMA20 e RSI in area non eccessivamente tirata. Momento propizio: checklist A, score opportunità 88.4. Fondamentali: strong (77.6/100, qualita fondamentale forte). Segnale non eseguito in paper: Limite posizioni aperte raggiunto: 2/2.","{""atr14"": 0.13333450155940363, ""base_currency"": ""EUR"", ""benchmark"": ""EXW1.MI"", ""close"": 5.775000095367432, ""cost_pct"": 4.0, ""currency"": ""EUR"", ""distance_sma20_pct"": 1.8, ""fundamentals"": {""adjustment"": 6.0, ""error"": null, ""events"": {""latest_quarter"": null, ""next_earnings_date"": ""2026-05-08""}, ""metrics"": {""analyst_count"": 21.0, ""beta"": 0.817, ""current_price"": 5.775, ""current_ratio"": null, ""debt_to_equity"": null, ""dividend_yield"": 6.58, ""earnings_growth"": 0.231, ""eps_revision_balance"": 3.0, ""ev_to_ebitda"": null, ""forward_pe"": 9.342694, ""free_cashflow"": null, ""market_cap"": 100414160896.0, ""operating_cashflow"": 8234999808.0, ""operating_margin"": 0.50823003, ""payout_ratio"": 0.6735, ""price_to_book"": 1.5395895, ""price_to_sales"": 3.9661174, ""profit_margin"": 0.36816, ""recommendation_mean"": 1.7619, ""revenue_growth"": -0.0, ""roe"": 0.14294, ""target_mean_price"": 6.60952, ""trailing_pe"": 10.896227}, ""reason"": ""qualita fondamentale forte"", ""score"": 77.6, ""source"": ""yfinance"", ""state"": ""strong"", ""subscores"": {""analyst"": 76.0, ""balance_sheet"": null, ""cashflow"": 80.0, ""growth"": 72.5, ""profitability"": 84.7, ""shareholder"": 52.0, ""valuation"": 75.0}}, ""fx_to_base"": 1.0, ""opportunity"": {""adjustment"": 25.0, ""checks"": [{""name"": ""mercato"", ""note"": ""contesto non leggibile"", ""points"": 0.0, ""status"": ""caution""}, {""name"": ""trend"", ""note"": ""prezzo sopra SMA50 e SMA200 ordinata"", ""points"": 6.0, ""status"": ""pass""}, {""name"": ""timing"", ""note"": ""rimbalzo vicino alla media breve"", ""points"": 10.0, ""status"": ""pass""}, {""name"": ""momentum"", ""note"": ""RSI in zona costruttiva"", ""points"": 4.0, ""status"": ""pass""}, {""name"": ""partecipazione"", ""note"": ""volume nella norma"", ""points"": 0.0, ""status"": ""caution""}, {""name"": ""rischio"", ""note"": ""stop abbastanza vicino ma non casuale"", ""points"": 5.0, ""status"": ""pass""}, {""name"": ""costi"", ""note"": ""costi elevati ma sotto limite"", ""points"": 0.0, ""status"": ""caution""}], ""decision"": ""GO"", ""grade"": ""A"", ""hard_blocks"": [], ""opportunity_score"": 88.4, ""technical_score"": 63.4, ""threshold"": 62.0}, ""priority"": ""satellite"", ""recent_low"": 5.567999839782715, ""region"": ""italy"", ""relative_strength"": {""adjustment"": 0.0, ""benchmark_return_pct"": null, ""benchmark_symbol"": ""EXW1.MI"", ""reason"": ""benchmark forza relativa non disponibile"", ""relative_strength_pct"": null, ""state"": ""unknown"", ""symbol_return_pct"": null}, ""risk_pct"": 3.58, ""role"": ""italian_financial_leader"", ""rsi14"": 58.799270966680226, ""score_breakdown"": {""base"": 50.0, ""cost"": -15.0, ""cost_pct"": 4.0, ""reward_risk"": 0.0, ""risk"": 8.0, ""risk_pct"": 3.58, ""rsi"": 10.0, ""strategy"": 8.0, ""trend"": 2.6, ""universe"": 0.0, ""volume"": -0.17}, ""sector"": ""financials"", ""sma20"": 5.672950005531311, ""sma200"": 5.476568963527679, ""sma50"": 5.490939998626709, ""universe_score"": 3, ""vol20"": 52660509.1, ""volume"": 51778233.0, ""volume_ratio"": 0.98}",2026-05-02
88f19e7514af7345,2026-05-02,LLY,Eli Lilly,stock,WATCH,trend_pullback,70.9,,,unknown,963.3300,963.3300,850.5100,1188.9700,2.00,,"Trend primario positivo, recente pullback verso medie brevi/intermedie, recupero sopra SMA20 e RSI in area non eccessivamente tirata. Segnale non eseguito in paper: capitale/size non sufficiente con i limiti attuali.","{""atr14"": 32.789641383148386, ""base_currency"": ""EUR"", ""benchmark"": ""CSSPX.MI"", ""close"": 963.3300170898438, ""currency"": ""USD"", ""fx_to_base"": 0.8529999852180481, ""priority"": ""leader"", ""recent_low"": 850.510009765625, ""region"": ""us"", ""role"": ""healthcare_growth"", ""rsi14"": 57.88566854852979, ""score_breakdown"": {""base"": 50.0, ""cost"": 0.0, ""cost_pct"": 0.0, ""reward_risk"": 0.0, ""risk"": -8.0, ""risk_pct"": 11.71, ""rsi"": 10.0, ""strategy"": 8.0, ""trend"": 4.96, ""universe"": 2.0, ""volume"": 3.92}, ""sector"": ""healthcare"", ""sma20"": 916.5815063476563, ""sma200"": 909.5927084350586, ""sma50"": 947.6562048339844, ""universe_score"": 4, ""vol20"": 3125575.0, ""volume"": 4349900.0}",2026-05-02
c7f5e29a58990c89,2026-05-02,NESN.SW,Nestle,stock,WATCH,trend_pullback_setup,70.0,,,unknown,79.0500,,,,,,Setup pullback in formazione: trend primario positivo e prezzo tornato in zona utile; attendere recupero sopra SMA20.,"{""atr14"": 1.4910328683613379, ""base_currency"": ""EUR"", ""benchmark"": ""EXW1.MI"", ""close"": 79.05000305175781, ""currency"": ""CHF"", ""fx_to_base"": 1.0906000137329102, ""priority"": ""satellite"", ""readiness"": 70.0, ""recent_low"": 75.13999938964844, ""region"": ""europe"", ""role"": ""defensive_quality"", ""rsi14"": 58.744276555019766, ""sector"": ""consumer_staples"", ""sma20"": 76.9857177734375, ""sma200"": 74.10877914428711, ""sma50"": 76.70465377807618, ""universe_score"": 3, ""vol20"": 3830068.1, ""volume"": 3375302.0}",2026-05-02
76de530b5286bb9c,2026-05-02,NOVN.SW,Novartis,stock,WATCH,trend_pullback_setup,70.0,,,unknown,115.9000,,,,,,Setup pullback in formazione: trend primario positivo e prezzo tornato in zona utile; attendere recupero sopra SMA20.,"{""atr14"": 2.5018754770364766, ""base_currency"": ""EUR"", ""benchmark"": ""EXW1.MI"", ""close"": 115.9000015258789, ""currency"": ""CHF"", ""fx_to_base"": 1.0906000137329102, ""priority"": ""satellite"", ""readiness"": 70.0, ""recent_low"": 108.23999786376953, ""region"": ""europe"", ""role"": ""defensive_quality"", ""rsi14"": 44.63707560398698, ""sector"": ""healthcare"", ""sma20"": 118.22099990844727, ""sma200"": 106.2887226486206, ""sma50"": 120.17336563110352, ""universe_score"": 3, ""vol20"": 2600118.4, ""volume"": 3390647.0}",2026-05-02
747b3b29873112e7,2026-05-02,NVDA,NVIDIA,stock,WATCH,trend_pullback_setup,70.0,,,unknown,198.4500,,,,,,Setup pullback in formazione: trend primario positivo e prezzo tornato in zona utile; attendere recupero sopra SMA20.,"{""atr14"": 6.2788482720957965, ""base_currency"": ""EUR"", ""benchmark"": ""EQQQ.MI"", ""close"": 198.4499969482422, ""currency"": ""USD"", ""fx_to_base"": 0.8529999852180481, ""priority"": ""leader"", ""readiness"": 70.0, ""recent_low"": 197.1199951171875, ""region"": ""us_growth"", ""role"": ""ai_leader"", ""rsi14"": 52.98323584304902, ""sector"": ""semiconductors"", ""sma20"": 197.2240005493164, ""sma200"": 183.84133476257324, ""sma50"": 187.15159576416016, ""universe_score"": 5, ""vol20"": 147326550.0, ""volume"": 128257500.0}",2026-05-02
75c478951322233d,2026-05-02,PRY.MI,Prysmian,stock,WATCH,near_breakout_setup,78.0,,,unknown,127.9500,,,,,,Setup breakout in avvicinamento: prezzo vicino al massimo recente; attendere chiusura sopra livello con volumi adeguati.,"{""atr14"": 4.957739169867907, ""base_currency"": ""EUR"", ""benchmark"": ""EXW1.MI"", ""close"": 127.94999694824219, ""currency"": ""EUR"", ""fx_to_base"": 1.0, ""high20_prev"": 127.9000015258789, ""priority"": ""leader"", ""readiness"": 78.0, ""region"": ""italy"", ""role"": ""italian_global_leader"", ""rsi14"": 73.10526616214625, ""sector"": ""electrification"", ""sma200"": 89.00823320388794, ""sma50"": 106.02057189941407, ""universe_score"": 4, ""vol20"": 1057078.9, ""volume"": 1957170.0, ""volume_ratio"": 1.85}",2026-05-02
e98d0d04fd1ba5cf,2026-05-02,PST.MI,Poste Italiane,stock,WATCH,trend_pullback,91.4,GO,A,unknown,22.5900,22.5900,21.9500,23.8700,2.00,4.43,"Trend primario positivo, recente pullback verso medie brevi/intermedie, recupero sopra SMA20 e RSI in area non eccessivamente tirata. Momento propizio: checklist A, score opportunità 88.4. Fondamentali: healthy (65.2/100, fondamentali sani). Segnale non eseguito in paper: Limite posizioni aperte raggiunto: 2/2.","{""atr14"": 0.40976898893277786, ""base_currency"": ""EUR"", ""benchmark"": ""EXW1.MI"", ""close"": 22.59000015258789, ""cost_pct"": 4.43, ""currency"": ""EUR"", ""distance_sma20_pct"": 2.75, ""fundamentals"": {""adjustment"": 3.0, ""error"": null, ""events"": {""latest_quarter"": null, ""next_earnings_date"": ""2026-05-07""}, ""metrics"": {""analyst_count"": 14.0, ""beta"": 0.743, ""current_price"": 22.59, ""current_ratio"": 0.5, ""debt_to_equity"": 705.258, ""dividend_yield"": 5.53, ""earnings_growth"": 0.111, ""eps_revision_balance"": -2.0, ""ev_to_ebitda"": 27.37, ""forward_pe"": 11.604254, ""free_cashflow"": 4288000000.0, ""market_cap"": 29194020864.0, ""operating_cashflow"": 2703000064.0, ""operating_margin"": 0.21472, ""payout_ratio"": 0.6725, ""price_to_book"": 2.241961, ""price_to_sales"": 2.0814216, ""profit_margin"": 0.15785, ""recommendation_mean"": 2.07143, ""revenue_growth"": 0.044, ""roe"": 0.17396, ""target_mean_price"": 23.52143, ""trailing_pe"": 13.210526}, ""reason"": ""fondamentali sani"", ""score"": 65.2, ""source"": ""yfinance"", ""state"": ""healthy"", ""subscores"": {""analyst"": 52.0, ""balance_sheet"": 17.5, ""cashflow"": 80.0, ""growth"": 74.0, ""profitability"": 82.0, ""shareholder"": 52.0, ""valuation"": 70.0}}, ""fx_to_base"": 1.0, ""opportunity"": {""adjustment"": 19.0, ""checks"": [{""name"": ""mercato"", ""note"": ""contesto non leggibile"", ""points"": 0.0, ""status"": ""caution""}, {""name"": ""trend"", ""note"": ""prezzo sopra SMA50 e SMA200 ordinata"", ""points"": 6.0, ""status"": ""pass""}, {""name"": ""timing"", ""note"": ""rimbalzo valido ma già un po' esteso"", ""points"": 4.0, ""status"": ""caution""}, {""name"": ""momentum"", ""note"": ""RSI in zona costruttiva"", ""points"": 4.0, ""status"": ""pass""}, {""name"": ""partecipazione"", ""note"": ""volume nella norma"", ""points"": 0.0, ""status"": ""caution""}, {""name"": ""rischio"", ""note"": ""stop abbastanza vicino ma non casuale"", ""points"": 5.0, ""status"": ""pass""}, {""name"": ""costi"", ""note"": ""costi elevati ma sotto limite"", ""points"": 0.0, ""status"": ""caution""}], ""decision"": ""GO"", ""grade"": ""A"", ""hard_blocks"": [], ""opportunity_score"": 88.4, ""technical_score"": 69.4, ""threshold"": 62.0}, ""priority"": ""satellite"", ""recent_low"": 21.950000762939453, ""region"": ""italy"", ""relative_strength"": {""adjustment"": 0.0, ""benchmark_return_pct"": null, ""benchmark_symbol"": ""EXW1.MI"", ""reason"": ""benchmark forza relativa non disponibile"", ""relative_strength_pct"": null, ""state"": ""unknown"", ""symbol_return_pct"": null}, ""risk_pct"": 2.83, ""role"": ""defensive_income"", ""rsi14"": 62.534835908683135, ""score_breakdown"": {""base"": 50.0, ""cost"": -15.0, ""cost_pct"": 4.43, ""reward_risk"": 0.0, ""risk"": 8.0, ""risk_pct"": 2.83, ""rsi"": 10.0, ""strategy"": 8.0, ""trend"": 6.7, ""universe"": 0.0, ""volume"": 1.74}, ""sector"": ""financial_services"", ""sma20"": 21.985999870300294, ""sma200"": 20.759287519454958, ""sma50"": 21.789699935913085, ""universe_score"": 3, ""vol20"": 2357084.5, ""volume"": 2767837.0, ""volume_ratio"": 1.17}",2026-05-02
911bb000660d2cbf,2026-05-02,PST.MI,Poste Italiane,stock,WATCH,controlled_breakout,99.4,GO,A,unknown,22.5900,22.5900,22.1202,23.5296,2.00,4.43,"Breakout sopra massimo recente in trend primario positivo, con volume superiore alla media e RSI sotto soglia estrema. Momento propizio: checklist A, score opportunità 96.4. Fondamentali: healthy (65.2/100, fondamentali sani). Segnale non eseguito in paper: Limite posizioni aperte raggiunto: 2/2.","{""atr14"": 0.40976898893277786, ""base_currency"": ""EUR"", ""benchmark"": ""EXW1.MI"", ""breakout_extension_atr"": 0.15, ""close"": 22.59000015258789, ""cost_pct"": 4.43, ""currency"": ""EUR"", ""fundamentals"": {""adjustment"": 3.0, ""error"": null, ""events"": {""latest_quarter"": null, ""next_earnings_date"": ""2026-05-07""}, ""metrics"": {""analyst_count"": 14.0, ""beta"": 0.743, ""current_price"": 22.59, ""current_ratio"": 0.5, ""debt_to_equity"": 705.258, ""dividend_yield"": 5.53, ""earnings_growth"": 0.111, ""eps_revision_balance"": -2.0, ""ev_to_ebitda"": 27.37, ""forward_pe"": 11.604254, ""free_cashflow"": 4288000000.0, ""market_cap"": 29194020864.0, ""operating_cashflow"": 2703000064.0, ""operating_margin"": 0.21472, ""payout_ratio"": 0.6725, ""price_to_book"": 2.241961, ""price_to_sales"": 2.0814216, ""profit_margin"": 0.15785, ""recommendation_mean"": 2.07143, ""revenue_growth"": 0.044, ""roe"": 0.17396, ""target_mean_price"": 23.52143, ""trailing_pe"": 13.210526}, ""reason"": ""fondamentali sani"", ""score"": 65.2, ""source"": ""yfinance"", ""state"": ""healthy"", ""subscores"": {""analyst"": 52.0, ""balance_sheet"": 17.5, ""cashflow"": 80.0, ""growth"": 74.0, ""profitability"": 82.0, ""shareholder"": 52.0, ""valuation"": 70.0}}, ""fx_to_base"": 1.0, ""high20_prev"": 22.530000686645508, ""opportunity"": {""adjustment"": 25.0, ""checks"": [{""name"": ""mercato"", ""note"": ""contesto non leggibile"", ""points"": 0.0, ""status"": ""caution""}, {""name"": ""trend"", ""note"": ""prezzo sopra SMA50 e SMA200 ordinata"", ""points"": 6.0, ""status"": ""pass""}, {""name"": ""timing"", ""note"": ""breakout fresco, non ancora tirato"", ""points"": 10.0, ""status"": ""pass""}, {""name"": ""momentum"", ""note"": ""RSI in zona costruttiva"", ""points"": 4.0, ""status"": ""pass""}, {""name"": ""partecipazione"", ""note"": ""volume nella norma"", ""points"": 0.0, ""status"": ""caution""}, {""name"": ""rischio"", ""note"": ""stop abbastanza vicino ma non casuale"", ""points"": 5.0, ""status"": ""pass""}, {""name"": ""costi"", ""note"": ""costi elevati ma sotto limite"", ""points"": 0.0, ""status"": ""caution""}], ""decision"": ""GO"", ""grade"": ""A"", ""hard_blocks"": [], ""opportunity_score"": 96.4, ""technical_score"": 71.4, ""threshold"": 62.0}, ""priority"": ""satellite"", ""region"": ""italy"", ""relative_strength"": {""adjustment"": 0.0, ""benchmark_return_pct"": null, ""benchmark_symbol"": ""EXW1.MI"", ""reason"": ""benchmark forza relativa non disponibile"", ""relative_strength_pct"": null, ""state"": ""unknown"", ""symbol_return_pct"": null}, ""risk_pct"": 2.08, ""role"": ""defensive_income"", ""rsi14"": 62.534835908683135, ""score_breakdown"": {""base"": 50.0, ""cost"": -15.0, ""cost_pct"": 4.43, ""reward_risk"": 0.0, ""risk"": 8.0, ""risk_pct"": 2.08, ""rsi"": 10.0, ""strategy"": 10.0, ""trend"": 6.7, ""universe"": 0.0, ""volume"": 1.74}, ""sector"": ""financial_services"", ""sma200"": 20.759287519454958, ""sma50"": 21.789699935913085, ""universe_score"": 3, ""vol20"": 2357084.5, ""volume"": 2767837.0, ""volume_ratio"": 1.17}",2026-05-02
f0ec0375af1dfabe,2026-05-02,ROG.SW,Roche,stock,WATCH,trend_pullback,80.4,,,unknown,318.4000,318.4000,308.1603,338.8794,2.00,,"Trend primario positivo, recente pullback verso medie brevi/intermedie, recupero sopra SMA20 e RSI in area non eccessivamente tirata. Segnale non eseguito in paper: capitale/size non sufficiente con i limiti attuali.","{""atr14"": 6.826478181894405, ""base_currency"": ""EUR"", ""benchmark"": ""EXW1.MI"", ""close"": 318.3999938964844, ""currency"": ""CHF"", ""fx_to_base"": 1.0906000137329102, ""priority"": ""satellite"", ""recent_low"": 312.0, ""region"": ""europe"", ""role"": ""defensive_quality"", ""rsi14"": 48.7599532174141, ""score_breakdown"": {""base"": 50.0, ""cost"": 0.0, ""cost_pct"": 0.0, ""reward_risk"": 0.0, ""risk"": 8.0, ""risk_pct"": 3.22, ""rsi"": 5.0, ""strategy"": 8.0, ""trend"": 9.29, ""universe"": 0.0, ""volume"": 0.15}, ""sector"": ""healthcare"", ""sma20"": 317.7950012207031, ""sma200"": 295.0175001525879, ""sma50"": 325.70456970214843, ""universe_score"": 3, ""vol20"": 947774.15, ""volume"": 962049.0}",2026-05-02
2252d28d065571f0,2026-05-02,SU.PA,Schneider Electric,stock,WATCH,trend_pullback_setup,70.0,,,unknown,268.6000,,,,,,Setup pullback in formazione: trend primario positivo e prezzo tornato in zona utile; attendere recupero sopra SMA20.,"{""atr14"": 8.302359562849846, ""base_currency"": ""EUR"", ""benchmark"": ""EXW1.MI"", ""close"": 268.6000061035156, ""currency"": ""EUR"", ""fx_to_base"": 1.0, ""priority"": ""leader"", ""readiness"": 70.0, ""recent_low"": 261.04998779296875, ""region"": ""europe"", ""role"": ""industrial_compounder"", ""rsi14"": 56.04325314603578, ""sector"": ""electrification"", ""sma20"": 263.92749938964846, ""sma200"": 240.32099983215332, ""sma50"": 256.5820004272461, ""universe_score"": 4, ""vol20"": 975030.75, ""volume"": 1608611.0}",2026-05-02
a3ee8796005cfcb8,2026-05-02,SWDA.MI,iShares Core MSCI World UCITS ETF,etf,WATCH,near_breakout_setup,70.4,,,unknown,117.0700,,,,,,Setup breakout in avvicinamento: prezzo vicino al massimo recente; attendere chiusura sopra livello con volumi adeguati.,"{""atr14"": 1.0655992910573278, ""base_currency"": ""EUR"", ""benchmark"": ""SWDA.MI"", ""close"": 117.06999969482422, ""currency"": ""EUR"", ""fx_to_base"": 1.0, ""high20_prev"": 117.22000122070312, ""priority"": ""core"", ""readiness"": 70.4, ""region"": ""global"", ""role"": ""core_global"", ""rsi14"": 68.10592430392035, ""sector"": ""global_equity"", ""sma200"": 109.70434986114502, ""sma50"": 112.86799987792969, ""universe_score"": 5, ""vol20"": 104912.85, ""volume"": 108589.0, ""volume_ratio"": 1.04}",2026-05-02
1fd3826ecfad3443,2026-05-02,TRN.MI,Terna,stock,WATCH,trend_pullback,100.0,GO,A,unknown,10.2500,10.2500,9.9700,10.8100,2.00,4.18,"Trend primario positivo, recente pullback verso medie brevi/intermedie, recupero sopra SMA20 e RSI in area non eccessivamente tirata. Momento propizio: checklist A, score opportunità 98.1. Fondamentali: healthy (61.9/100, fondamentali sani). Segnale non eseguito in paper: Limite posizioni aperte raggiunto: 2/2.","{""atr14"": 0.18532276362305766, ""base_currency"": ""EUR"", ""benchmark"": ""EXW1.MI"", ""close"": 10.25, ""cost_pct"": 4.18, ""currency"": ""EUR"", ""distance_sma20_pct"": 1.0, ""fundamentals"": {""adjustment"": 3.0, ""error"": null, ""events"": {""latest_quarter"": null, ""next_earnings_date"": ""2026-05-07""}, ""metrics"": {""analyst_count"": 20.0, ""beta"": 0.617, ""current_price"": 10.25, ""current_ratio"": 0.918, ""debt_to_equity"": 199.372, ""dividend_yield"": 3.87, ""earnings_growth"": null, ""eps_revision_balance"": -4.0, ""ev_to_ebitda"": 12.319, ""forward_pe"": 18.35536, ""free_cashflow"": -867000000.0, ""market_cap"": 20569268224.0, ""operating_cashflow"": 2627699968.0, ""operating_margin"": 0.44978002, ""payout_ratio"": 0.7475, ""price_to_book"": 3.6142454, ""price_to_sales"": 5.1294937, ""profit_margin"": 0.27718002, ""recommendation_mean"": 2.8, ""revenue_growth"": null, ""roe"": 0.14498, ""target_mean_price"": 9.7275, ""trailing_pe"": 19.339624}, ""reason"": ""fondamentali sani"", ""score"": 61.9, ""source"": ""yfinance"", ""state"": ""healthy"", ""subscores"": {""analyst"": 34.0, ""balance_sheet"": 38.5, ""cashflow"": 50.0, ""growth"": null, ""profitability"": 84.7, ""shareholder"": 52.0, ""valuation"": 71.3}}, ""fx_to_base"": 1.0, ""opportunity"": {""adjustment"": 25.0, ""checks"": [{""name"": ""mercato"", ""note"": ""contesto non leggibile"", ""points"": 0.0, ""status"": ""caution""}, {""name"": ""trend"", ""note"": ""prezzo sopra SMA50 e SMA200 ordinata"", ""points"": 6.0, ""status"": ""pass""}, {""name"": ""timing"", ""note"": ""rimbalzo vicino alla media breve"", ""points"": 10.0, ""status"": ""pass""}, {""name"": ""momentum"", ""note"": ""RSI in zona costruttiva"", ""points"": 4.0, ""status"": ""pass""}, {""name"": ""partecipazione"", ""note"": ""volume nella norma"", ""points"": 0.0, ""status"": ""caution""}, {""name"": ""rischio"", ""note"": ""stop abbastanza vicino ma non casuale"", ""points"": 5.0, ""status"": ""pass""}, {""name"": ""costi"", ""note"": ""costi elevati ma sotto limite"", ""points"": 0.0, ""status"": ""caution""}], ""decision"": ""GO"", ""grade"": ""A"", ""hard_blocks"": [], ""opportunity_score"": 98.1, ""technical_score"": 73.1, ""threshold"": 62.0}, ""priority"": ""satellite"", ""recent_low"": 9.970000267028809, ""region"": ""italy"", ""relative_strength"": {""adjustment"": 0.0, ""benchmark_return_pct"": null, ""benchmark_symbol"": ""EXW1.MI"", ""reason"": ""benchmark forza relativa non disponibile"", ""relative_strength_pct"": null, ""state"": ""unknown"", ""symbol_return_pct"": null}, ""risk_pct"": 2.73, ""role"": ""defensive_income"", ""rsi14"": 57.137432263995464, ""score_breakdown"": {""base"": 50.0, ""cost"": -15.0, ""cost_pct"": 4.18, ""reward_risk"": 0.0, ""risk"": 8.0, ""risk_pct"": 2.73, ""rsi"": 10.0, ""strategy"": 8.0, ""trend"": 11.17, ""universe"": 0.0, ""volume"": 0.95}, ""sector"": ""utilities"", ""sma20"": 10.148850059509277, ""sma200"": 9.082452783584595, ""sma50"": 9.971620025634765, ""universe_score"": 3, ""vol20"": 3839479.1, ""volume"": 4205199.0, ""volume_ratio"": 1.1}",2026-05-02
87c077adb0490aae,2026-05-02,TTE.PA,TotalEnergies,stock,WATCH,trend_pullback,89.6,,,unknown,79.2900,79.2900,74.1000,89.6700,2.00,,"Trend primario positivo, recente pullback verso medie brevi/intermedie, recupero sopra SMA20 e RSI in area non eccessivamente tirata. Segnale non eseguito in paper: capitale/size non sufficiente con i limiti attuali.","{""atr14"": 2.1671780589652125, ""base_currency"": ""EUR"", ""benchmark"": ""EXW1.MI"", ""close"": 79.29000091552734, ""currency"": ""EUR"", ""fx_to_base"": 1.0, ""priority"": ""satellite"", ""recent_low"": 74.0999984741211, ""region"": ""europe"", ""role"": ""cyclical_leader"", ""rsi14"": 61.034789298329635, ""score_breakdown"": {""base"": 50.0, ""cost"": 0.0, ""cost_pct"": 0.0, ""reward_risk"": 0.0, ""risk"": 2.0, ""risk_pct"": 6.55, ""rsi"": 10.0, ""strategy"": 8.0, ""trend"": 18.0, ""universe"": 0.0, ""volume"": 1.57}, ""sector"": ""energy"", ""sma20"": 77.30550003051758, ""sma200"": 58.39596912384033, ""sma50"": 73.47340835571289, ""universe_score"": 3, ""vol20"": 5535151.5, ""volume"": 6401781.0}",2026-05-02
2355819646f181a1,2026-05-02,UCG.MI,UniCredit,stock,WATCH,trend_pullback_setup,70.0,,,unknown,65.6200,,,,,,Setup pullback in formazione: trend primario positivo e prezzo tornato in zona utile; attendere recupero sopra SMA20.,"{""atr14"": 2.0487910236656384, ""base_currency"": ""EUR"", ""benchmark"": ""EXW1.MI"", ""close"": 65.62000274658203, ""currency"": ""EUR"", ""fx_to_base"": 1.0, ""priority"": ""satellite"", ""readiness"": 70.0, ""recent_low"": 63.04999923706055, ""region"": ""italy"", ""role"": ""italian_financial_leader"", ""rsi14"": 51.14161876996512, ""sector"": ""financials"", ""sma20"": 65.73419227600098, ""sma200"": 64.41093458175659, ""sma50"": 65.30352447509766, ""universe_score"": 3, ""vol20"": 6701565.35, ""volume"": 7749229.0}",2026-05-02
b2ef9f3530781ccc,2026-05-02,WMT,Walmart,stock,WATCH,trend_pullback_setup,70.0,,,unknown,131.6000,,,,,,Setup pullback in formazione: trend primario positivo e prezzo tornato in zona utile; attendere recupero sopra SMA20.,"{""atr14"": 2.771565346551236, ""base_currency"": ""EUR"", ""benchmark"": ""CSSPX.MI"", ""close"": 131.60000610351562, ""currency"": ""USD"", ""fx_to_base"": 0.8529999852180481, ""priority"": ""leader"", ""readiness"": 70.0, ""recent_low"": 125.91000366210938, ""region"": ""us"", ""role"": ""defensive_compounder"", ""rsi14"": 60.955291254508545, ""sector"": ""consumer_staples"", ""sma20"": 127.76549949645997, ""sma200"": 112.050512008667, ""sma50"": 125.619091796875, ""universe_score"": 4, ""vol20"": 16565395.0, ""volume"": 10478500.0}",2026-05-02
5281f7e9ae6f3721,2026-05-02,WMT,Walmart,stock,WATCH,near_breakout_setup,66.3,,,unknown,131.6000,,,,,,Setup breakout in avvicinamento: prezzo vicino al massimo recente; attendere chiusura sopra livello con volumi adeguati.,"{""atr14"": 2.771565346551236, ""base_currency"": ""EUR"", ""benchmark"": ""CSSPX.MI"", ""close"": 131.60000610351562, ""currency"": ""USD"", ""fx_to_base"": 0.8529999852180481, ""high20_prev"": 132.4600067138672, ""priority"": ""leader"", ""readiness"": 66.3, ""region"": ""us"", ""role"": ""defensive_compounder"", ""rsi14"": 60.955291254508545, ""sector"": ""consumer_staples"", ""sma200"": 112.050512008667, ""sma50"": 125.619091796875, ""universe_score"": 4, ""vol20"": 16565395.0, ""volume"": 10478500.0, ""volume_ratio"": 0.63}",2026-05-02
ca9301efde4674fb,2026-05-02,XOM,Exxon Mobil,stock,WATCH,trend_pullback_setup,70.0,,,unknown,152.7500,,,,,,Setup pullback in formazione: trend primario positivo e prezzo tornato in zona utile; attendere recupero sopra SMA20.,"{""atr14"": 4.435089868442356, ""base_currency"": ""EUR"", ""benchmark"": ""CSSPX.MI"", ""close"": 152.75, ""currency"": ""USD"", ""fx_to_base"": 0.8529999852180481, ""priority"": ""satellite"", ""readiness"": 70.0, ""recent_low"": 146.9499969482422, ""region"": ""us"", ""role"": ""cyclical_leader"", ""rsi14"": 49.320898801558045, ""sector"": ""energy"", ""sma20"": 152.29199905395507, ""sma200"": 126.7495562362671, ""sma50"": 154.8225994873047, ""universe_score"": 3, ""vol20"": 18661655.0, ""volume"": 15453300.0}",2026-05-02
f4f63d75d0eedb42,2026-05-03,AAPL,Apple,stock,WATCH,trend_pullback,66.3,NO_GO,C,risk_on,280.1400,280.1400,265.0700,310.2800,2.00,2.51,"Trend primario positivo, recente pullback verso medie brevi/intermedie, recupero sopra SMA20 e RSI in area non eccessivamente tirata. Forza relativa debole: -5.16% rispetto a EQQQ.MI. Momento non propizio: prezzo troppo distante dalla SMA20, costi troppo pesanti.","{""atr14"": 6.600896870993265, ""base_currency"": ""EUR"", ""benchmark"": ""EQQQ.MI"", ""close"": 280.1400146484375, ""cost_pct"": 2.51, ""currency"": ""USD"", ""distance_sma20_pct"": 5.17, ""fx_to_base"": 0.8529999852180481, ""opportunity"": {""adjustment"": 1.0, ""checks"": [{""name"": ""mercato"", ""note"": ""contesto generale favorevole"", ""points"": 4.0, ""status"": ""pass""}, {""name"": ""trend"", ""note"": ""prezzo sopra SMA50 e SMA200 ordinata"", ""points"": 6.0, ""status"": ""pass""}, {""name"": ""timing"", ""note"": ""pullback già troppo rincorso"", ""points"": -10.0, ""status"": ""fail""}, {""name"": ""momentum"", ""note"": ""RSI accettabile ma non ideale"", ""points"": 0.0, ""status"": ""caution""}, {""name"": ""partecipazione"", ""note"": ""volume sopra media"", ""points"": 4.0, ""status"": ""pass""}, {""name"": ""rischio"", ""note"": ""stop abbastanza vicino ma non casuale"", ""points"": 5.0, ""status"": ""pass""}, {""name"": ""costi"", ""note"": ""commissioni incidono troppo sul controvalore"", ""points"": -8.0, ""status"": ""fail""}], ""decision"": ""NO_GO"", ""grade"": ""C"", ""hard_blocks"": [""prezzo troppo distante dalla SMA20"", ""costi troppo pesanti""], ""opportunity_score"": 66.3, ""technical_score"": 65.3, ""threshold"": 62.0}, ""priority"": ""leader"", ""recent_low"": 265.07000732421875, ""region"": ""us_growth"", ""relative_strength"": {""adjustment"": -8.0, ""benchmark_return_pct"": 6.57, ""benchmark_symbol"": ""EQQQ.MI"", ""reason"": ""strumento più debole del benchmark nel periodo recente"", ""relative_strength_pct"": -5.16, ""state"": ""weak"", ""symbol_return_pct"": 1.41}, ""risk_pct"": 5.38, ""role"": ""quality_mega_cap"", ""rsi14"": 66.43622143979809, ""score_breakdown"": {""base"": 50.0, ""cost"": -15.0, ""cost_pct"": 2.51, ""reward_risk"": 0.0, ""risk"": 8.0, ""risk_pct"": 5.38, ""rsi"": 5.0, ""strategy"": 8.0, ""trend"": 5.82, ""universe"": 4.0, ""volume"": 7.43}, ""sector"": ""consumer_technology"", ""sma20"": 266.35899963378904, ""sma200"": 254.90136848449708, ""sma50"": 261.2185998535156, ""universe_score"": 5, ""vol20"": 45801715.0, ""volume"": 79844600.0, ""volume_ratio"": 1.74}",2026-05-03
86893244309e975d,2026-05-03,AAPL,Apple,stock,WATCH,controlled_breakout,88.3,NO_GO,A,risk_on,280.1400,280.1400,269.3991,301.6218,2.00,2.51,"Breakout sopra massimo recente in trend primario positivo, con volume superiore alla media e RSI sotto soglia estrema. Forza relativa debole: -5.16% rispetto a EQQQ.MI. Momento non propizio: costi troppo pesanti.","{""atr14"": 6.600896870993265, ""base_currency"": ""EUR"", ""benchmark"": ""EQQQ.MI"", ""breakout_extension_atr"": 0.63, ""close"": 280.1400146484375, ""cost_pct"": 2.51, ""currency"": ""USD"", ""fx_to_base"": 0.8529999852180481, ""high20_prev"": 276.0, ""opportunity"": {""adjustment"": 21.0, ""checks"": [{""name"": ""mercato"", ""note"": ""contesto generale favorevole"", ""points"": 4.0, ""status"": ""pass""}, {""name"": ""trend"", ""note"": ""prezzo sopra SMA50 e SMA200 ordinata"", ""points"": 6.0, ""status"": ""pass""}, {""name"": ""timing"", ""note"": ""breakout fresco, non ancora tirato"", ""points"": 10.0, ""status"": ""pass""}, {""name"": ""momentum"", ""note"": ""RSI accettabile ma non ideale"", ""points"": 0.0, ""status"": ""caution""}, {""name"": ""partecipazione"", ""note"": ""volume sopra media"", ""points"": 4.0, ""status"": ""pass""}, {""name"": ""rischio"", ""note"": ""stop abbastanza vicino ma non casuale"", ""points"": 5.0, ""status"": ""pass""}, {""name"": ""costi"", ""note"": ""commissioni incidono troppo sul controvalore"", ""points"": -8.0, ""status"": ""fail""}], ""decision"": ""NO_GO"", ""grade"": ""A"", ""hard_blocks"": [""costi troppo pesanti""], ""opportunity_score"": 88.3, ""technical_score"": 67.3, ""threshold"": 62.0}, ""priority"": ""leader"", ""region"": ""us_growth"", ""relative_strength"": {""adjustment"": -8.0, ""benchmark_return_pct"": 6.57, ""benchmark_symbol"": ""EQQQ.MI"", ""reason"": ""strumento più debole del benchmark nel periodo recente"", ""relative_strength_pct"": -5.16, ""state"": ""weak"", ""symbol_return_pct"": 1.41}, ""risk_pct"": 3.83, ""role"": ""quality_mega_cap"", ""rsi14"": 66.43622143979809, ""score_breakdown"": {""base"": 50.0, ""cost"": -15.0, ""cost_pct"": 2.51, ""reward_risk"": 0.0, ""risk"": 8.0, ""risk_pct"": 3.83, ""rsi"": 5.0, ""strategy"": 10.0, ""trend"": 5.82, ""universe"": 4.0, ""volume"": 7.43}, ""sector"": ""consumer_technology"", ""sma200"": 254.90136848449708, ""sma50"": 261.2185998535156, ""universe_score"": 5, ""vol20"": 45801715.0, ""volume"": 79844600.0, ""volume_ratio"": 1.74}",2026-05-03
c50cd3ddf299138f,2026-05-03,ASML.AS,ASML Holding,stock,WATCH,trend_pullback,93.6,NO_GO,A,risk_on,1222.4000,1222.4000,1151.2819,1364.6362,2.00,2.51,"Trend primario positivo, recente pullback verso medie brevi/intermedie, recupero sopra SMA20 e RSI in area non eccessivamente tirata. Momento non propizio: costi troppo pesanti.","{""atr14"": 47.41205916308167, ""base_currency"": ""EUR"", ""benchmark"": ""EXW1.MI"", ""close"": 1222.4000244140625, ""cost_pct"": 2.51, ""currency"": ""EUR"", ""distance_sma20_pct"": 0.26, ""fx_to_base"": 1.0, ""opportunity"": {""adjustment"": 17.0, ""checks"": [{""name"": ""mercato"", ""note"": ""contesto generale favorevole"", ""points"": 4.0, ""status"": ""pass""}, {""name"": ""trend"", ""note"": ""prezzo sopra SMA50 e SMA200 ordinata"", ""points"": 6.0, ""status"": ""pass""}, {""name"": ""timing"", ""note"": ""rimbalzo vicino alla media breve"", ""points"": 10.0, ""status"": ""pass""}, {""name"": ""momentum"", ""note"": ""RSI in zona costruttiva"", ""points"": 4.0, ""status"": ""pass""}, {""name"": ""partecipazione"", ""note"": ""volume nella norma"", ""points"": 0.0, ""status"": ""caution""}, {""name"": ""rischio"", ""note"": ""rischio accettabile ma non ideale"", ""points"": 1.0, ""status"": ""caution""}, {""name"": ""costi"", ""note"": ""commissioni incidono troppo sul controvalore"", ""points"": -8.0, ""status"": ""fail""}], ""decision"": ""NO_GO"", ""grade"": ""A"", ""hard_blocks"": [""costi troppo pesanti""], ""opportunity_score"": 93.6, ""technical_score"": 76.6, ""threshold"": 62.0}, ""priority"": ""leader"", ""recent_low"": 1167.4000244140625, ""region"": ""europe"", ""relative_strength"": {""adjustment"": 0.0, ""benchmark_return_pct"": null, ""benchmark_symbol"": ""EXW1.MI"", ""reason"": ""benchmark forza relativa non disponibile"", ""relative_strength_pct"": null, ""state"": ""unknown"", ""symbol_return_pct"": null}, ""risk_pct"": 5.82, ""role"": ""european_leader"", ""rsi14"": 51.894167881726524, ""score_breakdown"": {""base"": 50.0, ""cost"": -15.0, ""cost_pct"": 2.51, ""reward_risk"": 0.0, ""risk"": 2.0, ""risk_pct"": 5.82, ""rsi"": 10.0, ""strategy"": 8.0, ""trend"": 18.0, ""universe"": 4.0, ""volume"": -0.43}, ""sector"": ""semiconductors"", ""sma20"": 1219.222882080078, ""sma200"": 951.7817391967774, ""sma50"": 1202.6642504882811, ""universe_score"": 5, ""vol20"": 702485.5, ""volume"": 672103.0, ""volume_ratio"": 0.96}",2026-05-03
150fe8694791b9d8,2026-05-03,CAT,Caterpillar,stock,WATCH,near_breakout_setup,56.3,,,risk_on,889.6700,,,,,,Setup breakout in avvicinamento: prezzo vicino al massimo recente; attendere chiusura sopra livello con volumi adeguati.,"{""atr14"": 27.167362977846842, ""base_currency"": ""EUR"", ""benchmark"": ""CSSPX.MI"", ""close"": 889.6699829101562, ""currency"": ""USD"", ""fx_to_base"": 0.8529999852180481, ""high20_prev"": 896.97998046875, ""priority"": ""satellite"", ""readiness"": 56.3, ""region"": ""us"", ""role"": ""cyclical_leader"", ""rsi14"": 75.05457803618984, ""sector"": ""industrials"", ""sma200"": 588.7890480041503, ""sma50"": 749.2308276367188, ""universe_score"": 3, ""vol20"": 2299850.0, ""volume"": 2374900.0, ""volume_ratio"": 1.03}",2026-05-03
acc481727d151d18,2026-05-03,COST,Costco,stock,WATCH,trend_pullback_setup,70.0,,,risk_on,1011.7000,,,,,,Setup pullback in formazione: trend primario positivo e prezzo tornato in zona utile; attendere recupero sopra SMA20.,"{""atr14"": 18.50460882736504, ""base_currency"": ""EUR"", ""benchmark"": ""CSSPX.MI"", ""close"": 1011.7000122070312, ""currency"": ""USD"", ""fx_to_base"": 0.8529999852180481, ""priority"": ""leader"", ""readiness"": 70.0, ""recent_low"": 983.6926068688012, ""region"": ""us"", ""role"": ""defensive_compounder"", ""rsi14"": 56.241979963749955, ""sector"": ""consumer_staples"", ""sma20"": 1002.1103057861328, ""sma200"": 947.7502084350585, ""sma50"": 995.4609143066406, ""universe_score"": 4, ""vol20"": 1763650.0, ""volume"": 1508700.0}",2026-05-03
3f579a91146eeb5d,2026-05-03,CPR.MI,Campari,stock,WATCH,trend_pullback_setup,70.0,,,risk_on,6.3000,,,,,,Setup pullback in formazione: trend primario positivo e prezzo tornato in zona utile; attendere recupero sopra SMA20.,"{""atr14"": 0.14523794000856924, ""base_currency"": ""EUR"", ""benchmark"": ""EXW1.MI"", ""close"": 6.300000190734863, ""currency"": ""EUR"", ""fx_to_base"": 1.0, ""priority"": ""satellite"", ""readiness"": 70.0, ""recent_low"": 6.076000213623047, ""region"": ""italy"", ""role"": ""quality_compounder"", ""rsi14"": 51.3173658516485, ""sector"": ""consumer_staples"", ""sma20"": 6.356362438201904, ""sma200"": 5.951271493434906, ""sma50"": 6.223901062011719, ""universe_score"": 3, ""vol20"": 4390769.05, ""volume"": 4580943.0}",2026-05-03
f44e749ab7297544,2026-05-03,CSSPX.MI,iShares Core S&P 500 UCITS ETF,etf,WATCH,near_breakout_setup,68.2,,,risk_on,656.9900,,,,,,Setup breakout in avvicinamento: prezzo vicino al massimo recente; attendere chiusura sopra livello con volumi adeguati.,"{""atr14"": 5.780584711134757, ""base_currency"": ""EUR"", ""benchmark"": ""SWDA.MI"", ""close"": 656.989990234375, ""currency"": ""EUR"", ""fx_to_base"": 1.0, ""high20_prev"": 658.6900024414062, ""priority"": ""core"", ""readiness"": 68.2, ""region"": ""us"", ""role"": ""core_us"", ""rsi14"": 73.03479622424148, ""sector"": ""broad_market"", ""sma200"": 615.6888485717774, ""sma50"": 627.7191955566407, ""universe_score"": 5, ""vol20"": 11701.95, ""volume"": 9624.0, ""volume_ratio"": 0.82}",2026-05-03
9f6abc6b9dc1f0ee,2026-05-03,EIMI.MI,iShares Core MSCI Emerging Markets IMI UCITS ETF,etf,WATCH,near_breakout_setup,66.0,,,risk_on,44.2950,,,,,,Setup breakout in avvicinamento: prezzo vicino al massimo recente; attendere chiusura sopra livello con volumi adeguati.,"{""atr14"": 0.7307016675591957, ""base_currency"": ""EUR"", ""benchmark"": ""SWDA.MI"", ""close"": 44.29499816894531, ""currency"": ""EUR"", ""fx_to_base"": 1.0, ""high20_prev"": 44.59000015258789, ""priority"": ""satellite"", ""readiness"": 66.0, ""region"": ""global"", ""role"": ""satellite_emerging"", ""rsi14"": 62.77943120872699, ""sector"": ""emerging_markets"", ""sma200"": 38.6955500793457, ""sma50"": 42.057600021362305, ""universe_score"": 3, ""vol20"": 102265.3, ""volume"": 59453.0, ""volume_ratio"": 0.58}",2026-05-03
ff630e639f56ffe3,2026-05-03,ENEL.MI,Enel,stock,WATCH,trend_pullback,90.1,NO_GO,A,risk_on,9.9240,9.9240,9.6134,10.5452,2.00,2.51,"Trend primario positivo, recente pullback verso medie brevi/intermedie, recupero sopra SMA20 e RSI in area non eccessivamente tirata. Momento non propizio: costi troppo pesanti.","{""atr14"": 0.20707700018257355, ""base_currency"": ""EUR"", ""benchmark"": ""EXW1.MI"", ""close"": 9.923999786376953, ""cost_pct"": 2.51, ""currency"": ""EUR"", ""distance_sma20_pct"": 1.31, ""fx_to_base"": 1.0, ""opportunity"": {""adjustment"": 18.0, ""checks"": [{""name"": ""mercato"", ""note"": ""contesto generale favorevole"", ""points"": 4.0, ""status"": ""pass""}, {""name"": ""trend"", ""note"": ""prezzo sopra SMA50 e SMA200 ordinata"", ""points"": 6.0, ""status"": ""pass""}, {""name"": ""timing"", ""note"": ""rimbalzo vicino alla media breve"", ""points"": 10.0, ""status"": ""pass""}, {""name"": ""momentum"", ""note"": ""RSI in zona costruttiva"", ""points"": 4.0, ""status"": ""pass""}, {""name"": ""partecipazione"", ""note"": ""volume debole"", ""points"": -3.0, ""status"": ""caution""}, {""name"": ""rischio"", ""note"": ""stop abbastanza vicino ma non casuale"", ""points"": 5.0, ""status"": ""pass""}, {""name"": ""costi"", ""note"": ""commissioni incidono troppo sul controvalore"", ""points"": -8.0, ""status"": ""fail""}], ""decision"": ""NO_GO"", ""grade"": ""A"", ""hard_blocks"": [""costi troppo pesanti""], ""opportunity_score"": 90.1, ""technical_score"": 72.1, ""threshold"": 62.0}, ""priority"": ""satellite"", ""recent_low"": 9.619000434875488, ""region"": ""italy"", ""relative_strength"": {""adjustment"": 0.0, ""benchmark_return_pct"": null, ""benchmark_symbol"": ""EXW1.MI"", ""reason"": ""benchmark forza relativa non disponibile"", ""relative_strength_pct"": null, ""state"": ""unknown"", ""symbol_return_pct"": null}, ""risk_pct"": 3.13, ""role"": ""defensive_income"", ""rsi14"": 57.114199834687085, ""score_breakdown"": {""base"": 50.0, ""cost"": -15.0, ""cost_pct"": 2.51, ""reward_risk"": 0.0, ""risk"": 8.0, ""risk_pct"": 3.13, ""rsi"": 10.0, ""strategy"": 8.0, ""trend"": 12.74, ""universe"": 0.0, ""volume"": -1.64}, ""sector"": ""utilities"", ""sma20"": 9.795550060272216, ""sma200"": 8.654689078330994, ""sma50"": 9.62112003326416, ""universe_score"": 3, ""vol20"": 27940798.45, ""volume"": 23349886.0, ""volume_ratio"": 0.84}",2026-05-03
c0a5c68f6c17b8af,2026-05-03,ENI.MI,Eni,stock,WATCH,trend_pullback,89.6,NO_GO,A,risk_on,24.0000,24.0000,22.2000,27.6000,2.00,2.51,"Trend primario positivo, recente pullback verso medie brevi/intermedie, recupero sopra SMA20 e RSI in area non eccessivamente tirata. Momento non propizio: costi troppo pesanti.","{""atr14"": 0.7071824244140721, ""base_currency"": ""EUR"", ""benchmark"": ""EXW1.MI"", ""close"": 24.0, ""cost_pct"": 2.51, ""currency"": ""EUR"", ""distance_sma20_pct"": 2.35, ""fx_to_base"": 1.0, ""opportunity"": {""adjustment"": 17.0, ""checks"": [{""name"": ""mercato"", ""note"": ""contesto generale favorevole"", ""points"": 4.0, ""status"": ""pass""}, {""name"": ""trend"", ""note"": ""prezzo sopra SMA50 e SMA200 ordinata"", ""points"": 6.0, ""status"": ""pass""}, {""name"": ""timing"", ""note"": ""rimbalzo vicino alla media breve"", ""points"": 10.0, ""status"": ""pass""}, {""name"": ""momentum"", ""note"": ""RSI in zona costruttiva"", ""points"": 4.0, ""status"": ""pass""}, {""name"": ""partecipazione"", ""note"": ""volume nella norma"", ""points"": 0.0, ""status"": ""caution""}, {""name"": ""rischio"", ""note"": ""rischio accettabile ma non ideale"", ""points"": 1.0, ""status"": ""caution""}, {""name"": ""costi"", ""note"": ""commissioni incidono troppo sul controvalore"", ""points"": -8.0, ""status"": ""fail""}], ""decision"": ""NO_GO"", ""grade"": ""A"", ""hard_blocks"": [""costi troppo pesanti""], ""opportunity_score"": 89.6, ""technical_score"": 72.6, ""threshold"": 62.0}, ""priority"": ""satellite"", ""recent_low"": 22.200000762939453, ""region"": ""italy"", ""relative_strength"": {""adjustment"": 0.0, ""benchmark_return_pct"": null, ""benchmark_symbol"": ""EXW1.MI"", ""reason"": ""benchmark forza relativa non disponibile"", ""relative_strength_pct"": null, ""state"": ""unknown"", ""symbol_return_pct"": null}, ""risk_pct"": 7.5, ""role"": ""cyclical_income"", ""rsi14"": 58.99290161099129, ""score_breakdown"": {""base"": 50.0, ""cost"": -15.0, ""cost_pct"": 2.51, ""reward_risk"": 0.0, ""risk"": 2.0, ""risk_pct"": 7.5, ""rsi"": 10.0, ""strategy"": 8.0, ""trend"": 18.0, ""universe"": 0.0, ""volume"": -0.36}, ""sector"": ""energy"", ""sma20"": 23.44875020980835, ""sma200"": 16.996551003456116, ""sma50"": 22.103887939453124, ""universe_score"": 3, ""vol20"": 13645861.0, ""volume"": 13151974.0, ""volume_ratio"": 0.96}",2026-05-03
9bd2ad52a3d50974,2026-05-03,EQQQ.MI,Invesco EQQQ Nasdaq-100 UCITS ETF,etf,WATCH,near_breakout_setup,66.0,,,risk_on,568.5700,,,,,,Setup breakout in avvicinamento: prezzo vicino al massimo recente; attendere chiusura sopra livello con volumi adeguati.,"{""atr14"": 6.7396448528410415, ""base_currency"": ""EUR"", ""benchmark"": ""CSSPX.MI"", ""close"": 568.5700073242188, ""currency"": ""EUR"", ""fx_to_base"": 1.0, ""high20_prev"": 569.469970703125, ""priority"": ""core"", ""readiness"": 66.0, ""region"": ""us_growth"", ""role"": ""growth_benchmark"", ""rsi14"": 73.34008856806862, ""sector"": ""technology_growth"", ""sma200"": 517.8436030578613, ""sma50"": 526.3116937255859, ""universe_score"": 4, ""vol20"": 5641.95, ""volume"": 2545.0, ""volume_ratio"": 0.45}",2026-05-03
aa1343fdcc1ccd6d,2026-05-03,G.MI,Assicurazioni Generali,stock,WATCH,trend_pullback,68.9,NO_GO,C,risk_on,38.1000,38.1000,37.0491,40.2018,2.00,2.51,"Trend primario positivo, recente pullback verso medie brevi/intermedie, recupero sopra SMA20 e RSI in area non eccessivamente tirata. Momento non propizio: costi troppo pesanti.","{""atr14"": 0.700604861240485, ""base_currency"": ""EUR"", ""benchmark"": ""EXW1.MI"", ""close"": 38.099998474121094, ""cost_pct"": 2.51, ""currency"": ""EUR"", ""distance_sma20_pct"": 3.04, ""fx_to_base"": 1.0, ""opportunity"": {""adjustment"": 8.0, ""checks"": [{""name"": ""mercato"", ""note"": ""contesto generale favorevole"", ""points"": 4.0, ""status"": ""pass""}, {""name"": ""trend"", ""note"": ""prezzo sopra SMA50 e SMA200 ordinata"", ""points"": 6.0, ""status"": ""pass""}, {""name"": ""timing"", ""note"": ""rimbalzo valido ma già un po' esteso"", ""points"": 4.0, ""status"": ""caution""}, {""name"": ""momentum"", ""note"": ""RSI accettabile ma non ideale"", ""points"": 0.0, ""status"": ""caution""}, {""name"": ""partecipazione"", ""note"": ""volume debole"", ""points"": -3.0, ""status"": ""caution""}, {""name"": ""rischio"", ""note"": ""stop abbastanza vicino ma non casuale"", ""points"": 5.0, ""status"": ""pass""}, {""name"": ""costi"", ""note"": ""commissioni incidono troppo sul controvalore"", ""points"": -8.0, ""status"": ""fail""}], ""decision"": ""NO_GO"", ""grade"": ""C"", ""hard_blocks"": [""costi troppo pesanti""], ""opportunity_score"": 68.9, ""technical_score"": 60.9, ""threshold"": 62.0}, ""priority"": ""satellite"", ""recent_low"": 37.09000015258789, ""region"": ""italy"", ""relative_strength"": {""adjustment"": 0.0, ""benchmark_return_pct"": null, ""benchmark_symbol"": ""EXW1.MI"", ""reason"": ""benchmark forza relativa non disponibile"", ""relative_strength_pct"": null, ""state"": ""unknown"", ""symbol_return_pct"": null}, ""risk_pct"": 2.76, ""role"": ""defensive_financial"", ""rsi14"": 66.75320447073696, ""score_breakdown"": {""base"": 50.0, ""cost"": -15.0, ""cost_pct"": 2.51, ""reward_risk"": 0.0, ""risk"": 8.0, ""risk_pct"": 2.76, ""rsi"": 5.0, ""strategy"": 8.0, ""trend"": 7.44, ""universe"": 0.0, ""volume"": -2.51}, ""sector"": ""insurance"", ""sma20"": 36.97649974822998, ""sma200"": 34.08754991531372, ""sma50"": 35.41519966125488, ""universe_score"": 3, ""vol20"": 3227355.8, ""volume"": 2416817.0, ""volume_ratio"": 0.75}",2026-05-03
95b3d3dc6a015f71,2026-05-03,GOOGL,Alphabet,stock,WATCH,near_breakout_setup,57.2,,,risk_on,385.6900,,,,,,Setup breakout in avvicinamento: prezzo vicino al massimo recente; attendere chiusura sopra livello con volumi adeguati.,"{""atr14"": 10.015726473763378, ""base_currency"": ""EUR"", ""benchmark"": ""EQQQ.MI"", ""close"": 385.69000244140625, ""currency"": ""USD"", ""fx_to_base"": 0.8529999852180481, ""high20_prev"": 385.8399963378906, ""priority"": ""leader"", ""readiness"": 57.2, ""region"": ""us_growth"", ""role"": ""quality_mega_cap"", ""rsi14"": 82.54065453371723, ""sector"": ""digital_platforms"", ""sma200"": 280.8664780426025, ""sma50"": 315.46421691894534, ""universe_score"": 5, ""vol20"": 26769485.0, ""volume"": 30075200.0, ""volume_ratio"": 1.12}",2026-05-03
5eebf40fbfb173f6,2026-05-03,ISP.MI,Intesa Sanpaolo,stock,WATCH,trend_pullback,84.4,NO_GO,A,risk_on,5.7750,5.7750,5.5680,6.1890,2.00,2.51,"Trend primario positivo, recente pullback verso medie brevi/intermedie, recupero sopra SMA20 e RSI in area non eccessivamente tirata. Momento non propizio: costi troppo pesanti.","{""atr14"": 0.1333345015595313, ""base_currency"": ""EUR"", ""benchmark"": ""EXW1.MI"", ""close"": 5.775000095367432, ""cost_pct"": 2.51, ""currency"": ""EUR"", ""distance_sma20_pct"": 1.8, ""fx_to_base"": 1.0, ""opportunity"": {""adjustment"": 21.0, ""checks"": [{""name"": ""mercato"", ""note"": ""contesto generale favorevole"", ""points"": 4.0, ""status"": ""pass""}, {""name"": ""trend"", ""note"": ""prezzo sopra SMA50 e SMA200 ordinata"", ""points"": 6.0, ""status"": ""pass""}, {""name"": ""timing"", ""note"": ""rimbalzo vicino alla media breve"", ""points"": 10.0, ""status"": ""pass""}, {""name"": ""momentum"", ""note"": ""RSI in zona costruttiva"", ""points"": 4.0, ""status"": ""pass""}, {""name"": ""partecipazione"", ""note"": ""volume nella norma"", ""points"": 0.0, ""status"": ""caution""}, {""name"": ""rischio"", ""note"": ""stop abbastanza vicino ma non casuale"", ""points"": 5.0, ""status"": ""pass""}, {""name"": ""costi"", ""note"": ""commissioni incidono troppo sul controvalore"", ""points"": -8.0, ""status"": ""fail""}], ""decision"": ""NO_GO"", ""grade"": ""A"", ""hard_blocks"": [""costi troppo pesanti""], ""opportunity_score"": 84.4, ""technical_score"": 63.4, ""threshold"": 62.0}, ""priority"": ""satellite"", ""recent_low"": 5.567999839782715, ""region"": ""italy"", ""relative_strength"": {""adjustment"": 0.0, ""benchmark_return_pct"": null, ""benchmark_symbol"": ""EXW1.MI"", ""reason"": ""benchmark forza relativa non disponibile"", ""relative_strength_pct"": null, ""state"": ""unknown"", ""symbol_return_pct"": null}, ""risk_pct"": 3.58, ""role"": ""italian_financial_leader"", ""rsi14"": 58.79927096679389, ""score_breakdown"": {""base"": 50.0, ""cost"": -15.0, ""cost_pct"": 2.51, ""reward_risk"": 0.0, ""risk"": 8.0, ""risk_pct"": 3.58, ""rsi"": 10.0, ""strategy"": 8.0, ""trend"": 2.6, ""universe"": 0.0, ""volume"": -0.17}, ""sector"": ""financials"", ""sma20"": 5.672950005531311, ""sma200"": 5.476568963527679, ""sma50"": 5.490939998626709, ""universe_score"": 3, ""vol20"": 52660509.1, ""volume"": 51778233.0, ""volume_ratio"": 0.98}",2026-05-03
d81825d9bffb4452,2026-05-03,LLY,Eli Lilly,stock,WATCH,trend_pullback,37.9,NO_GO,D,risk_on,963.3300,963.3300,850.5100,1188.9700,2.00,2.51,"Trend primario positivo, recente pullback verso medie brevi/intermedie, recupero sopra SMA20 e RSI in area non eccessivamente tirata. Forza relativa debole: -16.53% rispetto a CSSPX.MI. Momento non propizio: prezzo troppo distante dalla SMA20, distanza stop non efficiente, costi troppo pesanti.","{""atr14"": 32.789641384997765, ""base_currency"": ""EUR"", ""benchmark"": ""CSSPX.MI"", ""close"": 963.3300170898438, ""cost_pct"": 2.51, ""currency"": ""USD"", ""distance_sma20_pct"": 5.1, ""fx_to_base"": 0.8529999852180481, ""opportunity"": {""adjustment"": -10.0, ""checks"": [{""name"": ""mercato"", ""note"": ""contesto generale favorevole"", ""points"": 4.0, ""status"": ""pass""}, {""name"": ""trend"", ""note"": ""prezzo sopra SMA50 e SMA200 ordinata"", ""points"": 6.0, ""status"": ""pass""}, {""name"": ""timing"", ""note"": ""pullback già troppo rincorso"", ""points"": -10.0, ""status"": ""fail""}, {""name"": ""momentum"", ""note"": ""RSI in zona costruttiva"", ""points"": 4.0, ""status"": ""pass""}, {""name"": ""partecipazione"", ""note"": ""volume sopra media"", ""points"": 4.0, ""status"": ""pass""}, {""name"": ""rischio"", ""note"": ""stop troppo stretto o troppo largo"", ""points"": -10.0, ""status"": ""fail""}, {""name"": ""costi"", ""note"": ""commissioni incidono troppo sul controvalore"", ""points"": -8.0, ""status"": ""fail""}], ""decision"": ""NO_GO"", ""grade"": ""D"", ""hard_blocks"": [""prezzo troppo distante dalla SMA20"", ""distanza stop non efficiente"", ""costi troppo pesanti""], ""opportunity_score"": 37.9, ""technical_score"": 47.9, ""threshold"": 62.0}, ""priority"": ""leader"", ""recent_low"": 850.510009765625, ""region"": ""us"", ""relative_strength"": {""adjustment"": -8.0, ""benchmark_return_pct"": 3.69, ""benchmark_symbol"": ""CSSPX.MI"", ""reason"": ""strumento più debole del benchmark nel periodo recente"", ""relative_strength_pct"": -16.53, ""state"": ""weak"", ""symbol_return_pct"": -12.84}, ""risk_pct"": 11.71, ""role"": ""healthcare_growth"", ""rsi14"": 57.88566854818197, ""score_breakdown"": {""base"": 50.0, ""cost"": -15.0, ""cost_pct"": 2.51, ""reward_risk"": 0.0, ""risk"": -8.0, ""risk_pct"": 11.71, ""rsi"": 10.0, ""strategy"": 8.0, ""trend"": 4.96, ""universe"": 2.0, ""volume"": 3.92}, ""sector"": ""healthcare"", ""sma20"": 916.5815063476563, ""sma200"": 909.5927081298828, ""sma50"": 947.6562048339844, ""universe_score"": 4, ""vol20"": 3125575.0, ""volume"": 4349900.0, ""volume_ratio"": 1.39}",2026-05-03
a98a7a1eda26ee43,2026-05-03,NESN.SW,Nestle,stock,WATCH,trend_pullback_setup,70.0,,,risk_on,79.0500,,,,,,Setup pullback in formazione: trend primario positivo e prezzo tornato in zona utile; attendere recupero sopra SMA20.,"{""atr14"": 1.4910328683628584, ""base_currency"": ""EUR"", ""benchmark"": ""EXW1.MI"", ""close"": 79.05000305175781, ""currency"": ""CHF"", ""fx_to_base"": 1.0906000137329102, ""priority"": ""satellite"", ""readiness"": 70.0, ""recent_low"": 75.13999938964844, ""region"": ""europe"", ""role"": ""defensive_quality"", ""rsi14"": 58.744276554984985, ""sector"": ""consumer_staples"", ""sma20"": 76.9857177734375, ""sma200"": 74.10877914428711, ""sma50"": 76.70465377807618, ""universe_score"": 3, ""vol20"": 3830068.1, ""volume"": 3375302.0}",2026-05-03
138c22bc87738b5e,2026-05-03,NOVN.SW,Novartis,stock,WATCH,trend_pullback_setup,70.0,,,risk_on,115.9000,,,,,,Setup pullback in formazione: trend primario positivo e prezzo tornato in zona utile; attendere recupero sopra SMA20.,"{""atr14"": 2.5018754770352696, ""base_currency"": ""EUR"", ""benchmark"": ""EXW1.MI"", ""close"": 115.9000015258789, ""currency"": ""CHF"", ""fx_to_base"": 1.0906000137329102, ""priority"": ""satellite"", ""readiness"": 70.0, ""recent_low"": 108.23999786376953, ""region"": ""europe"", ""role"": ""defensive_quality"", ""rsi14"": 44.637075603989075, ""sector"": ""healthcare"", ""sma20"": 118.22099990844727, ""sma200"": 106.2887226486206, ""sma50"": 120.17336563110352, ""universe_score"": 3, ""vol20"": 2600118.4, ""volume"": 3390647.0}",2026-05-03
5a8a13b44df42139,2026-05-03,NVDA,NVIDIA,stock,WATCH,trend_pullback_setup,70.0,,,risk_on,198.4500,,,,,,Setup pullback in formazione: trend primario positivo e prezzo tornato in zona utile; attendere recupero sopra SMA20.,"{""atr14"": 6.278848272090208, ""base_currency"": ""EUR"", ""benchmark"": ""EQQQ.MI"", ""close"": 198.4499969482422, ""currency"": ""USD"", ""fx_to_base"": 0.8529999852180481, ""priority"": ""leader"", ""readiness"": 70.0, ""recent_low"": 197.1199951171875, ""region"": ""us_growth"", ""role"": ""ai_leader"", ""rsi14"": 52.98323584312239, ""sector"": ""semiconductors"", ""sma20"": 197.2240005493164, ""sma200"": 183.84133476257324, ""sma50"": 187.15159576416016, ""universe_score"": 5, ""vol20"": 147326550.0, ""volume"": 128257500.0}",2026-05-03
3e73695f926db6ee,2026-05-03,PRY.MI,Prysmian,stock,WATCH,near_breakout_setup,78.0,,,risk_on,127.9500,,,,,,Setup breakout in avvicinamento: prezzo vicino al massimo recente; attendere chiusura sopra livello con volumi adeguati.,"{""atr14"": 4.957739169867991, ""base_currency"": ""EUR"", ""benchmark"": ""EXW1.MI"", ""close"": 127.94999694824219, ""currency"": ""EUR"", ""fx_to_base"": 1.0, ""high20_prev"": 127.9000015258789, ""priority"": ""leader"", ""readiness"": 78.0, ""region"": ""italy"", ""role"": ""italian_global_leader"", ""rsi14"": 73.10526616218766, ""sector"": ""electrification"", ""sma200"": 89.00823320388794, ""sma50"": 106.02057189941407, ""universe_score"": 4, ""vol20"": 1057078.9, ""volume"": 1957170.0, ""volume_ratio"": 1.85}",2026-05-03
218125263583eb95,2026-05-03,PST.MI,Poste Italiane,stock,WATCH,trend_pullback,84.4,NO_GO,A,risk_on,22.5900,22.5900,21.9500,23.8700,2.00,2.51,"Trend primario positivo, recente pullback verso medie brevi/intermedie, recupero sopra SMA20 e RSI in area non eccessivamente tirata. Momento non propizio: costi troppo pesanti.","{""atr14"": 0.40976898893320696, ""base_currency"": ""EUR"", ""benchmark"": ""EXW1.MI"", ""close"": 22.59000015258789, ""cost_pct"": 2.51, ""currency"": ""EUR"", ""distance_sma20_pct"": 2.75, ""fx_to_base"": 1.0, ""opportunity"": {""adjustment"": 15.0, ""checks"": [{""name"": ""mercato"", ""note"": ""contesto generale favorevole"", ""points"": 4.0, ""status"": ""pass""}, {""name"": ""trend"", ""note"": ""prezzo sopra SMA50 e SMA200 ordinata"", ""points"": 6.0, ""status"": ""pass""}, {""name"": ""timing"", ""note"": ""rimbalzo valido ma già un po' esteso"", ""points"": 4.0, ""status"": ""caution""}, {""name"": ""momentum"", ""note"": ""RSI in zona costruttiva"", ""points"": 4.0, ""status"": ""pass""}, {""name"": ""partecipazione"", ""note"": ""volume nella norma"", ""points"": 0.0, ""status"": ""caution""}, {""name"": ""rischio"", ""note"": ""stop abbastanza vicino ma non casuale"", ""points"": 5.0, ""status"": ""pass""}, {""name"": ""costi"", ""note"": ""commissioni incidono troppo sul controvalore"", ""points"": -8.0, ""status"": ""fail""}], ""decision"": ""NO_GO"", ""grade"": ""A"", ""hard_blocks"": [""costi troppo pesanti""], ""opportunity_score"": 84.4, ""technical_score"": 69.4, ""threshold"": 62.0}, ""priority"": ""satellite"", ""recent_low"": 21.950000762939453, ""region"": ""italy"", ""relative_strength"": {""adjustment"": 0.0, ""benchmark_return_pct"": null, ""benchmark_symbol"": ""EXW1.MI"", ""reason"": ""benchmark forza relativa non disponibile"", ""relative_strength_pct"": null, ""state"": ""unknown"", ""symbol_return_pct"": null}, ""risk_pct"": 2.83, ""role"": ""defensive_income"", ""rsi14"": 62.534835908585755, ""score_breakdown"": {""base"": 50.0, ""cost"": -15.0, ""cost_pct"": 2.51, ""reward_risk"": 0.0, ""risk"": 8.0, ""risk_pct"": 2.83, ""rsi"": 10.0, ""strategy"": 8.0, ""trend"": 6.7, ""universe"": 0.0, ""volume"": 1.74}, ""sector"": ""financial_services"", ""sma20"": 21.985999870300294, ""sma200"": 20.759287519454958, ""sma50"": 21.789699935913085, ""universe_score"": 3, ""vol20"": 2357084.5, ""volume"": 2767837.0, ""volume_ratio"": 1.17}",2026-05-03
2a30995f2e8b7f80,2026-05-03,PST.MI,Poste Italiane,stock,WATCH,controlled_breakout,92.4,NO_GO,A,risk_on,22.5900,22.5900,22.1202,23.5296,2.00,2.51,"Breakout sopra massimo recente in trend primario positivo, con volume superiore alla media e RSI sotto soglia estrema. Momento non propizio: costi troppo pesanti.","{""atr14"": 0.40976898893320696, ""base_currency"": ""EUR"", ""benchmark"": ""EXW1.MI"", ""breakout_extension_atr"": 0.15, ""close"": 22.59000015258789, ""cost_pct"": 2.51, ""currency"": ""EUR"", ""fx_to_base"": 1.0, ""high20_prev"": 22.530000686645508, ""opportunity"": {""adjustment"": 21.0, ""checks"": [{""name"": ""mercato"", ""note"": ""contesto generale favorevole"", ""points"": 4.0, ""status"": ""pass""}, {""name"": ""trend"", ""note"": ""prezzo sopra SMA50 e SMA200 ordinata"", ""points"": 6.0, ""status"": ""pass""}, {""name"": ""timing"", ""note"": ""breakout fresco, non ancora tirato"", ""points"": 10.0, ""status"": ""pass""}, {""name"": ""momentum"", ""note"": ""RSI in zona costruttiva"", ""points"": 4.0, ""status"": ""pass""}, {""name"": ""partecipazione"", ""note"": ""volume nella norma"", ""points"": 0.0, ""status"": ""caution""}, {""name"": ""rischio"", ""note"": ""stop abbastanza vicino ma non casuale"", ""points"": 5.0, ""status"": ""pass""}, {""name"": ""costi"", ""note"": ""commissioni incidono troppo sul controvalore"", ""points"": -8.0, ""status"": ""fail""}], ""decision"": ""NO_GO"", ""grade"": ""A"", ""hard_blocks"": [""costi troppo pesanti""], ""opportunity_score"": 92.4, ""technical_score"": 71.4, ""threshold"": 62.0}, ""priority"": ""satellite"", ""region"": ""italy"", ""relative_strength"": {""adjustment"": 0.0, ""benchmark_return_pct"": null, ""benchmark_symbol"": ""EXW1.MI"", ""reason"": ""benchmark forza relativa non disponibile"", ""relative_strength_pct"": null, ""state"": ""unknown"", ""symbol_return_pct"": null}, ""risk_pct"": 2.08, ""role"": ""defensive_income"", ""rsi14"": 62.534835908585755, ""score_breakdown"": {""base"": 50.0, ""cost"": -15.0, ""cost_pct"": 2.51, ""reward_risk"": 0.0, ""risk"": 8.0, ""risk_pct"": 2.08, ""rsi"": 10.0, ""strategy"": 10.0, ""trend"": 6.7, ""universe"": 0.0, ""volume"": 1.74}, ""sector"": ""financial_services"", ""sma200"": 20.759287519454958, ""sma50"": 21.789699935913085, ""universe_score"": 3, ""vol20"": 2357084.5, ""volume"": 2767837.0, ""volume_ratio"": 1.17}",2026-05-03
641bac2cc1bbf1d7,2026-05-03,ROG.SW,Roche,stock,WATCH,trend_pullback,83.4,NO_GO,A,risk_on,318.4000,318.4000,308.1603,338.8794,2.00,2.51,"Trend primario positivo, recente pullback verso medie brevi/intermedie, recupero sopra SMA20 e RSI in area non eccessivamente tirata. Momento non propizio: costi troppo pesanti.","{""atr14"": 6.826478181891656, ""base_currency"": ""EUR"", ""benchmark"": ""EXW1.MI"", ""close"": 318.3999938964844, ""cost_pct"": 2.51, ""currency"": ""CHF"", ""distance_sma20_pct"": 0.19, ""fx_to_base"": 1.0906000137329102, ""opportunity"": {""adjustment"": 18.0, ""checks"": [{""name"": ""mercato"", ""note"": ""contesto generale favorevole"", ""points"": 4.0, ""status"": ""pass""}, {""name"": ""trend"", ""note"": ""trend primario positivo"", ""points"": 3.0, ""status"": ""pass""}, {""name"": ""timing"", ""note"": ""rimbalzo vicino alla media breve"", ""points"": 10.0, ""status"": ""pass""}, {""name"": ""momentum"", ""note"": ""RSI in zona costruttiva"", ""points"": 4.0, ""status"": ""pass""}, {""name"": ""partecipazione"", ""note"": ""volume nella norma"", ""points"": 0.0, ""status"": ""caution""}, {""name"": ""rischio"", ""note"": ""stop abbastanza vicino ma non casuale"", ""points"": 5.0, ""status"": ""pass""}, {""name"": ""costi"", ""note"": ""commissioni incidono troppo sul controvalore"", ""points"": -8.0, ""status"": ""fail""}], ""decision"": ""NO_GO"", ""grade"": ""A"", ""hard_blocks"": [""costi troppo pesanti""], ""opportunity_score"": 83.4, ""technical_score"": 65.4, ""threshold"": 62.0}, ""priority"": ""satellite"", ""recent_low"": 312.0, ""region"": ""europe"", ""relative_strength"": {""adjustment"": 0.0, ""benchmark_return_pct"": null, ""benchmark_symbol"": ""EXW1.MI"", ""reason"": ""benchmark forza relativa non disponibile"", ""relative_strength_pct"": null, ""state"": ""unknown"", ""symbol_return_pct"": null}, ""risk_pct"": 3.22, ""role"": ""defensive_quality"", ""rsi14"": 48.75995321718746, ""score_breakdown"": {""base"": 50.0, ""cost"": -15.0, ""cost_pct"": 2.51, ""reward_risk"": 0.0, ""risk"": 8.0, ""risk_pct"": 3.22, ""rsi"": 5.0, ""strategy"": 8.0, ""trend"": 9.29, ""universe"": 0.0, ""volume"": 0.15}, ""sector"": ""healthcare"", ""sma20"": 317.7950012207031, ""sma200"": 295.0175001525879, ""sma50"": 325.70456970214843, ""universe_score"": 3, ""vol20"": 947774.15, ""volume"": 962049.0, ""volume_ratio"": 1.02}",2026-05-03
a00083d69f2f09d2,2026-05-03,SU.PA,Schneider Electric,stock,WATCH,trend_pullback_setup,70.0,,,risk_on,268.6000,,,,,,Setup pullback in formazione: trend primario positivo e prezzo tornato in zona utile; attendere recupero sopra SMA20.,"{""atr14"": 8.302359562853923, ""base_currency"": ""EUR"", ""benchmark"": ""EXW1.MI"", ""close"": 268.6000061035156, ""currency"": ""EUR"", ""fx_to_base"": 1.0, ""priority"": ""leader"", ""readiness"": 70.0, ""recent_low"": 261.04998779296875, ""region"": ""europe"", ""role"": ""industrial_compounder"", ""rsi14"": 56.0432531460829, ""sector"": ""electrification"", ""sma20"": 263.92749938964846, ""sma200"": 240.32099983215332, ""sma50"": 256.5820004272461, ""universe_score"": 4, ""vol20"": 975030.75, ""volume"": 1608611.0}",2026-05-03
3eda980b2472d474,2026-05-03,SWDA.MI,iShares Core MSCI World UCITS ETF,etf,WATCH,near_breakout_setup,70.4,,,risk_on,117.0700,,,,,,Setup breakout in avvicinamento: prezzo vicino al massimo recente; attendere chiusura sopra livello con volumi adeguati.,"{""atr14"": 1.0655992910579064, ""base_currency"": ""EUR"", ""benchmark"": ""SWDA.MI"", ""close"": 117.06999969482422, ""currency"": ""EUR"", ""fx_to_base"": 1.0, ""high20_prev"": 117.22000122070312, ""priority"": ""core"", ""readiness"": 70.4, ""region"": ""global"", ""role"": ""core_global"", ""rsi14"": 68.10592430362024, ""sector"": ""global_equity"", ""sma200"": 109.70434986114502, ""sma50"": 112.86799987792969, ""universe_score"": 5, ""vol20"": 104912.85, ""volume"": 108589.0, ""volume_ratio"": 1.04}",2026-05-03
590aa6b8d9e540a3,2026-05-03,TRN.MI,Terna,stock,WATCH,trend_pullback,94.1,NO_GO,A,risk_on,10.2500,10.2500,9.9700,10.8100,2.00,2.51,"Trend primario positivo, recente pullback verso medie brevi/intermedie, recupero sopra SMA20 e RSI in area non eccessivamente tirata. Momento non propizio: costi troppo pesanti.","{""atr14"": 0.18532276362329933, ""base_currency"": ""EUR"", ""benchmark"": ""EXW1.MI"", ""close"": 10.25, ""cost_pct"": 2.51, ""currency"": ""EUR"", ""distance_sma20_pct"": 1.0, ""fx_to_base"": 1.0, ""opportunity"": {""adjustment"": 21.0, ""checks"": [{""name"": ""mercato"", ""note"": ""contesto generale favorevole"", ""points"": 4.0, ""status"": ""pass""}, {""name"": ""trend"", ""note"": ""prezzo sopra SMA50 e SMA200 ordinata"", ""points"": 6.0, ""status"": ""pass""}, {""name"": ""timing"", ""note"": ""rimbalzo vicino alla media breve"", ""points"": 10.0, ""status"": ""pass""}, {""name"": ""momentum"", ""note"": ""RSI in zona costruttiva"", ""points"": 4.0, ""status"": ""pass""}, {""name"": ""partecipazione"", ""note"": ""volume nella norma"", ""points"": 0.0, ""status"": ""caution""}, {""name"": ""rischio"", ""note"": ""stop abbastanza vicino ma non casuale"", ""points"": 5.0, ""status"": ""pass""}, {""name"": ""costi"", ""note"": ""commissioni incidono troppo sul controvalore"", ""points"": -8.0, ""status"": ""fail""}], ""decision"": ""NO_GO"", ""grade"": ""A"", ""hard_blocks"": [""costi troppo pesanti""], ""opportunity_score"": 94.1, ""technical_score"": 73.1, ""threshold"": 62.0}, ""priority"": ""satellite"", ""recent_low"": 9.970000267028809, ""region"": ""italy"", ""relative_strength"": {""adjustment"": 0.0, ""benchmark_return_pct"": null, ""benchmark_symbol"": ""EXW1.MI"", ""reason"": ""benchmark forza relativa non disponibile"", ""relative_strength_pct"": null, ""state"": ""unknown"", ""symbol_return_pct"": null}, ""risk_pct"": 2.73, ""role"": ""defensive_income"", ""rsi14"": 57.137432264109165, ""score_breakdown"": {""base"": 50.0, ""cost"": -15.0, ""cost_pct"": 2.51, ""reward_risk"": 0.0, ""risk"": 8.0, ""risk_pct"": 2.73, ""rsi"": 10.0, ""strategy"": 8.0, ""trend"": 11.17, ""universe"": 0.0, ""volume"": 0.95}, ""sector"": ""utilities"", ""sma20"": 10.148850059509277, ""sma200"": 9.082452783584595, ""sma50"": 9.971620025634765, ""universe_score"": 3, ""vol20"": 3839479.1, ""volume"": 4205199.0, ""volume_ratio"": 1.1}",2026-05-03
9e26a91785a5c1a0,2026-05-03,TTE.PA,TotalEnergies,stock,WATCH,trend_pullback,85.6,NO_GO,A,risk_on,79.2900,79.2900,74.1000,89.6700,2.00,2.51,"Trend primario positivo, recente pullback verso medie brevi/intermedie, recupero sopra SMA20 e RSI in area non eccessivamente tirata. Momento non propizio: costi troppo pesanti.","{""atr14"": 2.167178059478035, ""base_currency"": ""EUR"", ""benchmark"": ""EXW1.MI"", ""close"": 79.29000091552734, ""cost_pct"": 2.51, ""currency"": ""EUR"", ""distance_sma20_pct"": 2.57, ""fx_to_base"": 1.0, ""opportunity"": {""adjustment"": 11.0, ""checks"": [{""name"": ""mercato"", ""note"": ""contesto generale favorevole"", ""points"": 4.0, ""status"": ""pass""}, {""name"": ""trend"", ""note"": ""prezzo sopra SMA50 e SMA200 ordinata"", ""points"": 6.0, ""status"": ""pass""}, {""name"": ""timing"", ""note"": ""rimbalzo valido ma già un po' esteso"", ""points"": 4.0, ""status"": ""caution""}, {""name"": ""momentum"", ""note"": ""RSI in zona costruttiva"", ""points"": 4.0, ""status"": ""pass""}, {""name"": ""partecipazione"", ""note"": ""volume nella norma"", ""points"": 0.0, ""status"": ""caution""}, {""name"": ""rischio"", ""note"": ""rischio accettabile ma non ideale"", ""points"": 1.0, ""status"": ""caution""}, {""name"": ""costi"", ""note"": ""commissioni incidono troppo sul controvalore"", ""points"": -8.0, ""status"": ""fail""}], ""decision"": ""NO_GO"", ""grade"": ""A"", ""hard_blocks"": [""costi troppo pesanti""], ""opportunity_score"": 85.6, ""technical_score"": 74.6, ""threshold"": 62.0}, ""priority"": ""satellite"", ""recent_low"": 74.0999984741211, ""region"": ""europe"", ""relative_strength"": {""adjustment"": 0.0, ""benchmark_return_pct"": null, ""benchmark_symbol"": ""EXW1.MI"", ""reason"": ""benchmark forza relativa non disponibile"", ""relative_strength_pct"": null, ""state"": ""unknown"", ""symbol_return_pct"": null}, ""risk_pct"": 6.55, ""role"": ""cyclical_leader"", ""rsi14"": 61.03478930774926, ""score_breakdown"": {""base"": 50.0, ""cost"": -15.0, ""cost_pct"": 2.51, ""reward_risk"": 0.0, ""risk"": 2.0, ""risk_pct"": 6.55, ""rsi"": 10.0, ""strategy"": 8.0, ""trend"": 18.0, ""universe"": 0.0, ""volume"": 1.57}, ""sector"": ""energy"", ""sma20"": 77.30550003051758, ""sma200"": 58.39596910476685, ""sma50"": 73.47340835571289, ""universe_score"": 3, ""vol20"": 5535151.5, ""volume"": 6401781.0, ""volume_ratio"": 1.16}",2026-05-03
0136e43b263cd9ac,2026-05-03,UCG.MI,UniCredit,stock,WATCH,trend_pullback_setup,70.0,,,risk_on,65.6200,,,,,,Setup pullback in formazione: trend primario positivo e prezzo tornato in zona utile; attendere recupero sopra SMA20.,"{""atr14"": 2.048791023667814, ""base_currency"": ""EUR"", ""benchmark"": ""EXW1.MI"", ""close"": 65.62000274658203, ""currency"": ""EUR"", ""fx_to_base"": 1.0, ""priority"": ""satellite"", ""readiness"": 70.0, ""recent_low"": 63.04999923706055, ""region"": ""italy"", ""role"": ""italian_financial_leader"", ""rsi14"": 51.14161877001743, ""sector"": ""financials"", ""sma20"": 65.73419227600098, ""sma200"": 64.41093458175659, ""sma50"": 65.30352447509766, ""universe_score"": 3, ""vol20"": 6701565.35, ""volume"": 7749229.0}",2026-05-03
ddb5941db1d9ce03,2026-05-03,WMT,Walmart,stock,WATCH,trend_pullback_setup,70.0,,,risk_on,131.6000,,,,,,Setup pullback in formazione: trend primario positivo e prezzo tornato in zona utile; attendere recupero sopra SMA20.,"{""atr14"": 2.7715653465522583, ""base_currency"": ""EUR"", ""benchmark"": ""CSSPX.MI"", ""close"": 131.60000610351562, ""currency"": ""USD"", ""fx_to_base"": 0.8529999852180481, ""priority"": ""leader"", ""readiness"": 70.0, ""recent_low"": 125.91000366210938, ""region"": ""us"", ""role"": ""defensive_compounder"", ""rsi14"": 60.955291254574696, ""sector"": ""consumer_staples"", ""sma20"": 127.76549949645997, ""sma200"": 112.05051177978515, ""sma50"": 125.619091796875, ""universe_score"": 4, ""vol20"": 16565395.0, ""volume"": 10478500.0}",2026-05-03
983fbf1a60fab644,2026-05-03,WMT,Walmart,stock,WATCH,near_breakout_setup,66.3,,,risk_on,131.6000,,,,,,Setup breakout in avvicinamento: prezzo vicino al massimo recente; attendere chiusura sopra livello con volumi adeguati.,"{""atr14"": 2.7715653465522583, ""base_currency"": ""EUR"", ""benchmark"": ""CSSPX.MI"", ""close"": 131.60000610351562, ""currency"": ""USD"", ""fx_to_base"": 0.8529999852180481, ""high20_prev"": 132.4600067138672, ""priority"": ""leader"", ""readiness"": 66.3, ""region"": ""us"", ""role"": ""defensive_compounder"", ""rsi14"": 60.955291254574696, ""sector"": ""consumer_staples"", ""sma200"": 112.05051177978515, ""sma50"": 125.619091796875, ""universe_score"": 4, ""vol20"": 16565395.0, ""volume"": 10478500.0, ""volume_ratio"": 0.63}",2026-05-03
ff350e184ee5ac39,2026-05-03,XOM,Exxon Mobil,stock,WATCH,trend_pullback_setup,70.0,,,risk_on,152.7500,,,,,,Setup pullback in formazione: trend primario positivo e prezzo tornato in zona utile; attendere recupero sopra SMA20.,"{""atr14"": 4.435089868441924, ""base_currency"": ""EUR"", ""benchmark"": ""CSSPX.MI"", ""close"": 152.75, ""currency"": ""USD"", ""fx_to_base"": 0.8529999852180481, ""priority"": ""satellite"", ""readiness"": 70.0, ""recent_low"": 146.9499969482422, ""region"": ""us"", ""role"": ""cyclical_leader"", ""rsi14"": 49.320898801550776, ""sector"": ""energy"", ""sma20"": 152.29199905395507, ""sma200"": 126.74955627441406, ""sma50"": 154.8225994873047, ""universe_score"": 3, ""vol20"": 18661655.0, ""volume"": 15453300.0}",2026-05-03
2a9d3190d3583b7b,2026-05-04,AAPL,Apple,stock,WATCH,trend_pullback_setup,70.0,,,risk_on,276.0700,,,,,,Setup pullback in formazione: trend primario positivo e prezzo tornato in zona utile; attendere recupero sopra SMA20.,"{""atr14"": 6.541539770274006, ""base_currency"": ""EUR"", ""benchmark"": ""EQQQ.MI"", ""close"": 276.07000732421875, ""currency"": ""USD"", ""fx_to_base"": 0.8547000288963318, ""priority"": ""leader"", ""readiness"": 70.0, ""recent_low"": 265.07000732421875, ""region"": ""us_growth"", ""role"": ""quality_mega_cap"", ""rsi14"": 60.786851263393835, ""sector"": ""consumer_technology"", ""sma20"": 267.21950073242186, ""sma200"": 255.23480438232423, ""sma50"": 261.4484002685547, ""universe_score"": 5, ""vol20"": 45328971.9, ""volume"": 19875038.0}",2026-05-04
685657d5be16e034,2026-05-04,ASML.AS,ASML Holding,stock,WATCH,trend_pullback_setup,70.0,,,risk_on,1187.4000,,,,,,Setup pullback in formazione: trend primario positivo e prezzo tornato in zona utile; attendere recupero sopra SMA20.,"{""atr14"": 47.59691207971627, ""base_currency"": ""EUR"", ""benchmark"": ""EXW1.MI"", ""close"": 1187.4000244140625, ""currency"": ""EUR"", ""fx_to_base"": 1.0, ""priority"": ""leader"", ""readiness"": 70.0, ""recent_low"": 1167.4000244140625, ""region"": ""europe"", ""role"": ""european_leader"", ""rsi14"": 47.18074068420805, ""sector"": ""semiconductors"", ""sma20"": 1219.3438903808594, ""sma200"": 954.5763607788086, ""sma50"": 1201.5711767578125, ""universe_score"": 5, ""vol20"": 698090.05, ""volume"": 653592.0}",2026-05-04
a2ba4bf73b14de95,2026-05-04,AVGO,Broadcom,stock,WATCH,trend_pullback_setup,70.0,,,risk_on,411.9000,,,,,,Setup pullback in formazione: trend primario positivo e prezzo tornato in zona utile; attendere recupero sopra SMA20.,"{""atr14"": 12.898390010923208, ""base_currency"": ""EUR"", ""benchmark"": ""EQQQ.MI"", ""close"": 411.8999938964844, ""currency"": ""USD"", ""fx_to_base"": 0.8547000288963318, ""priority"": ""leader"", ""readiness"": 70.0, ""recent_low"": 394.6499938964844, ""region"": ""us_growth"", ""role"": ""ai_infrastructure"", ""rsi14"": 63.251009192901016, ""sector"": ""semiconductors"", ""sma20"": 395.7280014038086, ""sma200"": 339.64770874023435, ""sma50"": 350.7874914550781, ""universe_score"": 4, ""vol20"": 21567230.75, ""volume"": 6917115.0}",2026-05-04
73abd8db48ec03cf,2026-05-04,COST,Costco,stock,WATCH,trend_pullback,74.0,NO_GO,B,risk_on,1016.0900,1016.0900,983.6926,1080.8848,2.00,2.51,"Trend primario positivo, recente pullback verso medie brevi/intermedie, recupero sopra SMA20 e RSI in area non eccessivamente tirata. Forza relativa debole: -2.24% rispetto a CSSPX.MI. Momento non propizio: costi troppo pesanti.","{""atr14"": 18.78927898545474, ""base_currency"": ""EUR"", ""benchmark"": ""CSSPX.MI"", ""close"": 1016.0900268554688, ""cost_pct"": 2.51, ""currency"": ""USD"", ""distance_sma20_pct"": 1.4, ""fx_to_base"": 0.8547000288963318, ""opportunity"": {""adjustment"": 18.0, ""checks"": [{""name"": ""mercato"", ""note"": ""contesto generale favorevole"", ""points"": 4.0, ""status"": ""pass""}, {""name"": ""trend"", ""note"": ""prezzo sopra SMA50 e SMA200 ordinata"", ""points"": 6.0, ""status"": ""pass""}, {""name"": ""timing"", ""note"": ""rimbalzo vicino alla media breve"", ""points"": 10.0, ""status"": ""pass""}, {""name"": ""momentum"", ""note"": ""RSI in zona costruttiva"", ""points"": 4.0, ""status"": ""pass""}, {""name"": ""partecipazione"", ""note"": ""volume debole"", ""points"": -3.0, ""status"": ""caution""}, {""name"": ""rischio"", ""note"": ""stop abbastanza vicino ma non casuale"", ""points"": 5.0, ""status"": ""pass""}, {""name"": ""costi"", ""note"": ""commissioni incidono troppo sul controvalore"", ""points"": -8.0, ""status"": ""fail""}], ""decision"": ""NO_GO"", ""grade"": ""B"", ""hard_blocks"": [""costi troppo pesanti""], ""opportunity_score"": 74.0, ""technical_score"": 56.0, ""threshold"": 62.0}, ""priority"": ""leader"", ""recent_low"": 983.6926068688012, ""region"": ""us"", ""relative_strength"": {""adjustment"": -8.0, ""benchmark_return_pct"": 5.1, ""benchmark_symbol"": ""CSSPX.MI"", ""reason"": ""strumento più debole del benchmark nel periodo recente"", ""relative_strength_pct"": -2.24, ""state"": ""weak"", ""symbol_return_pct"": 2.86}, ""risk_pct"": 3.19, ""role"": ""defensive_compounder"", ""rsi14"": 58.01710613710879, ""score_breakdown"": {""base"": 50.0, ""cost"": -15.0, ""cost_pct"": 2.51, ""reward_risk"": 0.0, ""risk"": 8.0, ""risk_pct"": 3.19, ""rsi"": 10.0, ""strategy"": 8.0, ""trend"": 6.01, ""universe"": 2.0, ""volume"": -5.0}, ""sector"": ""consumer_staples"", ""sma20"": 1002.0610992431641, ""sma200"": 948.0878082275391, ""sma50"": 996.1058666992187, ""universe_score"": 4, ""vol20"": 1714455.4, ""volume"": 464708.0, ""volume_ratio"": 0.27}",2026-05-04
faf197df726b4052,2026-05-04,CPR.MI,Campari,stock,WATCH,trend_pullback_setup,70.0,,,risk_on,6.2380,,,,,,Setup pullback in formazione: trend primario positivo e prezzo tornato in zona utile; attendere recupero sopra SMA20.,"{""atr14"": 0.14443525153374914, ""base_currency"": ""EUR"", ""benchmark"": ""EXW1.MI"", ""close"": 6.23799991607666, ""currency"": ""EUR"", ""fx_to_base"": 1.0, ""priority"": ""satellite"", ""readiness"": 70.0, ""recent_low"": 6.076000213623047, ""region"": ""italy"", ""role"": ""quality_compounder"", ""rsi14"": 48.159422283563636, ""sector"": ""consumer_staples"", ""sma20"": 6.363515067100525, ""sma200"": 5.952075402736664, ""sma50"": 6.221876697540283, ""universe_score"": 3, ""vol20"": 4385678.9, ""volume"": 4312806.0}",2026-05-04
161b82bdf5017c8d,2026-05-04,CSSPX.MI,iShares Core S&P 500 UCITS ETF,etf,WATCH,near_breakout_setup,57.0,,,risk_on,661.3000,,,,,,Setup breakout in avvicinamento: prezzo vicino al massimo recente; attendere chiusura sopra livello con volumi adeguati.,"{""atr14"": 5.929828311567095, ""base_currency"": ""EUR"", ""benchmark"": ""SWDA.MI"", ""close"": 661.2999877929688, ""currency"": ""EUR"", ""fx_to_base"": 1.0, ""high20_prev"": 660.1900024414062, ""priority"": ""core"", ""readiness"": 57.0, ""region"": ""us"", ""role"": ""core_us"", ""rsi14"": 75.62693047776322, ""sector"": ""broad_market"", ""sma200"": 616.1430484008789, ""sma50"": 628.5471948242188, ""universe_score"": 5, ""vol20"": 10271.0, ""volume"": 11278.0, ""volume_ratio"": 1.1}",2026-05-04
586b44d621bcfab5,2026-05-04,EIMI.MI,iShares Core MSCI Emerging Markets IMI UCITS ETF,etf,WATCH,trend_pullback,90.9,NO_GO,A,risk_on,44.9400,44.9400,43.6500,47.5200,2.00,2.51,"Trend primario positivo, recente pullback verso medie brevi/intermedie, recupero sopra SMA20 e RSI in area non eccessivamente tirata. Forza relativa favorevole: +4.24% rispetto a SWDA.MI. Momento non propizio: costi troppo pesanti.","{""atr14"": 0.7535089092876683, ""base_currency"": ""EUR"", ""benchmark"": ""SWDA.MI"", ""close"": 44.939998626708984, ""cost_pct"": 2.51, ""currency"": ""EUR"", ""distance_sma20_pct"": 3.93, ""fx_to_base"": 1.0, ""opportunity"": {""adjustment"": 15.0, ""checks"": [{""name"": ""mercato"", ""note"": ""contesto generale favorevole"", ""points"": 4.0, ""status"": ""pass""}, {""name"": ""trend"", ""note"": ""prezzo sopra SMA50 e SMA200 ordinata"", ""points"": 6.0, ""status"": ""pass""}, {""name"": ""timing"", ""note"": ""rimbalzo valido ma già un po' esteso"", ""points"": 4.0, ""status"": ""caution""}, {""name"": ""momentum"", ""note"": ""RSI accettabile ma non ideale"", ""points"": 0.0, ""status"": ""caution""}, {""name"": ""partecipazione"", ""note"": ""volume sopra media"", ""points"": 4.0, ""status"": ""pass""}, {""name"": ""rischio"", ""note"": ""stop abbastanza vicino ma non casuale"", ""points"": 5.0, ""status"": ""pass""}, {""name"": ""costi"", ""note"": ""commissioni incidono troppo sul controvalore"", ""points"": -8.0, ""status"": ""fail""}], ""decision"": ""NO_GO"", ""grade"": ""A"", ""hard_blocks"": [""costi troppo pesanti""], ""opportunity_score"": 90.9, ""technical_score"": 75.9, ""threshold"": 62.0}, ""priority"": ""satellite"", ""recent_low"": 43.650001525878906, ""region"": ""global"", ""relative_strength"": {""adjustment"": 4.0, ""benchmark_return_pct"": 3.98, ""benchmark_symbol"": ""SWDA.MI"", ""reason"": ""strumento più forte del benchmark"", ""relative_strength_pct"": 4.24, ""state"": ""strong"", ""symbol_return_pct"": 8.22}, ""risk_pct"": 2.87, ""role"": ""satellite_emerging"", ""rsi14"": 66.63210966490013, ""score_breakdown"": {""base"": 50.0, ""cost"": -15.0, ""cost_pct"": 2.51, ""reward_risk"": 0.0, ""risk"": 8.0, ""risk_pct"": 2.87, ""rsi"": 5.0, ""strategy"": 8.0, ""trend"": 11.96, ""universe"": 0.0, ""volume"": 3.95}, ""sector"": ""emerging_markets"", ""sma20"": 43.23874988555908, ""sma200"": 38.75147506713867, ""sma50"": 42.11389999389648, ""universe_score"": 3, ""vol20"": 102142.55, ""volume"": 142533.0, ""volume_ratio"": 1.4}",2026-05-04
fe9524a8f21213bf,2026-05-04,EIMI.MI,iShares Core MSCI Emerging Markets IMI UCITS ETF,etf,WATCH,controlled_breakout,98.9,NO_GO,A,risk_on,44.9400,44.9400,43.8365,47.1470,2.00,2.51,"Breakout sopra massimo recente in trend primario positivo, con volume superiore alla media e RSI sotto soglia estrema. Forza relativa favorevole: +4.24% rispetto a SWDA.MI. Momento non propizio: costi troppo pesanti.","{""atr14"": 0.7535089092876683, ""base_currency"": ""EUR"", ""benchmark"": ""SWDA.MI"", ""breakout_extension_atr"": 0.46, ""close"": 44.939998626708984, ""cost_pct"": 2.51, ""currency"": ""EUR"", ""fx_to_base"": 1.0, ""high20_prev"": 44.59000015258789, ""opportunity"": {""adjustment"": 21.0, ""checks"": [{""name"": ""mercato"", ""note"": ""contesto generale favorevole"", ""points"": 4.0, ""status"": ""pass""}, {""name"": ""trend"", ""note"": ""prezzo sopra SMA50 e SMA200 ordinata"", ""points"": 6.0, ""status"": ""pass""}, {""name"": ""timing"", ""note"": ""breakout fresco, non ancora tirato"", ""points"": 10.0, ""status"": ""pass""}, {""name"": ""momentum"", ""note"": ""RSI accettabile ma non ideale"", ""points"": 0.0, ""status"": ""caution""}, {""name"": ""partecipazione"", ""note"": ""volume sopra media"", ""points"": 4.0, ""status"": ""pass""}, {""name"": ""rischio"", ""note"": ""stop abbastanza vicino ma non casuale"", ""points"": 5.0, ""status"": ""pass""}, {""name"": ""costi"", ""note"": ""commissioni incidono troppo sul controvalore"", ""points"": -8.0, ""status"": ""fail""}], ""decision"": ""NO_GO"", ""grade"": ""A"", ""hard_blocks"": [""costi troppo pesanti""], ""opportunity_score"": 98.9, ""technical_score"": 77.9, ""threshold"": 62.0}, ""priority"": ""satellite"", ""region"": ""global"", ""relative_strength"": {""adjustment"": 4.0, ""benchmark_return_pct"": 3.98, ""benchmark_symbol"": ""SWDA.MI"", ""reason"": ""strumento più forte del benchmark"", ""relative_strength_pct"": 4.24, ""state"": ""strong"", ""symbol_return_pct"": 8.22}, ""risk_pct"": 2.46, ""role"": ""satellite_emerging"", ""rsi14"": 66.63210966490013, ""score_breakdown"": {""base"": 50.0, ""cost"": -15.0, ""cost_pct"": 2.51, ""reward_risk"": 0.0, ""risk"": 8.0, ""risk_pct"": 2.46, ""rsi"": 5.0, ""strategy"": 10.0, ""trend"": 11.96, ""universe"": 0.0, ""volume"": 3.95}, ""sector"": ""emerging_markets"", ""sma200"": 38.75147506713867, ""sma50"": 42.11389999389648, ""universe_score"": 3, ""vol20"": 102142.55, ""volume"": 142533.0, ""volume_ratio"": 1.4}",2026-05-04
3e9e46cacf08b45a,2026-05-04,ENEL.MI,Enel,stock,WATCH,trend_pullback_setup,70.0,,,risk_on,9.6740,,,,,,Setup pullback in formazione: trend primario positivo e prezzo tornato in zona utile; attendere recupero sopra SMA20.,"{""atr14"": 0.21414291130232863, ""base_currency"": ""EUR"", ""benchmark"": ""EXW1.MI"", ""close"": 9.673999786376953, ""currency"": ""EUR"", ""fx_to_base"": 1.0, ""priority"": ""satellite"", ""readiness"": 70.0, ""recent_low"": 9.618000030517578, ""region"": ""italy"", ""role"": ""defensive_income"", ""rsi14"": 48.89440140047573, ""sector"": ""utilities"", ""sma20"": 9.794650030136108, ""sma200"": 8.665765733718873, ""sma50"": 9.628780021667481, ""universe_score"": 3, ""vol20"": 27677674.65, ""volume"": 25686044.0}",2026-05-04
fd22b626a8656873,2026-05-04,ENI.MI,Eni,stock,WATCH,trend_pullback_setup,70.0,,,risk_on,23.8950,,,,,,Setup pullback in formazione: trend primario positivo e prezzo tornato in zona utile; attendere recupero sopra SMA20.,"{""atr14"": 0.6980979600778467, ""base_currency"": ""EUR"", ""benchmark"": ""EXW1.MI"", ""close"": 23.895000457763672, ""currency"": ""EUR"", ""fx_to_base"": 1.0, ""priority"": ""satellite"", ""readiness"": 70.0, ""recent_low"": 22.3700008392334, ""region"": ""italy"", ""role"": ""cyclical_income"", ""rsi14"": 57.90040437841633, ""sector"": ""energy"", ""sma20"": 23.459750270843507, ""sma200"": 17.04817572116852, ""sma50"": 22.21819477081299, ""universe_score"": 3, ""vol20"": 13027342.6, ""volume"": 8161618.0}",2026-05-04
8e66505bb4fa27a3,2026-05-04,EXW1.MI,iShares Core EURO STOXX 50 UCITS ETF,etf,WATCH,trend_pullback_setup,70.0,,,risk_on,58.5100,,,,,,Setup pullback in formazione: trend primario positivo e prezzo tornato in zona utile; attendere recupero sopra SMA20.,"{""atr14"": 0.9848848541657171, ""base_currency"": ""EUR"", ""benchmark"": ""SWDA.MI"", ""close"": 58.5099983215332, ""currency"": ""EUR"", ""fx_to_base"": 1.0, ""priority"": ""core"", ""readiness"": 70.0, ""recent_low"": 58.47999954223633, ""region"": ""europe"", ""role"": ""europe_benchmark"", ""rsi14"": 45.96284081843389, ""sector"": ""broad_market"", ""sma20"": 59.486999893188475, ""sma200"": 57.067457332611085, ""sma50"": 58.83990760803223, ""universe_score"": 4, ""vol20"": 1940119.7, ""volume"": 2203009.0}",2026-05-04
bd0b59f02c947245,2026-05-04,G.MI,Assicurazioni Generali,stock,WATCH,trend_pullback_setup,70.0,,,risk_on,37.4000,,,,,,Setup pullback in formazione: trend primario positivo e prezzo tornato in zona utile; attendere recupero sopra SMA20.,"{""atr14"": 0.7177044159168064, ""base_currency"": ""EUR"", ""benchmark"": ""EXW1.MI"", ""close"": 37.400001525878906, ""currency"": ""EUR"", ""fx_to_base"": 1.0, ""priority"": ""satellite"", ""readiness"": 70.0, ""recent_low"": 37.09000015258789, ""region"": ""italy"", ""role"": ""defensive_financial"", ""rsi14"": 57.64398664593547, ""sector"": ""insurance"", ""sma20"": 37.07399978637695, ""sma200"": 34.11904992103577, ""sma50"": 35.447399673461916, ""universe_score"": 3, ""vol20"": 3186623.05, ""volume"": 2622404.0}",2026-05-04
bed5bba87a5d5ff7,2026-05-04,GOOGL,Alphabet,stock,WATCH,near_breakout_setup,52.0,,,risk_on,382.0050,,,,,,Setup breakout in avvicinamento: prezzo vicino al massimo recente; attendere chiusura sopra livello con volumi adeguati.,"{""atr14"": 9.841747232839031, ""base_currency"": ""EUR"", ""benchmark"": ""EQQQ.MI"", ""close"": 382.0050048828125, ""currency"": ""USD"", ""fx_to_base"": 0.8547000288963318, ""high20_prev"": 386.760009765625, ""priority"": ""leader"", ""readiness"": 52.0, ""region"": ""us_growth"", ""role"": ""quality_mega_cap"", ""rsi14"": 78.83453299563445, ""sector"": ""digital_platforms"", ""sma200"": 281.86066772460936, ""sma50"": 316.8091485595703, ""universe_score"": 5, ""vol20"": 26569385.0, ""volume"": 12943500.0, ""volume_ratio"": 0.49}",2026-05-04
5f1a3c2ca0722f67,2026-05-04,ISP.MI,Intesa Sanpaolo,stock,WATCH,trend_pullback_setup,70.0,,,risk_on,5.6250,,,,,,Setup pullback in formazione: trend primario positivo e prezzo tornato in zona utile; attendere recupero sopra SMA20.,"{""atr14"": 0.1360963179720972, ""base_currency"": ""EUR"", ""benchmark"": ""EXW1.MI"", ""close"": 5.625, ""currency"": ""EUR"", ""fx_to_base"": 1.0, ""priority"": ""satellite"", ""readiness"": 70.0, ""recent_low"": 5.567999839782715, ""region"": ""italy"", ""role"": ""italian_financial_leader"", ""rsi14"": 50.55106400038523, ""sector"": ""financials"", ""sma20"": 5.684800004959106, ""sma200"": 5.481120989322663, ""sma50"": 5.486680002212524, ""universe_score"": 3, ""vol20"": 50722164.65, ""volume"": 46227584.0}",2026-05-04
a1dbc851af52e805,2026-05-04,LLY,Eli Lilly,stock,WATCH,trend_pullback_setup,70.0,,,risk_on,961.8500,,,,,,Setup pullback in formazione: trend primario positivo e prezzo tornato in zona utile; attendere recupero sopra SMA20.,"{""atr14"": 31.746365345454365, ""base_currency"": ""EUR"", ""benchmark"": ""CSSPX.MI"", ""close"": 961.8499755859375, ""currency"": ""USD"", ""fx_to_base"": 0.8547000288963318, ""priority"": ""leader"", ""readiness"": 70.0, ""recent_low"": 850.510009765625, ""region"": ""us"", ""role"": ""healthcare_growth"", ""rsi14"": 57.56696573127019, ""sector"": ""healthcare"", ""sma20"": 918.3210052490234, ""sma200"": 910.6146954345703, ""sma50"": 946.7028039550781, ""universe_score"": 4, ""vol20"": 3107034.2, ""volume"": 1450284.0}",2026-05-04
dd3fb13729d23773,2026-05-04,NESN.SW,Nestle,stock,WATCH,trend_pullback_setup,70.0,,,risk_on,78.1700,,,,,,Setup pullback in formazione: trend primario positivo e prezzo tornato in zona utile; attendere recupero sopra SMA20.,"{""atr14"": 1.5223876852780673, ""base_currency"": ""EUR"", ""benchmark"": ""EXW1.MI"", ""close"": 78.16999816894531, ""currency"": ""CHF"", ""fx_to_base"": 1.0907000303268433, ""priority"": ""satellite"", ""readiness"": 70.0, ""recent_low"": 75.13999938964844, ""region"": ""europe"", ""role"": ""defensive_quality"", ""rsi14"": 54.32970166335016, ""sector"": ""consumer_staples"", ""sma20"": 77.12848205566407, ""sma200"": 74.12829174041748, ""sma50"": 76.76156723022461, ""universe_score"": 3, ""vol20"": 3786708.7, ""volume"": 2697081.0}",2026-05-04
d7f0cd122985a2c2,2026-05-04,NVDA,NVIDIA,stock,WATCH,trend_pullback_setup,70.0,,,risk_on,196.4600,,,,,,Setup pullback in formazione: trend primario positivo e prezzo tornato in zona utile; attendere recupero sopra SMA20.,"{""atr14"": 6.329644126541794, ""base_currency"": ""EUR"", ""benchmark"": ""EQQQ.MI"", ""close"": 196.4600067138672, ""currency"": ""USD"", ""fx_to_base"": 0.8547000288963318, ""priority"": ""leader"", ""readiness"": 70.0, ""recent_low"": 194.74000549316406, ""region"": ""us_growth"", ""role"": ""ai_leader"", ""rsi14"": 50.93076598777117, ""sector"": ""semiconductors"", ""sma20"": 198.16500091552734, ""sma200"": 183.95877853393554, ""sma50"": 187.2846011352539, ""universe_score"": 5, ""vol20"": 145455148.15, ""volume"": 70136263.0}",2026-05-04
72c608b5e36eed8a,2026-05-04,PST.MI,Poste Italiane,stock,WATCH,trend_pullback_setup,70.0,,,risk_on,22.0800,,,,,,Setup pullback in formazione: trend primario positivo e prezzo tornato in zona utile; attendere recupero sopra SMA20.,"{""atr14"": 0.42835692374470846, ""base_currency"": ""EUR"", ""benchmark"": ""EXW1.MI"", ""close"": 22.079999923706055, ""currency"": ""EUR"", ""fx_to_base"": 1.0, ""priority"": ""satellite"", ""readiness"": 70.0, ""recent_low"": 21.950000762939453, ""region"": ""italy"", ""role"": ""defensive_income"", ""rsi14"": 52.293105962111284, ""sector"": ""financial_services"", ""sma20"": 22.041999912261964, ""sma200"": 20.782737426757812, ""sma50"": 21.768099937438965, ""universe_score"": 3, ""vol20"": 2213602.7, ""volume"": 2254911.0}",2026-05-04
6f55592d7ed1866d,2026-05-04,ROG.SW,Roche,stock,WATCH,trend_pullback,75.4,NO_GO,B,risk_on,318.4000,318.4000,308.1603,338.8794,2.00,2.51,"Trend primario positivo, recente pullback verso medie brevi/intermedie, recupero sopra SMA20 e RSI in area non eccessivamente tirata. Forza relativa debole: -4.32% rispetto a EXW1.MI. Momento non propizio: costi troppo pesanti.","{""atr14"": 6.826478181891656, ""base_currency"": ""EUR"", ""benchmark"": ""EXW1.MI"", ""close"": 318.3999938964844, ""cost_pct"": 2.51, ""currency"": ""CHF"", ""distance_sma20_pct"": 0.19, ""fx_to_base"": 1.0907000303268433, ""opportunity"": {""adjustment"": 18.0, ""checks"": [{""name"": ""mercato"", ""note"": ""contesto generale favorevole"", ""points"": 4.0, ""status"": ""pass""}, {""name"": ""trend"", ""note"": ""trend primario positivo"", ""points"": 3.0, ""status"": ""pass""}, {""name"": ""timing"", ""note"": ""rimbalzo vicino alla media breve"", ""points"": 10.0, ""status"": ""pass""}, {""name"": ""momentum"", ""note"": ""RSI in zona costruttiva"", ""points"": 4.0, ""status"": ""pass""}, {""name"": ""partecipazione"", ""note"": ""volume nella norma"", ""points"": 0.0, ""status"": ""caution""}, {""name"": ""rischio"", ""note"": ""stop abbastanza vicino ma non casuale"", ""points"": 5.0, ""status"": ""pass""}, {""name"": ""costi"", ""note"": ""commissioni incidono troppo sul controvalore"", ""points"": -8.0, ""status"": ""fail""}], ""decision"": ""NO_GO"", ""grade"": ""B"", ""hard_blocks"": [""costi troppo pesanti""], ""opportunity_score"": 75.4, ""technical_score"": 57.4, ""threshold"": 62.0}, ""priority"": ""satellite"", ""recent_low"": 312.0, ""region"": ""europe"", ""relative_strength"": {""adjustment"": -8.0, ""benchmark_return_pct"": -2.59, ""benchmark_symbol"": ""EXW1.MI"", ""reason"": ""strumento più debole del benchmark nel periodo recente"", ""relative_strength_pct"": -4.32, ""state"": ""weak"", ""symbol_return_pct"": -6.91}, ""risk_pct"": 3.22, ""role"": ""defensive_quality"", ""rsi14"": 48.75995321718746, ""score_breakdown"": {""base"": 50.0, ""cost"": -15.0, ""cost_pct"": 2.51, ""reward_risk"": 0.0, ""risk"": 8.0, ""risk_pct"": 3.22, ""rsi"": 5.0, ""strategy"": 8.0, ""trend"": 9.29, ""universe"": 0.0, ""volume"": 0.15}, ""sector"": ""healthcare"", ""sma20"": 317.7950012207031, ""sma200"": 295.0175001525879, ""sma50"": 325.70456970214843, ""universe_score"": 3, ""vol20"": 947774.15, ""volume"": 962049.0, ""volume_ratio"": 1.02}",2026-05-04
28f13fc36d431538,2026-05-04,SU.PA,Schneider Electric,stock,WATCH,trend_pullback_setup,70.0,,,risk_on,260.5500,,,,,,Setup pullback in formazione: trend primario positivo e prezzo tornato in zona utile; attendere recupero sopra SMA20.,"{""atr14"": 8.384334751723731, ""base_currency"": ""EUR"", ""benchmark"": ""EXW1.MI"", ""close"": 260.54998779296875, ""currency"": ""EUR"", ""fx_to_base"": 1.0, ""priority"": ""leader"", ""readiness"": 70.0, ""recent_low"": 260.54998779296875, ""region"": ""europe"", ""role"": ""industrial_compounder"", ""rsi14"": 48.07700365637416, ""sector"": ""electrification"", ""sma20"": 264.95749893188474, ""sma200"": 240.43799980163575, ""sma50"": 256.56899993896485, ""universe_score"": 4, ""vol20"": 991303.65, ""volume"": 1470187.0}",2026-05-04
c9dd55d9d5b70f24,2026-05-04,SWDA.MI,iShares Core MSCI World UCITS ETF,etf,WATCH,near_breakout_setup,78.0,,,risk_on,117.4500,,,,,,Setup breakout in avvicinamento: prezzo vicino al massimo recente; attendere chiusura sopra livello con volumi adeguati.,"{""atr14"": 1.06305639736069, ""base_currency"": ""EUR"", ""benchmark"": ""SWDA.MI"", ""close"": 117.44999694824219, ""currency"": ""EUR"", ""fx_to_base"": 1.0, ""high20_prev"": 117.3499984741211, ""priority"": ""core"", ""readiness"": 78.0, ""region"": ""global"", ""role"": ""core_global"", ""rsi14"": 69.64446395244615, ""sector"": ""global_equity"", ""sma200"": 109.78499984741211, ""sma50"": 112.9713998413086, ""universe_score"": 5, ""vol20"": 105102.05, ""volume"": 192373.0, ""volume_ratio"": 1.83}",2026-05-04
f3e972b737e91483,2026-05-04,TRN.MI,Terna,stock,WATCH,trend_pullback_setup,70.0,,,risk_on,10.1000,,,,,,Setup pullback in formazione: trend primario positivo e prezzo tornato in zona utile; attendere recupero sopra SMA20.,"{""atr14"": 0.18851403021525237, ""base_currency"": ""EUR"", ""benchmark"": ""EXW1.MI"", ""close"": 10.100000381469727, ""currency"": ""EUR"", ""fx_to_base"": 1.0, ""priority"": ""satellite"", ""readiness"": 70.0, ""recent_low"": 9.970000267028809, ""region"": ""italy"", ""role"": ""defensive_income"", ""rsi14"": 51.18927644500549, ""sector"": ""utilities"", ""sma20"": 10.158150100708008, ""sma200"": 9.091310853958129, ""sma50"": 9.975500030517578, ""universe_score"": 3, ""vol20"": 3813495.0, ""volume"": 3893897.0}",2026-05-04
29dfb3803353650f,2026-05-04,TTE.PA,TotalEnergies,stock,WATCH,trend_pullback_setup,70.0,,,risk_on,78.6500,,,,,,Setup pullback in formazione: trend primario positivo e prezzo tornato in zona utile; attendere recupero sopra SMA20.,"{""atr14"": 2.120950815436732, ""base_currency"": ""EUR"", ""benchmark"": ""EXW1.MI"", ""close"": 78.6500015258789, ""currency"": ""EUR"", ""fx_to_base"": 1.0, ""priority"": ""satellite"", ""readiness"": 70.0, ""recent_low"": 75.05000305175781, ""region"": ""europe"", ""role"": ""cyclical_leader"", ""rsi14"": 58.41338645308625, ""sector"": ""energy"", ""sma20"": 77.36000022888183, ""sma200"": 58.53447599411011, ""sma50"": 73.75331848144532, ""universe_score"": 3, ""vol20"": 5370240.4, ""volume"": 4832842.0}",2026-05-04
7f89861857007184,2026-05-04,WMT,Walmart,stock,WATCH,trend_pullback_setup,70.0,,,risk_on,130.3600,,,,,,Setup pullback in formazione: trend primario positivo e prezzo tornato in zona utile; attendere recupero sopra SMA20.,"{""atr14"": 2.711453012880129, ""base_currency"": ""EUR"", ""benchmark"": ""CSSPX.MI"", ""close"": 130.36000061035156, ""currency"": ""USD"", ""fx_to_base"": 0.8547000288963318, ""priority"": ""leader"", ""readiness"": 70.0, ""recent_low"": 125.91000366210938, ""region"": ""us"", ""role"": ""defensive_compounder"", ""rsi14"": 57.25178585627277, ""sector"": ""consumer_staples"", ""sma20"": 127.94399948120117, ""sma200"": 112.22990432739257, ""sma50"": 125.77152969360351, ""universe_score"": 4, ""vol20"": 16211579.4, ""volume"": 3774088.0}",2026-05-04
4c3e74f0d0ccf734,2026-05-04,XOM,Exxon Mobil,stock,WATCH,trend_pullback,88.4,NO_GO,A,risk_on,153.5801,153.5801,146.8905,166.9593,2.00,2.51,"Trend primario positivo, recente pullback verso medie brevi/intermedie, recupero sopra SMA20 e RSI in area non eccessivamente tirata. Momento non propizio: costi troppo pesanti.","{""atr14"": 4.45972621921665, ""base_currency"": ""EUR"", ""benchmark"": ""CSSPX.MI"", ""close"": 153.58009338378906, ""cost_pct"": 2.51, ""currency"": ""USD"", ""distance_sma20_pct"": 1.17, ""fx_to_base"": 0.8547000288963318, ""opportunity"": {""adjustment"": 15.0, ""checks"": [{""name"": ""mercato"", ""note"": ""contesto generale favorevole"", ""points"": 4.0, ""status"": ""pass""}, {""name"": ""trend"", ""note"": ""trend primario positivo"", ""points"": 3.0, ""status"": ""pass""}, {""name"": ""timing"", ""note"": ""rimbalzo vicino alla media breve"", ""points"": 10.0, ""status"": ""pass""}, {""name"": ""momentum"", ""note"": ""RSI in zona costruttiva"", ""points"": 4.0, ""status"": ""pass""}, {""name"": ""partecipazione"", ""note"": ""volume debole"", ""points"": -3.0, ""status"": ""caution""}, {""name"": ""rischio"", ""note"": ""stop abbastanza vicino ma non casuale"", ""points"": 5.0, ""status"": ""pass""}, {""name"": ""costi"", ""note"": ""commissioni incidono troppo sul controvalore"", ""points"": -8.0, ""status"": ""fail""}], ""decision"": ""NO_GO"", ""grade"": ""A"", ""hard_blocks"": [""costi troppo pesanti""], ""opportunity_score"": 88.4, ""technical_score"": 73.4, ""threshold"": 62.0}, ""priority"": ""satellite"", ""recent_low"": 146.9499969482422, ""region"": ""us"", ""relative_strength"": {""adjustment"": 0.0, ""benchmark_return_pct"": 5.1, ""benchmark_symbol"": ""CSSPX.MI"", ""reason"": ""forza relativa in linea con il benchmark"", ""relative_strength_pct"": 0.73, ""state"": ""neutral"", ""symbol_return_pct"": 5.83}, ""risk_pct"": 4.36, ""role"": ""cyclical_leader"", ""rsi14"": 50.86142376047443, ""score_breakdown"": {""base"": 50.0, ""cost"": -15.0, ""cost_pct"": 2.51, ""reward_risk"": 0.0, ""risk"": 8.0, ""risk_pct"": 4.36, ""rsi"": 10.0, ""strategy"": 8.0, ""trend"": 17.43, ""universe"": 0.0, ""volume"": -5.0}, ""sector"": ""energy"", ""sma20"": 151.80250396728516, ""sma200"": 126.97273109436036, ""sma50"": 154.94860137939452, ""universe_score"": 3, ""vol20"": 18155627.8, ""volume"": 6223756.0, ""volume_ratio"": 0.34}",2026-05-04
1a060c9e8d00cd27,2026-05-05,AAPL,Apple,stock,WATCH,trend_pullback,61.9,NO_GO,D,risk_on,281.3574,281.3574,265.0700,313.9322,2.00,0.46,"Trend primario positivo, recente pullback verso medie brevi/intermedie, recupero sopra SMA20 e RSI in area non eccessivamente tirata. Forza relativa debole: -11.83% rispetto a EQQQ.MI. Momento non propizio: prezzo troppo distante dalla SMA20.","{""atr14"": 6.553508195683492, ""base_currency"": ""EUR"", ""benchmark"": ""EQQQ.MI"", ""close"": 281.3573913574219, ""cost_pct"": 0.46, ""currency"": ""USD"", ""distance_sma20_pct"": 4.73, ""fx_to_base"": 0.8543999791145325, ""opportunity"": {""adjustment"": 2.0, ""checks"": [{""name"": ""mercato"", ""note"": ""contesto generale favorevole"", ""points"": 4.0, ""status"": ""pass""}, {""name"": ""trend"", ""note"": ""prezzo sopra SMA50 e SMA200 ordinata"", ""points"": 6.0, ""status"": ""pass""}, {""name"": ""timing"", ""note"": ""pullback già troppo rincorso"", ""points"": -10.0, ""status"": ""fail""}, {""name"": ""momentum"", ""note"": ""RSI accettabile ma non ideale"", ""points"": 0.0, ""status"": ""caution""}, {""name"": ""partecipazione"", ""note"": ""volume debole"", ""points"": -3.0, ""status"": ""caution""}, {""name"": ""rischio"", ""note"": ""rischio accettabile ma non ideale"", ""points"": 1.0, ""status"": ""caution""}, {""name"": ""costi"", ""note"": ""costi compatibili con il trade"", ""points"": 4.0, ""status"": ""pass""}], ""decision"": ""NO_GO"", ""grade"": ""D"", ""hard_blocks"": [""prezzo troppo distante dalla SMA20""], ""opportunity_score"": 61.9, ""technical_score"": 59.9, ""threshold"": 62.0}, ""priority"": ""leader"", ""recent_low"": 265.07000732421875, ""region"": ""us_growth"", ""relative_strength"": {""adjustment"": -8.0, ""benchmark_return_pct"": 13.09, ""benchmark_symbol"": ""EQQQ.MI"", ""reason"": ""strumento più debole del benchmark nel periodo recente"", ""relative_strength_pct"": -11.83, ""state"": ""weak"", ""symbol_return_pct"": 1.26}, ""risk_pct"": 5.79, ""role"": ""quality_mega_cap"", ""rsi14"": 65.35385587651258, ""score_breakdown"": {""base"": 50.0, ""cost"": -2.0, ""cost_pct"": 0.46, ""reward_risk"": 0.0, ""risk"": 2.0, ""risk_pct"": 5.79, ""rsi"": 5.0, ""strategy"": 8.0, ""trend"": 5.86, ""universe"": 4.0, ""volume"": -5.0}, ""sector"": ""consumer_technology"", ""sma20"": 268.65036926269534, ""sma200"": 255.59269439697266, ""sma50"": 261.76714782714845, ""universe_score"": 5, ""vol20"": 44471897.55, ""volume"": 18172751.0, ""volume_ratio"": 0.41}",2026-05-05
8dcb7ca200fa8602,2026-05-05,ASML.AS,ASML Holding,stock,WATCH,trend_pullback,100.0,GO,A,risk_on,1229.0000,1229.0000,1157.5400,1371.9200,2.00,0.47,"Trend primario positivo, recente pullback verso medie brevi/intermedie, recupero sopra SMA20 e RSI in area non eccessivamente tirata. Forza relativa favorevole: +9.88% rispetto a EXW1.MI. Momento propizio: checklist A, score opportunità 100.0. Fondamentali: strong (77.9/100, qualita fondamentale forte). Allocazione: non scelto oggi (limite nuovi ingressi gia raggiunto).","{""allocation"": {""decision"": ""SKIPPED"", ""reason"": ""limite nuovi ingressi gia raggiunto"", ""score"": 100.0}, ""atr14"": 47.63998630002069, ""base_currency"": ""EUR"", ""benchmark"": ""EXW1.MI"", ""close"": 1229.0, ""cost_pct"": 0.47, ""currency"": ""EUR"", ""distance_sma20_pct"": 0.5, ""fundamentals"": {""adjustment"": 6.0, ""earnings_blackout"": {""action"": ""watch"", ""active"": false, ""days_to_earnings"": 71, ""earnings_date"": ""2026-07-15"", ""enabled"": true, ""penalty_points"": 5.0}, ""error"": null, ""events"": {""latest_quarter"": null, ""next_earnings_date"": ""2026-07-15""}, ""metrics"": {""analyst_count"": 35.0, ""beta"": 1.373, ""current_price"": 1229.0, ""current_ratio"": 1.36, ""debt_to_equity"": 12.989, ""dividend_yield"": 0.91, ""earnings_growth"": 0.192, ""eps_revision_balance"": 120.0, ""ev_to_ebitda"": 35.575, ""forward_pe"": 30.149174, ""free_cashflow"": 8243274752.0, ""market_cap"": 473678315520.0, ""operating_cashflow"": 10531500032.0, ""operating_margin"": 0.36020002, ""payout_ratio"": 0.2568, ""price_to_book"": 22.739887, ""price_to_sales"": 14.058782, ""profit_margin"": 0.29713, ""recommendation_mean"": 1.45455, ""revenue_growth"": 0.132, ""roe"": 0.52236, ""target_mean_price"": 1468.7063, ""trailing_pe"": 47.470066}, ""quality_gate"": {""blocked"": false, ""enabled"": true, ""weak_subscores"": []}, ""reason"": ""qualita fondamentale forte"", ""score"": 77.9, ""source"": ""yfinance"", ""state"": ""strong"", ""subscores"": {""analyst"": 84.0, ""balance_sheet"": 80.0, ""cashflow"": 80.0, ""growth"": 82.0, ""profitability"": 95.0, ""shareholder"": 78.0, ""valuation"": 38.0}}, ""fx_to_base"": 1.0, ""opportunity"": {""adjustment"": 26.0, ""checks"": [{""name"": ""mercato"", ""note"": ""contesto generale favorevole"", ""points"": 4.0, ""status"": ""pass""}, {""name"": ""trend"", ""note"": ""prezzo sopra SMA50 e SMA200 ordinata"", ""points"": 6.0, ""status"": ""pass""}, {""name"": ""timing"", ""note"": ""rimbalzo vicino alla media breve"", ""points"": 10.0, ""status"": ""pass""}, {""name"": ""momentum"", ""note"": ""RSI in zona costruttiva"", ""points"": 4.0, ""status"": ""pass""}, {""name"": ""partecipazione"", ""note"": ""volume debole"", ""points"": -3.0, ""status"": ""caution""}, {""name"": ""rischio"", ""note"": ""rischio accettabile ma non ideale"", ""points"": 1.0, ""status"": ""caution""}, {""name"": ""costi"", ""note"": ""costi compatibili con il trade"", ""points"": 4.0, ""status"": ""pass""}], ""decision"": ""GO"", ""grade"": ""A"", ""hard_blocks"": [], ""opportunity_score"": 100.0, ""technical_score"": 94.2, ""threshold"": 62.0}, ""priority"": ""leader"", ""recent_low"": 1167.4000244140625, ""region"": ""europe"", ""relative_strength"": {""adjustment"": 7.0, ""benchmark_return_pct"": -2.59, ""benchmark_symbol"": ""EXW1.MI"", ""reason"": ""strumento nettamente più forte del benchmark"", ""relative_strength_pct"": 9.88, ""state"": ""very_strong"", ""symbol_return_pct"": 7.29}, ""risk_pct"": 5.81, ""role"": ""european_leader"", ""rsi14"": 52.68191181319744, ""score_breakdown"": {""base"": 50.0, ""cost"": -2.0, ""cost_pct"": 0.47, ""reward_risk"": 0.0, ""risk"": 2.0, ""risk_pct"": 5.81, ""rsi"": 10.0, ""strategy"": 8.0, ""trend"": 18.0, ""universe"": 4.0, ""volume"": -2.76}, ""sector"": ""semiconductors"", ""sma20"": 1222.8719665527344, ""sma200"": 957.6256079101563, ""sma50"": 1201.4418139648437, ""universe_score"": 5, ""vol20"": 690725.3, ""volume"": 500191.0, ""volume_ratio"": 0.72}",2026-05-05
06dbb73bd32073f6,2026-05-05,AVGO,Broadcom,stock,WATCH,near_breakout_setup,66.0,,,risk_on,429.8300,,,,,,Setup breakout in avvicinamento: prezzo vicino al massimo recente; attendere chiusura sopra livello con volumi adeguati.,"{""atr14"": 13.057791074104287, ""base_currency"": ""EUR"", ""benchmark"": ""EQQQ.MI"", ""close"": 429.8299865722656, ""currency"": ""USD"", ""fx_to_base"": 0.8543999791145325, ""high20_prev"": 429.30999755859375, ""priority"": ""leader"", ""readiness"": 66.0, ""region"": ""us_growth"", ""role"": ""ai_infrastructure"", ""rsi14"": 69.98049106079944, ""sector"": ""semiconductors"", ""sma200"": 340.41123657226564, ""sma50"": 352.8831213378906, ""universe_score"": 4, ""vol20"": 20737257.55, ""volume"": 8497951.0, ""volume_ratio"": 0.41}",2026-05-05
f3b2d43124e58939,2026-05-05,CAT,Caterpillar,stock,WATCH,near_breakout_setup,66.0,,,risk_on,901.7900,,,,,,Setup breakout in avvicinamento: prezzo vicino al massimo recente; attendere chiusura sopra livello con volumi adeguati.,"{""atr14"": 27.40343947327298, ""base_currency"": ""EUR"", ""benchmark"": ""CSSPX.MI"", ""close"": 901.7899780273438, ""currency"": ""USD"", ""fx_to_base"": 0.8543999791145325, ""high20_prev"": 905.0, ""priority"": ""satellite"", ""readiness"": 66.0, ""region"": ""us"", ""role"": ""cyclical_leader"", ""rsi14"": 73.42640837999436, ""sector"": ""industrials"", ""sma200"": 593.5575289916992, ""sma50"": 754.4956506347656, ""universe_score"": 3, ""vol20"": 2351805.35, ""volume"": 1164607.0, ""volume_ratio"": 0.5}",2026-05-05
f9c3ab26da53fe29,2026-05-05,COST,Costco,stock,WATCH,trend_pullback,100.0,GO,A,risk_on,1015.1700,1015.1700,983.6926,1078.1248,2.00,0.40,"Trend primario positivo, recente pullback verso medie brevi/intermedie, recupero sopra SMA20 e RSI in area non eccessivamente tirata. Forza relativa debole: -4.77% rispetto a CSSPX.MI. Momento propizio: checklist A, score opportunità 99.0. Fondamentali: strong (73.8/100, qualita fondamentale forte). Allocazione: non scelto oggi (limite nuovi ingressi gia raggiunto).","{""allocation"": {""decision"": ""SKIPPED"", ""reason"": ""limite nuovi ingressi gia raggiunto"", ""score"": 98.6}, ""atr14"": 18.277669645155278, ""base_currency"": ""EUR"", ""benchmark"": ""CSSPX.MI"", ""close"": 1015.1699829101562, ""cost_pct"": 0.4, ""currency"": ""USD"", ""distance_sma20_pct"": 1.31, ""fundamentals"": {""adjustment"": 6.0, ""earnings_blackout"": {""action"": ""watch"", ""active"": false, ""days_to_earnings"": 23, ""earnings_date"": ""2026-05-28"", ""enabled"": true, ""penalty_points"": 5.0}, ""error"": null, ""events"": {""latest_quarter"": null, ""next_earnings_date"": ""2026-05-28""}, ""metrics"": {""analyst_count"": 32.0, ""beta"": 0.908, ""current_price"": 1015.17, ""current_ratio"": 1.058, ""debt_to_equity"": 60.257, ""dividend_yield"": 0.58, ""earnings_growth"": 0.455, ""eps_revision_balance"": 17.0, ""ev_to_ebitda"": 33.238, ""forward_pe"": 45.17052, ""free_cashflow"": 6690375168.0, ""market_cap"": 450382757888.0, ""operating_cashflow"": 15011000320.0, ""operating_margin"": 0.036730003, ""payout_ratio"": 0.27040002, ""price_to_book"": 27.232416, ""price_to_sales"": 1.573307, ""profit_margin"": 0.029860001, ""recommendation_mean"": 1.97222, ""revenue_growth"": 0.215, ""roe"": 0.29650998, ""target_mean_price"": 1072.1562, ""trailing_pe"": 52.76351}, ""quality_gate"": {""blocked"": false, ""enabled"": true, ""weak_subscores"": []}, ""reason"": ""qualita fondamentale forte"", ""score"": 73.8, ""source"": ""yfinance"", ""state"": ""strong"", ""subscores"": {""analyst"": 84.0, ""balance_sheet"": 73.0, ""cashflow"": 80.0, ""growth"": 95.0, ""profitability"": 66.3, ""shareholder"": 78.0, ""valuation"": 49.7}}, ""fx_to_base"": 0.8543999791145325, ""opportunity"": {""adjustment"": 30.0, ""checks"": [{""name"": ""mercato"", ""note"": ""contesto generale favorevole"", ""points"": 4.0, ""status"": ""pass""}, {""name"": ""trend"", ""note"": ""prezzo sopra SMA50 e SMA200 ordinata"", ""points"": 6.0, ""status"": ""pass""}, {""name"": ""timing"", ""note"": ""rimbalzo vicino alla media breve"", ""points"": 10.0, ""status"": ""pass""}, {""name"": ""momentum"", ""note"": ""RSI in zona costruttiva"", ""points"": 4.0, ""status"": ""pass""}, {""name"": ""partecipazione"", ""note"": ""volume debole"", ""points"": -3.0, ""status"": ""caution""}, {""name"": ""rischio"", ""note"": ""stop abbastanza vicino ma non casuale"", ""points"": 5.0, ""status"": ""pass""}, {""name"": ""costi"", ""note"": ""costi compatibili con il trade"", ""points"": 4.0, ""status"": ""pass""}], ""decision"": ""GO"", ""grade"": ""A"", ""hard_blocks"": [], ""opportunity_score"": 99.0, ""technical_score"": 69.0, ""threshold"": 62.0}, ""priority"": ""leader"", ""recent_low"": 983.6926068688012, ""region"": ""us"", ""relative_strength"": {""adjustment"": -8.0, ""benchmark_return_pct"": 6.32, ""benchmark_symbol"": ""CSSPX.MI"", ""reason"": ""strumento più debole del benchmark nel periodo recente"", ""relative_strength_pct"": -4.77, ""state"": ""weak"", ""symbol_return_pct"": 1.55}, ""risk_pct"": 3.1, ""role"": ""defensive_compounder"", ""rsi14"": 57.729238048443335, ""score_breakdown"": {""base"": 50.0, ""cost"": -2.0, ""cost_pct"": 0.4, ""reward_risk"": 0.0, ""risk"": 8.0, ""risk_pct"": 3.1, ""rsi"": 10.0, ""strategy"": 8.0, ""trend"": 5.96, ""universe"": 2.0, ""volume"": -5.0}, ""sector"": ""consumer_staples"", ""sma20"": 1002.0674987792969, ""sma200"": 948.4190234375, ""sma50"": 996.6514379882813, ""universe_score"": 4, ""vol20"": 1713582.8, ""volume"": 395356.0, ""volume_ratio"": 0.23}",2026-05-05
03220bc5d10d2a16,2026-05-05,CPR.MI,Campari,stock,WATCH,trend_pullback_setup,70.0,,,risk_on,6.3500,,,,,,Setup pullback in formazione: trend primario positivo e prezzo tornato in zona utile; attendere recupero sopra SMA20.,"{""atr14"": 0.14640415723387057, ""base_currency"": ""EUR"", ""benchmark"": ""EXW1.MI"", ""close"": 6.349999904632568, ""currency"": ""EUR"", ""fx_to_base"": 1.0, ""priority"": ""satellite"", ""readiness"": 70.0, ""recent_low"": 6.076000213623047, ""region"": ""italy"", ""role"": ""quality_compounder"", ""rsi14"": 53.70199426396115, ""sector"": ""consumer_staples"", ""sma20"": 6.373411321640015, ""sma200"": 5.953567357063293, ""sma50"": 6.22063458442688, ""universe_score"": 3, ""vol20"": 4476531.45, ""volume"": 5506914.0}",2026-05-05
463c73725a9bc22b,2026-05-05,CSSPX.MI,iShares Core S&P 500 UCITS ETF,etf,WATCH,near_breakout_setup,61.2,,,risk_on,665.9600,,,,,,Setup breakout in avvicinamento: prezzo vicino al massimo recente; attendere chiusura sopra livello con volumi adeguati.,"{""atr14"": 5.880554163196232, ""base_currency"": ""EUR"", ""benchmark"": ""SWDA.MI"", ""close"": 665.9600219726562, ""currency"": ""EUR"", ""fx_to_base"": 1.0, ""high20_prev"": 664.8599853515625, ""priority"": ""core"", ""readiness"": 61.2, ""region"": ""us"", ""role"": ""core_us"", ""rsi14"": 78.08041271695475, ""sector"": ""broad_market"", ""sma200"": 616.6172485351562, ""sma50"": 629.3343957519531, ""universe_score"": 5, ""vol20"": 9937.75, ""volume"": 15100.0, ""volume_ratio"": 1.52}",2026-05-05
a5fc2b9dadd39a2b,2026-05-05,ENEL.MI,Enel,stock,WATCH,trend_pullback_setup,70.0,,,risk_on,9.7100,,,,,,Setup pullback in formazione: trend primario positivo e prezzo tornato in zona utile; attendere recupero sopra SMA20.,"{""atr14"": 0.2102755495958997, ""base_currency"": ""EUR"", ""benchmark"": ""EXW1.MI"", ""close"": 9.710000038146973, ""currency"": ""EUR"", ""fx_to_base"": 1.0, ""priority"": ""satellite"", ""readiness"": 70.0, ""recent_low"": 9.586000442504883, ""region"": ""italy"", ""role"": ""defensive_income"", ""rsi14"": 50.0101066943123, ""sector"": ""utilities"", ""sma20"": 9.792500019073486, ""sma200"": 8.677192332744598, ""sma50"": 9.643840026855468, ""universe_score"": 3, ""vol20"": 27571342.8, ""volume"": 19008462.0}",2026-05-05
31c3b43b094adbb2,2026-05-05,ENI.MI,Eni,stock,WATCH,trend_pullback,100.0,GO,A,risk_on,23.9650,23.9650,22.7600,26.3750,2.00,0.40,"Trend primario positivo, recente pullback verso medie brevi/intermedie, recupero sopra SMA20 e RSI in area non eccessivamente tirata. Forza relativa favorevole: +41.14% rispetto a EXW1.MI. Momento propizio: checklist A, score opportunità 100.0. Fondamentali: mixed (52.0/100, fondamentali misti, senza vantaggio chiaro). Segnale non eseguito in paper: Esiste già una posizione aperta su questo strumento.","{""atr14"": 0.6757338364209287, ""base_currency"": ""EUR"", ""benchmark"": ""EXW1.MI"", ""close"": 23.96500015258789, ""cost_pct"": 0.4, ""currency"": ""EUR"", ""distance_sma20_pct"": 2.31, ""fundamentals"": {""adjustment"": 0.0, ""earnings_blackout"": {""action"": ""watch"", ""active"": false, ""days_to_earnings"": -11, ""earnings_date"": ""2026-04-24"", ""enabled"": true, ""penalty_points"": 5.0}, ""error"": null, ""events"": {""latest_quarter"": null, ""next_earnings_date"": ""2026-04-24""}, ""metrics"": {""analyst_count"": 22.0, ""beta"": 0.237, ""current_price"": 23.965, ""current_ratio"": 1.472, ""debt_to_equity"": 67.357, ""dividend_yield"": 4.52, ""earnings_growth"": -0.081, ""eps_revision_balance"": 43.0, ""ev_to_ebitda"": 8.087, ""forward_pe"": 10.348028, ""free_cashflow"": -16551374848.0, ""market_cap"": 70484754432.0, ""operating_cashflow"": 12371999744.0, ""operating_margin"": 0.042919997, ""payout_ratio"": 1.0348, ""price_to_book"": 1.6507095, ""price_to_sales"": 0.8343465, ""profit_margin"": 0.029679999, ""recommendation_mean"": 2.33333, ""revenue_growth"": -0.126, ""roe"": 0.059109997, ""target_mean_price"": 25.33182, ""trailing_pe"": 23.965}, ""quality_gate"": {""blocked"": false, ""enabled"": true, ""weak_subscores"": []}, ""reason"": ""fondamentali misti, senza vantaggio chiaro"", ""score"": 52.0, ""source"": ""yfinance"", ""state"": ""mixed"", ""subscores"": {""analyst"": 75.0, ""balance_sheet"": 73.0, ""cashflow"": 50.0, ""growth"": 15.0, ""profitability"": 49.7, ""shareholder"": 28.0, ""valuation"": 84.0}}, ""fx_to_base"": 1.0, ""opportunity"": {""adjustment"": 30.0, ""checks"": [{""name"": ""mercato"", ""note"": ""contesto generale favorevole"", ""points"": 4.0, ""status"": ""pass""}, {""name"": ""trend"", ""note"": ""prezzo sopra SMA50 e SMA200 ordinata"", ""points"": 6.0, ""status"": ""pass""}, {""name"": ""timing"", ""note"": ""rimbalzo vicino alla media breve"", ""points"": 10.0, ""status"": ""pass""}, {""name"": ""momentum"", ""note"": ""RSI in zona costruttiva"", ""points"": 4.0, ""status"": ""pass""}, {""name"": ""partecipazione"", ""note"": ""volume debole"", ""points"": -3.0, ""status"": ""caution""}, {""name"": ""rischio"", ""note"": ""stop abbastanza vicino ma non casuale"", ""points"": 5.0, ""status"": ""pass""}, {""name"": ""costi"", ""note"": ""costi compatibili con il trade"", ""points"": 4.0, ""status"": ""pass""}], ""decision"": ""GO"", ""grade"": ""A"", ""hard_blocks"": [], ""opportunity_score"": 100.0, ""technical_score"": 94.3, ""threshold"": 62.0}, ""priority"": ""satellite"", ""recent_low"": 22.760000228881836, ""region"": ""italy"", ""relative_strength"": {""adjustment"": 7.0, ""benchmark_return_pct"": -2.59, ""benchmark_symbol"": ""EXW1.MI"", ""reason"": ""strumento nettamente più forte del benchmark"", ""relative_strength_pct"": 41.14, ""state"": ""very_strong"", ""symbol_return_pct"": 38.55}, ""risk_pct"": 5.03, ""role"": ""cyclical_income"", ""rsi14"": 58.45280696043126, ""score_breakdown"": {""base"": 50.0, ""cost"": -2.0, ""cost_pct"": 0.4, ""reward_risk"": 0.0, ""risk"": 8.0, ""risk_pct"": 5.03, ""rsi"": 10.0, ""strategy"": 8.0, ""trend"": 18.0, ""universe"": 0.0, ""volume"": -4.7}, ""sector"": ""energy"", ""sma20"": 23.42375030517578, ""sma200"": 17.10011215686798, ""sma50"": 22.328837966918947, ""universe_score"": 3, ""vol20"": 12364717.05, ""volume"": 6556954.0, ""volume_ratio"": 0.53}",2026-05-05
a311546667e49798,2026-05-05,EXW1.MI,iShares Core EURO STOXX 50 UCITS ETF,etf,WATCH,trend_pullback_setup,70.0,,,risk_on,58.5100,,,,,,Setup pullback in formazione: trend primario positivo e prezzo tornato in zona utile; attendere recupero sopra SMA20.,"{""atr14"": 0.9848848541657176, ""base_currency"": ""EUR"", ""benchmark"": ""SWDA.MI"", ""close"": 58.5099983215332, ""currency"": ""EUR"", ""fx_to_base"": 1.0, ""priority"": ""core"", ""readiness"": 70.0, ""recent_low"": 58.47999954223633, ""region"": ""europe"", ""role"": ""europe_benchmark"", ""rsi14"": 45.96284081843388, ""sector"": ""broad_market"", ""sma20"": 59.486999893188475, ""sma200"": 57.067457332611085, ""sma50"": 58.83990760803223, ""universe_score"": 4, ""vol20"": 1940119.7, ""volume"": 2203009.0}",2026-05-05
6b1a993d62d63ddb,2026-05-05,G.MI,Assicurazioni Generali,stock,WATCH,trend_pullback,100.0,GO,A,risk_on,38.2500,38.2500,37.0900,40.5700,2.00,0.40,"Trend primario positivo, recente pullback verso medie brevi/intermedie, recupero sopra SMA20 e RSI in area non eccessivamente tirata. Forza relativa favorevole: +9.94% rispetto a EXW1.MI. Momento propizio: checklist A, score opportunità 100.0. Fondamentali: strong (72.8/100, qualita fondamentale forte). Allocazione: non scelto oggi (limite nuovi ingressi gia raggiunto).","{""allocation"": {""decision"": ""SKIPPED"", ""reason"": ""limite nuovi ingressi gia raggiunto"", ""score"": 100.0}, ""atr14"": 0.7321539697045568, ""base_currency"": ""EUR"", ""benchmark"": ""EXW1.MI"", ""close"": 38.25, ""cost_pct"": 0.4, ""currency"": ""EUR"", ""distance_sma20_pct"": 2.83, ""fundamentals"": {""adjustment"": 6.0, ""earnings_blackout"": {""action"": ""watch"", ""active"": false, ""days_to_earnings"": 16, ""earnings_date"": ""2026-05-21"", ""enabled"": true, ""penalty_points"": 5.0}, ""error"": null, ""events"": {""latest_quarter"": null, ""next_earnings_date"": ""2026-05-21""}, ""metrics"": {""analyst_count"": 18.0, ""beta"": 0.659, ""current_price"": 38.25, ""current_ratio"": 2.229, ""debt_to_equity"": 113.746, ""dividend_yield"": 4.39, ""earnings_growth"": null, ""eps_revision_balance"": 4.0, ""ev_to_ebitda"": 11.528, ""forward_pe"": 11.465278, ""free_cashflow"": 3450125056.0, ""market_cap"": 57221156864.0, ""operating_cashflow"": 19669000192.0, ""operating_margin"": 0.11055, ""payout_ratio"": 0.5319, ""price_to_book"": 1.7937536, ""price_to_sales"": 0.989934, ""profit_margin"": 0.07218, ""recommendation_mean"": 2.27778, ""revenue_growth"": null, ""roe"": 0.13688, ""target_mean_price"": 37.26257, ""trailing_pe"": 14.219331}, ""quality_gate"": {""blocked"": false, ""enabled"": true, ""weak_subscores"": []}, ""reason"": ""qualita fondamentale forte"", ""score"": 72.8, ""source"": ""yfinance"", ""state"": ""strong"", ""subscores"": {""analyst"": 75.0, ""balance_sheet"": 71.5, ""cashflow"": 80.0, ""growth"": null, ""profitability"": 61.3, ""shareholder"": 78.0, ""valuation"": 84.0}}, ""fx_to_base"": 1.0, ""opportunity"": {""adjustment"": 20.0, ""checks"": [{""name"": ""mercato"", ""note"": ""contesto generale favorevole"", ""points"": 4.0, ""status"": ""pass""}, {""name"": ""trend"", ""note"": ""prezzo sopra SMA50 e SMA200 ordinata"", ""points"": 6.0, ""status"": ""pass""}, {""name"": ""timing"", ""note"": ""rimbalzo valido ma già un po' esteso"", ""points"": 4.0, ""status"": ""caution""}, {""name"": ""momentum"", ""note"": ""RSI accettabile ma non ideale"", ""points"": 0.0, ""status"": ""caution""}, {""name"": ""partecipazione"", ""note"": ""volume debole"", ""points"": -3.0, ""status"": ""caution""}, {""name"": ""rischio"", ""note"": ""stop abbastanza vicino ma non casuale"", ""points"": 5.0, ""status"": ""pass""}, {""name"": ""costi"", ""note"": ""costi compatibili con il trade"", ""points"": 4.0, ""status"": ""pass""}], ""decision"": ""GO"", ""grade"": ""A"", ""hard_blocks"": [], ""opportunity_score"": 100.0, ""technical_score"": 81.7, ""threshold"": 62.0}, ""priority"": ""satellite"", ""recent_low"": 37.09000015258789, ""region"": ""italy"", ""relative_strength"": {""adjustment"": 7.0, ""benchmark_return_pct"": -2.59, ""benchmark_symbol"": ""EXW1.MI"", ""reason"": ""strumento nettamente più forte del benchmark"", ""relative_strength_pct"": 9.94, ""state"": ""very_strong"", ""symbol_return_pct"": 7.35}, ""risk_pct"": 3.03, ""role"": ""defensive_financial"", ""rsi14"": 64.05785000715258, ""score_breakdown"": {""base"": 50.0, ""cost"": -2.0, ""cost_pct"": 0.4, ""reward_risk"": 0.0, ""risk"": 8.0, ""risk_pct"": 3.03, ""rsi"": 5.0, ""strategy"": 8.0, ""trend"": 7.57, ""universe"": 0.0, ""volume"": -1.91}, ""sector"": ""insurance"", ""sma20"": 37.195999717712404, ""sma200"": 34.15529992103577, ""sma50"": 35.50319969177246, ""universe_score"": 3, ""vol20"": 3199818.5, ""volume"": 2588679.0, ""volume_ratio"": 0.81}",2026-05-05
2c65ffd591019e5f,2026-05-05,GOOGL,Alphabet,stock,WATCH,near_breakout_setup,52.0,,,risk_on,387.4300,,,,,,Setup breakout in avvicinamento: prezzo vicino al massimo recente; attendere chiusura sopra livello con volumi adeguati.,"{""atr14"": 9.822990408220818, ""base_currency"": ""EUR"", ""benchmark"": ""EQQQ.MI"", ""close"": 387.42999267578125, ""currency"": ""USD"", ""fx_to_base"": 0.8543999791145325, ""high20_prev"": 387.3800048828125, ""priority"": ""leader"", ""readiness"": 52.0, ""region"": ""us_growth"", ""role"": ""quality_mega_cap"", ""rsi14"": 81.10141476833476, ""sector"": ""digital_platforms"", ""sma200"": 282.88082359313967, ""sma50"": 318.35723083496094, ""universe_score"": 5, ""vol20"": 26646980.75, ""volume"": 11396715.0, ""volume_ratio"": 0.43}",2026-05-05
1fdcb7d3408d4355,2026-05-05,ISP.MI,Intesa Sanpaolo,stock,WATCH,trend_pullback,100.0,GO,A,risk_on,5.7600,5.7600,5.5497,6.1806,2.00,0.40,"Trend primario positivo, recente pullback verso medie brevi/intermedie, recupero sopra SMA20 e RSI in area non eccessivamente tirata. Momento propizio: checklist A, score opportunità 100.0. Trimestrale troppo vicina: 2026-05-08 (tra 3 giorni).","{""atr14"": 0.14023231269842032, ""base_currency"": ""EUR"", ""benchmark"": ""EXW1.MI"", ""close"": 5.760000228881836, ""cost_pct"": 0.4, ""currency"": ""EUR"", ""distance_sma20_pct"": 0.93, ""fundamentals"": {""adjustment"": 6.0, ""earnings_blackout"": {""action"": ""watch"", ""active"": true, ""days_to_earnings"": 3, ""earnings_date"": ""2026-05-08"", ""enabled"": true, ""penalty_points"": 5.0}, ""error"": null, ""events"": {""latest_quarter"": null, ""next_earnings_date"": ""2026-05-08""}, ""metrics"": {""analyst_count"": 21.0, ""beta"": 0.849, ""current_price"": 5.76, ""current_ratio"": null, ""debt_to_equity"": null, ""dividend_yield"": 6.76, ""earnings_growth"": 0.231, ""eps_revision_balance"": 1.0, ""ev_to_ebitda"": null, ""forward_pe"": 9.32567, ""free_cashflow"": null, ""market_cap"": 100153344000.0, ""operating_cashflow"": 8234999808.0, ""operating_margin"": 0.50823003, ""payout_ratio"": 0.6735, ""price_to_book"": 1.5355906, ""price_to_sales"": 3.9558158, ""profit_margin"": 0.36816, ""recommendation_mean"": 1.7619, ""revenue_growth"": -0.0, ""roe"": 0.14294, ""target_mean_price"": 6.60952, ""trailing_pe"": 10.867926}, ""quality_gate"": {""blocked"": false, ""enabled"": true, ""weak_subscores"": []}, ""reason"": ""qualita fondamentale forte"", ""score"": 77.6, ""source"": ""yfinance"", ""state"": ""strong"", ""subscores"": {""analyst"": 76.0, ""balance_sheet"": null, ""cashflow"": 80.0, ""growth"": 72.5, ""profitability"": 84.7, ""shareholder"": 52.0, ""valuation"": 75.0}}, ""fx_to_base"": 1.0, ""opportunity"": {""adjustment"": 33.0, ""checks"": [{""name"": ""mercato"", ""note"": ""contesto generale favorevole"", ""points"": 4.0, ""status"": ""pass""}, {""name"": ""trend"", ""note"": ""prezzo sopra SMA50 e SMA200 ordinata"", ""points"": 6.0, ""status"": ""pass""}, {""name"": ""timing"", ""note"": ""rimbalzo vicino alla media breve"", ""points"": 10.0, ""status"": ""pass""}, {""name"": ""momentum"", ""note"": ""RSI in zona costruttiva"", ""points"": 4.0, ""status"": ""pass""}, {""name"": ""partecipazione"", ""note"": ""volume nella norma"", ""points"": 0.0, ""status"": ""caution""}, {""name"": ""rischio"", ""note"": ""stop abbastanza vicino ma non casuale"", ""points"": 5.0, ""status"": ""pass""}, {""name"": ""costi"", ""note"": ""costi compatibili con il trade"", ""points"": 4.0, ""status"": ""pass""}], ""decision"": ""GO"", ""grade"": ""A"", ""hard_blocks"": [], ""opportunity_score"": 100.0, ""technical_score"": 75.3, ""threshold"": 62.0}, ""priority"": ""satellite"", ""recent_low"": 5.567999839782715, ""region"": ""italy"", ""relative_strength"": {""adjustment"": 0.0, ""benchmark_return_pct"": -2.59, ""benchmark_symbol"": ""EXW1.MI"", ""reason"": ""forza relativa in linea con il benchmark"", ""relative_strength_pct"": 0.22, ""state"": ""neutral"", ""symbol_return_pct"": -2.37}, ""risk_pct"": 3.65, ""role"": ""italian_financial_leader"", ""rsi14"": 56.46952352997949, ""score_breakdown"": {""base"": 50.0, ""cost"": -2.0, ""cost_pct"": 0.4, ""reward_risk"": 0.0, ""risk"": 8.0, ""risk_pct"": 3.65, ""rsi"": 10.0, ""strategy"": 8.0, ""trend"": 2.25, ""universe"": 0.0, ""volume"": -0.95}, ""sector"": ""financials"", ""sma20"": 5.706750011444091, ""sma200"": 5.486304504871368, ""sma50"": 5.486920003890991, ""universe_score"": 3, ""vol20"": 50393410.25, ""volume"": 45583776.0, ""volume_ratio"": 0.9}",2026-05-05
816b51906ca28aa3,2026-05-05,LDO.MI,Leonardo,stock,WATCH,trend_pullback_setup,70.0,,,risk_on,53.2800,,,,,,Setup pullback in formazione: trend primario positivo e prezzo tornato in zona utile; attendere recupero sopra SMA20.,"{""atr14"": 2.0290881112500747, ""base_currency"": ""EUR"", ""benchmark"": ""EXW1.MI"", ""close"": 53.279998779296875, ""currency"": ""EUR"", ""fx_to_base"": 1.0, ""priority"": ""satellite"", ""readiness"": 70.0, ""recent_low"": 51.060001373291016, ""region"": ""italy"", ""role"": ""momentum_cyclical"", ""rsi14"": 40.12919806939868, ""sector"": ""aerospace_defense"", ""sma20"": 55.545999717712405, ""sma200"": 52.77665004730225, ""sma50"": 58.14959983825683, ""universe_score"": 3, ""vol20"": 3480945.05, ""volume"": 4565672.0}",2026-05-05
1486d5ae0d2fda24,2026-05-05,LLY,Eli Lilly,stock,WATCH,trend_pullback,30.5,NO_GO,D,risk_on,982.2300,982.2300,850.5100,1245.6700,2.00,1.07,"Trend primario positivo, recente pullback verso medie brevi/intermedie, recupero sopra SMA20 e RSI in area non eccessivamente tirata. Forza relativa debole: -13.34% rispetto a CSSPX.MI. Momento non propizio: prezzo troppo distante dalla SMA20, distanza stop non efficiente.","{""atr14"": 31.301681478789238, ""base_currency"": ""EUR"", ""benchmark"": ""CSSPX.MI"", ""close"": 982.22998046875, ""cost_pct"": 1.07, ""currency"": ""USD"", ""distance_sma20_pct"": 6.63, ""fx_to_base"": 0.8543999791145325, ""opportunity"": {""adjustment"": -9.0, ""checks"": [{""name"": ""mercato"", ""note"": ""contesto generale favorevole"", ""points"": 4.0, ""status"": ""pass""}, {""name"": ""trend"", ""note"": ""prezzo sopra SMA50 e SMA200 ordinata"", ""points"": 6.0, ""status"": ""pass""}, {""name"": ""timing"", ""note"": ""pullback già troppo rincorso"", ""points"": -10.0, ""status"": ""fail""}, {""name"": ""momentum"", ""note"": ""RSI in zona costruttiva"", ""points"": 4.0, ""status"": ""pass""}, {""name"": ""partecipazione"", ""note"": ""volume debole"", ""points"": -3.0, ""status"": ""caution""}, {""name"": ""rischio"", ""note"": ""stop troppo stretto o troppo largo"", ""points"": -10.0, ""status"": ""fail""}, {""name"": ""costi"", ""note"": ""costi elevati ma sotto limite"", ""points"": 0.0, ""status"": ""caution""}], ""decision"": ""NO_GO"", ""grade"": ""D"", ""hard_blocks"": [""prezzo troppo distante dalla SMA20"", ""distanza stop non efficiente""], ""opportunity_score"": 30.5, ""technical_score"": 39.5, ""threshold"": 62.0}, ""priority"": ""leader"", ""recent_low"": 850.510009765625, ""region"": ""us"", ""relative_strength"": {""adjustment"": -8.0, ""benchmark_return_pct"": 6.32, ""benchmark_symbol"": ""CSSPX.MI"", ""reason"": ""strumento più debole del benchmark nel periodo recente"", ""relative_strength_pct"": -13.34, ""state"": ""weak"", ""symbol_return_pct"": -7.02}, ""risk_pct"": 13.41, ""role"": ""healthcare_growth"", ""rsi14"": 60.81700380429236, ""score_breakdown"": {""base"": 50.0, ""cost"": -15.0, ""cost_pct"": 1.07, ""reward_risk"": 0.0, ""risk"": -8.0, ""risk_pct"": 13.41, ""rsi"": 10.0, ""strategy"": 8.0, ""trend"": 5.51, ""universe"": 2.0, ""volume"": -5.0}, ""sector"": ""healthcare"", ""sma20"": 921.1820037841796, ""sma200"": 911.7182022094727, ""sma50"": 945.297802734375, ""universe_score"": 4, ""vol20"": 3140986.45, ""volume"": 1159129.0, ""volume_ratio"": 0.37}",2026-05-05
8387d5f22650801b,2026-05-05,NESN.SW,Nestle,stock,WATCH,trend_pullback_setup,70.0,,,risk_on,77.5700,,,,,,Setup pullback in formazione: trend primario positivo e prezzo tornato in zona utile; attendere recupero sopra SMA20.,"{""atr14"": 1.5343601678586518, ""base_currency"": ""EUR"", ""benchmark"": ""EXW1.MI"", ""close"": 77.56999969482422, ""currency"": ""CHF"", ""fx_to_base"": 1.0915000438690186, ""priority"": ""satellite"", ""readiness"": 70.0, ""recent_low"": 76.75, ""region"": ""europe"", ""role"": ""defensive_quality"", ""rsi14"": 51.48861620984472, ""sector"": ""consumer_staples"", ""sma20"": 77.24220695495606, ""sma200"": 74.14821510314941, ""sma50"": 76.74825820922851, ""universe_score"": 3, ""vol20"": 3829640.25, ""volume"": 3551268.0}",2026-05-05
f008e361a70a3eab,2026-05-05,NVDA,NVIDIA,stock,WATCH,trend_pullback_setup,70.0,,,risk_on,197.9800,,,,,,Setup pullback in formazione: trend primario positivo e prezzo tornato in zona utile; attendere recupero sopra SMA20.,"{""atr14"": 6.133241105433112, ""base_currency"": ""EUR"", ""benchmark"": ""EQQQ.MI"", ""close"": 197.97999572753906, ""currency"": ""USD"", ""fx_to_base"": 0.8543999791145325, ""priority"": ""leader"", ""readiness"": 70.0, ""recent_low"": 194.74000549316406, ""region"": ""us_growth"", ""role"": ""ai_leader"", ""rsi14"": 52.44030045556059, ""sector"": ""semiconductors"", ""sma20"": 199.2599998474121, ""sma200"": 184.0968716430664, ""sma50"": 187.45380798339843, ""universe_score"": 5, ""vol20"": 144502597.45, ""volume"": 58187949.0}",2026-05-05
f77902a222e358d1,2026-05-05,PST.MI,Poste Italiane,stock,WATCH,trend_pullback,100.0,GO,A,risk_on,22.2200,22.2200,21.5848,23.4904,2.00,0.40,"Trend primario positivo, recente pullback verso medie brevi/intermedie, recupero sopra SMA20 e RSI in area non eccessivamente tirata. Momento propizio: checklist A, score opportunità 100.0. Quality gate fondamentale non superato: balance_sheet sotto soglia.","{""atr14"": 0.4234743299308936, ""base_currency"": ""EUR"", ""benchmark"": ""EXW1.MI"", ""close"": 22.219999313354492, ""cost_pct"": 0.4, ""currency"": ""EUR"", ""distance_sma20_pct"": 0.5, ""fundamentals"": {""adjustment"": 3.0, ""earnings_blackout"": {""action"": ""watch"", ""active"": true, ""days_to_earnings"": 2, ""earnings_date"": ""2026-05-07"", ""enabled"": true, ""penalty_points"": 5.0}, ""error"": null, ""events"": {""latest_quarter"": null, ""next_earnings_date"": ""2026-05-07""}, ""metrics"": {""analyst_count"": 14.0, ""beta"": 0.779, ""current_price"": 22.22, ""current_ratio"": 0.5, ""debt_to_equity"": 705.258, ""dividend_yield"": 5.66, ""earnings_growth"": 0.111, ""eps_revision_balance"": -2.0, ""ev_to_ebitda"": 27.205, ""forward_pe"": 11.414187, ""free_cashflow"": 4288000000.0, ""market_cap"": 28715853824.0, ""operating_cashflow"": 2703000064.0, ""operating_margin"": 0.21472, ""payout_ratio"": 0.6725, ""price_to_book"": 2.20524, ""price_to_sales"": 2.0473301, ""profit_margin"": 0.15785, ""recommendation_mean"": 2.07143, ""revenue_growth"": 0.044, ""roe"": 0.17396, ""target_mean_price"": 23.52143, ""trailing_pe"": 12.994151}, ""quality_gate"": {""blocked"": true, ""enabled"": true, ""weak_subscores"": [{""name"": ""balance_sheet"", ""score"": 17.5, ""threshold"": 35.0}]}, ""reason"": ""fondamentali sani"", ""score"": 65.2, ""source"": ""yfinance"", ""state"": ""healthy"", ""subscores"": {""analyst"": 52.0, ""balance_sheet"": 17.5, ""cashflow"": 80.0, ""growth"": 74.0, ""profitability"": 82.0, ""shareholder"": 52.0, ""valuation"": 70.0}}, ""fx_to_base"": 1.0, ""opportunity"": {""adjustment"": 37.0, ""checks"": [{""name"": ""mercato"", ""note"": ""contesto generale favorevole"", ""points"": 4.0, ""status"": ""pass""}, {""name"": ""trend"", ""note"": ""prezzo sopra SMA50 e SMA200 ordinata"", ""points"": 6.0, ""status"": ""pass""}, {""name"": ""timing"", ""note"": ""rimbalzo vicino alla media breve"", ""points"": 10.0, ""status"": ""pass""}, {""name"": ""momentum"", ""note"": ""RSI in zona costruttiva"", ""points"": 4.0, ""status"": ""pass""}, {""name"": ""partecipazione"", ""note"": ""volume sopra media"", ""points"": 4.0, ""status"": ""pass""}, {""name"": ""rischio"", ""note"": ""stop abbastanza vicino ma non casuale"", ""points"": 5.0, ""status"": ""pass""}, {""name"": ""costi"", ""note"": ""costi compatibili con il trade"", ""points"": 4.0, ""status"": ""pass""}], ""decision"": ""GO"", ""grade"": ""A"", ""hard_blocks"": [], ""opportunity_score"": 100.0, ""technical_score"": 86.0, ""threshold"": 62.0}, ""priority"": ""satellite"", ""recent_low"": 21.950000762939453, ""region"": ""italy"", ""relative_strength"": {""adjustment"": 0.0, ""benchmark_return_pct"": -2.59, ""benchmark_symbol"": ""EXW1.MI"", ""reason"": ""forza relativa in linea con il benchmark"", ""relative_strength_pct"": 0.0, ""state"": ""neutral"", ""symbol_return_pct"": -2.59}, ""risk_pct"": 2.86, ""role"": ""defensive_income"", ""rsi14"": 54.4962309232829, ""score_breakdown"": {""base"": 50.0, ""cost"": -2.0, ""cost_pct"": 0.4, ""reward_risk"": 0.0, ""risk"": 8.0, ""risk_pct"": 2.86, ""rsi"": 10.0, ""strategy"": 8.0, ""trend"": 5.56, ""universe"": 0.0, ""volume"": 6.39}, ""sector"": ""financial_services"", ""sma20"": 22.109499835968016, ""sma200"": 20.806274318695067, ""sma50"": 21.7532999420166, ""universe_score"": 3, ""vol20"": 2292173.8, ""volume"": 3757050.0, ""volume_ratio"": 1.64}",2026-05-05
0b297f2ef9c67651,2026-05-05,ROG.SW,Roche,stock,WATCH,trend_pullback_setup,70.0,,,risk_on,316.5000,,,,,,Setup pullback in formazione: trend primario positivo e prezzo tornato in zona utile; attendere recupero sopra SMA20.,"{""atr14"": 6.596015890579076, ""base_currency"": ""EUR"", ""benchmark"": ""EXW1.MI"", ""close"": 316.5, ""currency"": ""CHF"", ""fx_to_base"": 1.0915000438690186, ""priority"": ""satellite"", ""readiness"": 70.0, ""recent_low"": 312.0, ""region"": ""europe"", ""role"": ""defensive_quality"", ""rsi14"": 46.56694696245407, ""sector"": ""healthcare"", ""sma20"": 317.7050018310547, ""sma200"": 295.3497646331787, ""sma50"": 324.86791137695315, ""universe_score"": 3, ""vol20"": 930361.25, ""volume"": 497068.0}",2026-05-05
529d040058211ade,2026-05-05,SU.PA,Schneider Electric,stock,BUY,trend_pullback,100.0,GO,A,risk_on,272.9500,272.9500,259.9486,298.9528,2.00,0.40,"Trend primario positivo, recente pullback verso medie brevi/intermedie, recupero sopra SMA20 e RSI in area non eccessivamente tirata. Forza relativa favorevole: +12.50% rispetto a EXW1.MI. Momento propizio: checklist A, score opportunità 100.0. Fondamentali: healthy (67.5/100, fondamentali sani). Allocazione: selezionato dal motore finale per qualita del segnale e coerenza del portafoglio.","{""allocation"": {""decision"": ""SELECTED"", ""rank"": 1, ""reason"": ""miglior combinazione tra qualita, rischio, costo e diversificazione"", ""score"": 100.0}, ""atr14"": 8.667596991137438, ""base_currency"": ""EUR"", ""benchmark"": ""EXW1.MI"", ""close"": 272.95001220703125, ""cost_pct"": 0.4, ""currency"": ""EUR"", ""distance_sma20_pct"": 2.31, ""fundamentals"": {""adjustment"": 3.0, ""earnings_blackout"": {""action"": ""watch"", ""active"": false, ""days_to_earnings"": -68, ""earnings_date"": ""2026-02-26"", ""enabled"": true, ""penalty_points"": 5.0}, ""error"": null, ""events"": {""latest_quarter"": null, ""next_earnings_date"": ""2026-02-26""}, ""metrics"": {""analyst_count"": 22.0, ""beta"": 1.145, ""current_price"": 272.95, ""current_ratio"": 1.191, ""debt_to_equity"": 81.411, ""dividend_yield"": 1.61, ""earnings_growth"": -0.062, ""eps_revision_balance"": 2.0, ""ev_to_ebitda"": 20.439, ""forward_pe"": 23.780525, ""free_cashflow"": 3984000000.0, ""market_cap"": 153338609664.0, ""operating_cashflow"": 6130999808.0, ""operating_margin"": 0.17626, ""payout_ratio"": 0.4889, ""price_to_book"": 6.3414807, ""price_to_sales"": 3.8189533, ""profit_margin"": 0.10368, ""recommendation_mean"": 1.43478, ""revenue_growth"": 0.042, ""roe"": 0.15613, ""target_mean_price"": 297.4091, ""trailing_pe"": 34.24718}, ""quality_gate"": {""blocked"": false, ""enabled"": true, ""weak_subscores"": []}, ""reason"": ""fondamentali sani"", ""score"": 67.5, ""source"": ""yfinance"", ""state"": ""healthy"", ""subscores"": {""analyst"": 76.0, ""balance_sheet"": 63.0, ""cashflow"": 80.0, ""growth"": 49.0, ""profitability"": 77.3, ""shareholder"": 78.0, ""valuation"": 64.0}}, ""fx_to_base"": 1.0, ""opportunity"": {""adjustment"": 33.0, ""checks"": [{""name"": ""mercato"", ""note"": ""contesto generale favorevole"", ""points"": 4.0, ""status"": ""pass""}, {""name"": ""trend"", ""note"": ""prezzo sopra SMA50 e SMA200 ordinata"", ""points"": 6.0, ""status"": ""pass""}, {""name"": ""timing"", ""note"": ""rimbalzo vicino alla media breve"", ""points"": 10.0, ""status"": ""pass""}, {""name"": ""momentum"", ""note"": ""RSI in zona costruttiva"", ""points"": 4.0, ""status"": ""pass""}, {""name"": ""partecipazione"", ""note"": ""volume nella norma"", ""points"": 0.0, ""status"": ""caution""}, {""name"": ""rischio"", ""note"": ""stop abbastanza vicino ma non casuale"", ""points"": 5.0, ""status"": ""pass""}, {""name"": ""costi"", ""note"": ""costi compatibili con il trade"", ""points"": 4.0, ""status"": ""pass""}], ""decision"": ""GO"", ""grade"": ""A"", ""hard_blocks"": [], ""opportunity_score"": 100.0, ""technical_score"": 92.0, ""threshold"": 62.0}, ""priority"": ""leader"", ""recent_low"": 260.54998779296875, ""region"": ""europe"", ""relative_strength"": {""adjustment"": 7.0, ""benchmark_return_pct"": -2.59, ""benchmark_symbol"": ""EXW1.MI"", ""reason"": ""strumento nettamente più forte del benchmark"", ""relative_strength_pct"": 12.5, ""state"": ""very_strong"", ""symbol_return_pct"": 9.91}, ""risk_pct"": 4.76, ""role"": ""industrial_compounder"", ""rsi14"": 57.98425148856409, ""score_breakdown"": {""base"": 50.0, ""cost"": -2.0, ""cost_pct"": 0.4, ""reward_risk"": 0.0, ""risk"": 8.0, ""risk_pct"": 4.76, ""rsi"": 10.0, ""strategy"": 8.0, ""trend"": 9.75, ""universe"": 2.0, ""volume"": -0.73}, ""sector"": ""electrification"", ""sma20"": 266.7974998474121, ""sma200"": 240.6239998626709, ""sma50"": 256.8410000610352, ""universe_score"": 4, ""vol20"": 980465.85, ""volume"": 908553.0, ""volume_ratio"": 0.93}",2026-05-05
9604a339d20e1403,2026-05-05,SWDA.MI,iShares Core MSCI World UCITS ETF,etf,WATCH,near_breakout_setup,78.0,,,risk_on,118.2100,,,,,,Setup breakout in avvicinamento: prezzo vicino al massimo recente; attendere chiusura sopra livello con volumi adeguati.,"{""atr14"": 1.0585523689777836, ""base_currency"": ""EUR"", ""benchmark"": ""SWDA.MI"", ""close"": 118.20999908447266, ""currency"": ""EUR"", ""fx_to_base"": 1.0, ""high20_prev"": 118.0999984741211, ""priority"": ""core"", ""readiness"": 78.0, ""region"": ""global"", ""role"": ""core_global"", ""rsi14"": 72.50156552587683, ""sector"": ""global_equity"", ""sma200"": 109.8687498474121, ""sma50"": 113.06519989013673, ""universe_score"": 5, ""vol20"": 119843.75, ""volume"": 366807.0, ""volume_ratio"": 3.06}",2026-05-05
28a409076b71395e,2026-05-05,TRN.MI,Terna,stock,WATCH,trend_pullback_setup,70.0,,,risk_on,10.1350,,,,,,Setup pullback in formazione: trend primario positivo e prezzo tornato in zona utile; attendere recupero sopra SMA20.,"{""atr14"": 0.18612021996027078, ""base_currency"": ""EUR"", ""benchmark"": ""EXW1.MI"", ""close"": 10.135000228881836, ""currency"": ""EUR"", ""fx_to_base"": 1.0, ""priority"": ""satellite"", ""readiness"": 70.0, ""recent_low"": 9.970000267028809, ""region"": ""italy"", ""role"": ""defensive_income"", ""rsi14"": 52.433570008684455, ""sector"": ""utilities"", ""sma20"": 10.16340012550354, ""sma200"": 9.100264959335327, ""sma50"": 9.982120037078857, ""universe_score"": 3, ""vol20"": 3800587.95, ""volume"": 2848228.0}",2026-05-05
9bdb41ce964959e2,2026-05-05,TTE.PA,TotalEnergies,stock,WATCH,trend_pullback,100.0,GO,A,risk_on,79.3000,79.3000,76.2590,85.3820,2.00,0.40,"Trend primario positivo, recente pullback verso medie brevi/intermedie, recupero sopra SMA20 e RSI in area non eccessivamente tirata. Forza relativa favorevole: +31.95% rispetto a EXW1.MI. Momento propizio: checklist A, score opportunità 100.0. Fondamentali: strong (75.5/100, qualita fondamentale forte). Allocazione: non scelto oggi (limite nuovi ingressi gia raggiunto).","{""allocation"": {""decision"": ""SKIPPED"", ""reason"": ""limite nuovi ingressi gia raggiunto"", ""score"": 100.0}, ""atr14"": 2.0273112970908165, ""base_currency"": ""EUR"", ""benchmark"": ""EXW1.MI"", ""close"": 79.30000305175781, ""cost_pct"": 0.4, ""currency"": ""EUR"", ""distance_sma20_pct"": 2.52, ""fundamentals"": {""adjustment"": 6.0, ""earnings_blackout"": {""action"": ""watch"", ""active"": false, ""days_to_earnings"": 79, ""earnings_date"": ""2026-07-23"", ""enabled"": true, ""penalty_points"": 5.0}, ""error"": null, ""events"": {""latest_quarter"": null, ""next_earnings_date"": ""2026-07-23""}, ""metrics"": {""analyst_count"": 21.0, ""beta"": 0.059, ""current_price"": 79.3, ""current_ratio"": 1.076, ""debt_to_equity"": 51.304, ""dividend_yield"": 4.58, ""earnings_growth"": 0.571, ""eps_revision_balance"": 34.0, ""ev_to_ebitda"": 5.59, ""forward_pe"": 9.670822, ""free_cashflow"": 10052124672.0, ""market_cap"": 176559521792.0, ""operating_cashflow"": 28141000704.0, ""operating_margin"": 0.20353001, ""payout_ratio"": 0.5884, ""price_to_book"": 1.7451444, ""price_to_sales"": 0.9597661, ""profit_margin"": 0.08201, ""recommendation_mean"": 2.04762, ""revenue_growth"": 0.034, ""roe"": 0.12512, ""target_mean_price"": 84.01246, ""trailing_pe"": 13.791305}, ""quality_gate"": {""blocked"": false, ""enabled"": true, ""weak_subscores"": []}, ""reason"": ""qualita fondamentale forte"", ""score"": 75.5, ""source"": ""yfinance"", ""state"": ""strong"", ""subscores"": {""analyst"": 75.0, ""balance_sheet"": 73.0, ""cashflow"": 80.0, ""growth"": 72.5, ""profitability"": 71.3, ""shareholder"": 78.0, ""valuation"": 84.0}}, ""fx_to_base"": 1.0, ""opportunity"": {""adjustment"": 24.0, ""checks"": [{""name"": ""mercato"", ""note"": ""contesto generale favorevole"", ""points"": 4.0, ""status"": ""pass""}, {""name"": ""trend"", ""note"": ""prezzo sopra SMA50 e SMA200 ordinata"", ""points"": 6.0, ""status"": ""pass""}, {""name"": ""timing"", ""note"": ""rimbalzo valido ma già un po' esteso"", ""points"": 4.0, ""status"": ""caution""}, {""name"": ""momentum"", ""note"": ""RSI in zona costruttiva"", ""points"": 4.0, ""status"": ""pass""}, {""name"": ""partecipazione"", ""note"": ""volume debole"", ""points"": -3.0, ""status"": ""caution""}, {""name"": ""rischio"", ""note"": ""stop abbastanza vicino ma non casuale"", ""points"": 5.0, ""status"": ""pass""}, {""name"": ""costi"", ""note"": ""costi compatibili con il trade"", ""points"": 4.0, ""status"": ""pass""}], ""decision"": ""GO"", ""grade"": ""A"", ""hard_blocks"": [], ""opportunity_score"": 100.0, ""technical_score"": 95.6, ""threshold"": 62.0}, ""priority"": ""satellite"", ""recent_low"": 76.5, ""region"": ""europe"", ""relative_strength"": {""adjustment"": 7.0, ""benchmark_return_pct"": -2.59, ""benchmark_symbol"": ""EXW1.MI"", ""reason"": ""strumento nettamente più forte del benchmark"", ""relative_strength_pct"": 31.95, ""state"": ""very_strong"", ""symbol_return_pct"": 29.36}, ""risk_pct"": 3.83, ""role"": ""cyclical_leader"", ""rsi14"": 60.27930489873436, ""score_breakdown"": {""base"": 50.0, ""cost"": -2.0, ""cost_pct"": 0.4, ""reward_risk"": 0.0, ""risk"": 8.0, ""risk_pct"": 3.83, ""rsi"": 10.0, ""strategy"": 8.0, ""trend"": 18.0, ""universe"": 0.0, ""volume"": -3.45}, ""sector"": ""energy"", ""sma20"": 77.35400047302247, ""sma200"": 58.67762279510498, ""sma50"": 74.02267822265625, ""universe_score"": 3, ""vol20"": 5270112.9, ""volume"": 3453462.0, ""volume_ratio"": 0.66}",2026-05-05
82cbdabd3d18da05,2026-05-05,UCG.MI,UniCredit,stock,WATCH,trend_pullback,100.0,GO,A,risk_on,67.8200,67.8200,63.0500,77.3600,2.00,0.56,"Trend primario positivo, recente pullback verso medie brevi/intermedie, recupero sopra SMA20 e RSI in area non eccessivamente tirata. Forza relativa debole: -2.24% rispetto a EXW1.MI. Momento propizio: checklist A, score opportunità 97.8. Trimestrale troppo vicina: 2026-05-05 (tra 0 giorni).","{""atr14"": 2.2393150780561237, ""base_currency"": ""EUR"", ""benchmark"": ""EXW1.MI"", ""close"": 67.81999969482422, ""cost_pct"": 0.56, ""currency"": ""EUR"", ""distance_sma20_pct"": 2.55, ""fundamentals"": {""adjustment"": 6.0, ""earnings_blackout"": {""action"": ""watch"", ""active"": true, ""days_to_earnings"": 0, ""earnings_date"": ""2026-05-05"", ""enabled"": true, ""penalty_points"": 5.0}, ""error"": null, ""events"": {""latest_quarter"": null, ""next_earnings_date"": ""2026-05-05""}, ""metrics"": {""analyst_count"": 17.0, ""beta"": 1.092, ""current_price"": 67.82, ""current_ratio"": null, ""debt_to_equity"": null, ""dividend_yield"": 4.92, ""earnings_growth"": 0.205, ""eps_revision_balance"": 0.0, ""ev_to_ebitda"": null, ""forward_pe"": 8.3306, ""free_cashflow"": null, ""market_cap"": 101613174784.0, ""operating_cashflow"": 8525000192.0, ""operating_margin"": 0.65984, ""payout_ratio"": 0.42009997, ""price_to_book"": 1.5055052, ""price_to_sales"": 4.056738, ""profit_margin"": 0.43576, ""recommendation_mean"": 2.0, ""revenue_growth"": 0.037, ""roe"": 0.16768, ""target_mean_price"": 82.07706, ""trailing_pe"": 9.814761}, ""quality_gate"": {""blocked"": false, ""enabled"": true, ""weak_subscores"": []}, ""reason"": ""qualita fondamentale forte"", ""score"": 80.2, ""source"": ""yfinance"", ""state"": ""strong"", ""subscores"": {""analyst"": 68.5, ""balance_sheet"": null, ""cashflow"": 80.0, ""growth"": 72.5, ""profitability"": 90.7, ""shareholder"": 78.0, ""valuation"": 75.0}}, ""fx_to_base"": 1.0, ""opportunity"": {""adjustment"": 27.0, ""checks"": [{""name"": ""mercato"", ""note"": ""contesto generale favorevole"", ""points"": 4.0, ""status"": ""pass""}, {""name"": ""trend"", ""note"": ""prezzo sopra SMA50 e SMA200 ordinata"", ""points"": 6.0, ""status"": ""pass""}, {""name"": ""timing"", ""note"": ""rimbalzo valido ma già un po' esteso"", ""points"": 4.0, ""status"": ""caution""}, {""name"": ""momentum"", ""note"": ""RSI in zona costruttiva"", ""points"": 4.0, ""status"": ""pass""}, {""name"": ""partecipazione"", ""note"": ""volume sopra media"", ""points"": 4.0, ""status"": ""pass""}, {""name"": ""rischio"", ""note"": ""rischio accettabile ma non ideale"", ""points"": 1.0, ""status"": ""caution""}, {""name"": ""costi"", ""note"": ""costi compatibili con il trade"", ""points"": 4.0, ""status"": ""pass""}], ""decision"": ""GO"", ""grade"": ""A"", ""hard_blocks"": [], ""opportunity_score"": 97.8, ""technical_score"": 70.8, ""threshold"": 62.0}, ""priority"": ""satellite"", ""recent_low"": 63.04999923706055, ""region"": ""italy"", ""relative_strength"": {""adjustment"": -8.0, ""benchmark_return_pct"": -2.59, ""benchmark_symbol"": ""EXW1.MI"", ""reason"": ""strumento più debole del benchmark nel periodo recente"", ""relative_strength_pct"": -2.24, ""state"": ""weak"", ""symbol_return_pct"": -4.83}, ""risk_pct"": 7.03, ""role"": ""italian_financial_leader"", ""rsi14"": 57.014502426124686, ""score_breakdown"": {""base"": 50.0, ""cost"": -2.0, ""cost_pct"": 0.56, ""reward_risk"": 0.0, ""risk"": 2.0, ""risk_pct"": 7.03, ""rsi"": 10.0, ""strategy"": 8.0, ""trend"": 2.76, ""universe"": 0.0, ""volume"": 8.0}, ""sector"": ""financials"", ""sma20"": 66.13279857635499, ""sma200"": 64.5222480583191, ""sma50"": 65.06162063598633, ""universe_score"": 3, ""vol20"": 6649013.25, ""volume"": 12233367.0, ""volume_ratio"": 1.84}",2026-05-05
a596825e16adebb8,2026-05-05,WMT,Walmart,stock,WATCH,trend_pullback,100.0,GO,A,risk_on,131.0300,131.0300,125.9100,141.2700,2.00,0.40,"Trend primario positivo, recente pullback verso medie brevi/intermedie, recupero sopra SMA20 e RSI in area non eccessivamente tirata. Forza relativa debole: -6.23% rispetto a CSSPX.MI. Momento propizio: checklist A, score opportunità 100.0. Fondamentali: mixed (59.8/100, fondamentali misti, senza vantaggio chiaro). Allocazione: non scelto oggi (limite nuovi ingressi gia raggiunto).","{""allocation"": {""decision"": ""SKIPPED"", ""reason"": ""limite nuovi ingressi gia raggiunto"", ""score"": 98.6}, ""atr14"": 2.629206817524533, ""base_currency"": ""EUR"", ""benchmark"": ""CSSPX.MI"", ""close"": 131.02999877929688, ""cost_pct"": 0.4, ""currency"": ""USD"", ""distance_sma20_pct"": 2.07, ""fundamentals"": {""adjustment"": 0.0, ""earnings_blackout"": {""action"": ""watch"", ""active"": false, ""days_to_earnings"": 16, ""earnings_date"": ""2026-05-21"", ""enabled"": true, ""penalty_points"": 5.0}, ""error"": null, ""events"": {""latest_quarter"": null, ""next_earnings_date"": ""2026-05-21""}, ""metrics"": {""analyst_count"": 41.0, ""beta"": 0.652, ""current_price"": 131.0325, ""current_ratio"": 0.79, ""debt_to_equity"": 64.443, ""dividend_yield"": 0.76, ""earnings_growth"": -0.19, ""eps_revision_balance"": -29.0, ""ev_to_ebitda"": 25.059, ""forward_pe"": 39.920208, ""free_cashflow"": 10554250240.0, ""market_cap"": 1044458831872.0, ""operating_cashflow"": 41564999680.0, ""operating_margin"": 0.04567, ""payout_ratio"": 0.3443, ""price_to_book"": 10.481761, ""price_to_sales"": 1.4645443, ""profit_margin"": 0.0307, ""recommendation_mean"": 1.45238, ""revenue_growth"": 0.056, ""roe"": 0.21847, ""target_mean_price"": 136.56097, ""trailing_pe"": 48.173714}, ""quality_gate"": {""blocked"": false, ""enabled"": true, ""weak_subscores"": []}, ""reason"": ""fondamentali misti, senza vantaggio chiaro"", ""score"": 59.8, ""source"": ""yfinance"", ""state"": ""mixed"", ""subscores"": {""analyst"": 51.0, ""balance_sheet"": 60.0, ""cashflow"": 80.0, ""growth"": 40.5, ""profitability"": 62.0, ""shareholder"": 78.0, ""valuation"": 56.3}}, ""fx_to_base"": 0.8543999791145325, ""opportunity"": {""adjustment"": 30.0, ""checks"": [{""name"": ""mercato"", ""note"": ""contesto generale favorevole"", ""points"": 4.0, ""status"": ""pass""}, {""name"": ""trend"", ""note"": ""prezzo sopra SMA50 e SMA200 ordinata"", ""points"": 6.0, ""status"": ""pass""}, {""name"": ""timing"", ""note"": ""rimbalzo vicino alla media breve"", ""points"": 10.0, ""status"": ""pass""}, {""name"": ""momentum"", ""note"": ""RSI in zona costruttiva"", ""points"": 4.0, ""status"": ""pass""}, {""name"": ""partecipazione"", ""note"": ""volume debole"", ""points"": -3.0, ""status"": ""caution""}, {""name"": ""rischio"", ""note"": ""stop abbastanza vicino ma non casuale"", ""points"": 5.0, ""status"": ""pass""}, {""name"": ""costi"", ""note"": ""costi compatibili con il trade"", ""points"": 4.0, ""status"": ""pass""}], ""decision"": ""GO"", ""grade"": ""A"", ""hard_blocks"": [], ""opportunity_score"": 100.0, ""technical_score"": 77.0, ""threshold"": 62.0}, ""priority"": ""leader"", ""recent_low"": 125.91000366210938, ""region"": ""us"", ""relative_strength"": {""adjustment"": -8.0, ""benchmark_return_pct"": 6.32, ""benchmark_symbol"": ""CSSPX.MI"", ""reason"": ""strumento più debole del benchmark nel periodo recente"", ""relative_strength_pct"": -6.23, ""state"": ""weak"", ""symbol_return_pct"": 0.09}, ""risk_pct"": 3.91, ""role"": ""defensive_compounder"", ""rsi14"": 58.691325300288746, ""score_breakdown"": {""base"": 50.0, ""cost"": -2.0, ""cost_pct"": 0.4, ""reward_risk"": 0.0, ""risk"": 8.0, ""risk_pct"": 3.91, ""rsi"": 10.0, ""strategy"": 8.0, ""trend"": 14.04, ""universe"": 2.0, ""volume"": -5.0}, ""sector"": ""consumer_staples"", ""sma20"": 128.3694995880127, ""sma200"": 112.41269538879395, ""sma50"": 125.88048309326172, ""universe_score"": 4, ""vol20"": 15927548.4, ""volume"": 3829468.0, ""volume_ratio"": 0.24}",2026-05-05
6c90e476b4332e51,2026-05-05,XOM,Exxon Mobil,stock,WATCH,trend_pullback,100.0,GO,A,risk_on,155.0700,155.0700,146.9500,171.3100,2.00,0.42,"Trend primario positivo, recente pullback verso medie brevi/intermedie, recupero sopra SMA20 e RSI in area non eccessivamente tirata. Momento propizio: checklist A, score opportunità 100.0. Fondamentali: healthy (63.2/100, fondamentali sani). Allocazione: non scelto oggi (limite nuovi ingressi gia raggiunto).","{""allocation"": {""decision"": ""SKIPPED"", ""reason"": ""limite nuovi ingressi gia raggiunto"", ""score"": 99.6}, ""atr14"": 4.350514267019653, ""base_currency"": ""EUR"", ""benchmark"": ""CSSPX.MI"", ""close"": 155.07000732421875, ""cost_pct"": 0.42, ""currency"": ""USD"", ""distance_sma20_pct"": 2.45, ""fundamentals"": {""adjustment"": 3.0, ""earnings_blackout"": {""action"": ""watch"", ""active"": false, ""days_to_earnings"": 87, ""earnings_date"": ""2026-07-31"", ""enabled"": true, ""penalty_points"": 5.0}, ""error"": null, ""events"": {""latest_quarter"": null, ""next_earnings_date"": ""2026-07-31""}, ""metrics"": {""analyst_count"": 22.0, ""beta"": 0.183, ""current_price"": 155.05, ""current_ratio"": 1.036, ""debt_to_equity"": 18.261, ""dividend_yield"": 2.68, ""earnings_growth"": -0.434, ""eps_revision_balance"": 44.0, ""ev_to_ebitda"": 12.193, ""forward_pe"": 15.310496, ""free_cashflow"": 11630499840.0, ""market_cap"": 642682257408.0, ""operating_cashflow"": 47722000384.0, ""operating_margin"": 0.06355, ""payout_ratio"": 0.6801, ""price_to_book"": 2.4980264, ""price_to_sales"": 1.9713695, ""profit_margin"": 0.077649996, ""recommendation_mean"": 2.36, ""revenue_growth"": 0.026, ""roe"": 0.09873, ""target_mean_price"": 165.63635, ""trailing_pe"": 26.146713}, ""quality_gate"": {""blocked"": false, ""enabled"": true, ""weak_subscores"": []}, ""reason"": ""fondamentali sani"", ""score"": 63.2, ""source"": ""yfinance"", ""state"": ""healthy"", ""subscores"": {""analyst"": 75.0, ""balance_sheet"": 80.0, ""cashflow"": 80.0, ""growth"": 32.5, ""profitability"": 56.0, ""shareholder"": 52.0, ""valuation"": 77.3}}, ""fx_to_base"": 0.8543999791145325, ""opportunity"": {""adjustment"": 30.0, ""checks"": [{""name"": ""mercato"", ""note"": ""contesto generale favorevole"", ""points"": 4.0, ""status"": ""pass""}, {""name"": ""trend"", ""note"": ""prezzo sopra SMA50 e SMA200 ordinata"", ""points"": 6.0, ""status"": ""pass""}, {""name"": ""timing"", ""note"": ""rimbalzo vicino alla media breve"", ""points"": 10.0, ""status"": ""pass""}, {""name"": ""momentum"", ""note"": ""RSI in zona costruttiva"", ""points"": 4.0, ""status"": ""pass""}, {""name"": ""partecipazione"", ""note"": ""volume debole"", ""points"": -3.0, ""status"": ""caution""}, {""name"": ""rischio"", ""note"": ""stop abbastanza vicino ma non casuale"", ""points"": 5.0, ""status"": ""pass""}, {""name"": ""costi"", ""note"": ""costi compatibili con il trade"", ""points"": 4.0, ""status"": ""pass""}], ""decision"": ""GO"", ""grade"": ""A"", ""hard_blocks"": [], ""opportunity_score"": 100.0, ""technical_score"": 86.8, ""threshold"": 62.0}, ""priority"": ""satellite"", ""recent_low"": 146.9499969482422, ""region"": ""us"", ""relative_strength"": {""adjustment"": 0.0, ""benchmark_return_pct"": 6.32, ""benchmark_symbol"": ""CSSPX.MI"", ""reason"": ""forza relativa in linea con il benchmark"", ""relative_strength_pct"": -1.59, ""state"": ""neutral"", ""symbol_return_pct"": 4.73}, ""risk_pct"": 5.24, ""role"": ""cyclical_leader"", ""rsi14"": 53.574847711064145, ""score_breakdown"": {""base"": 50.0, ""cost"": -2.0, ""cost_pct"": 0.42, ""reward_risk"": 0.0, ""risk"": 8.0, ""risk_pct"": 5.24, ""rsi"": 10.0, ""strategy"": 8.0, ""trend"": 17.85, ""universe"": 0.0, ""volume"": -5.0}, ""sector"": ""energy"", ""sma20"": 151.3659996032715, ""sma200"": 127.22288204193116, ""sma50"": 155.03699981689454, ""universe_score"": 3, ""vol20"": 17549357.9, ""volume"": 5089958.0, ""volume_ratio"": 0.29}",2026-05-05
7ee73e438e101c98,2026-05-06,AAPL,Apple,stock,WATCH,near_breakout_setup,66.0,,,risk_on,285.3700,,,,,,Setup breakout in avvicinamento: prezzo vicino al massimo recente; attendere chiusura sopra livello con volumi adeguati.,"{""atr14"": 6.578885898702915, ""base_currency"": ""EUR"", ""benchmark"": ""EQQQ.MI"", ""close"": 285.3699951171875, ""currency"": ""USD"", ""fx_to_base"": 0.8507000207901001, ""high20_prev"": 287.2200012207031, ""priority"": ""leader"", ""readiness"": 66.0, ""region"": ""us_growth"", ""role"": ""quality_mega_cap"", ""rsi14"": 68.06900735506365, ""sector"": ""consumer_technology"", ""sma200"": 255.9744808959961, ""sma50"": 262.0881994628906, ""universe_score"": 5, ""vol20"": 45048598.35, ""volume"": 21607867.0, ""volume_ratio"": 0.48}",2026-05-06
a0779e1a561ddd60,2026-05-06,AMZN,Amazon,stock,WATCH,near_breakout_setup,52.0,,,risk_on,275.5650,,,,,,Setup breakout in avvicinamento: prezzo vicino al massimo recente; attendere chiusura sopra livello con volumi adeguati.,"{""atr14"": 7.173071247701811, ""base_currency"": ""EUR"", ""benchmark"": ""EQQQ.MI"", ""close"": 275.56500244140625, ""currency"": ""USD"", ""fx_to_base"": 0.8507000207901001, ""high20_prev"": 278.55999755859375, ""priority"": ""leader"", ""readiness"": 52.0, ""region"": ""us_growth"", ""role"": ""quality_growth"", ""rsi14"": 81.38744669026475, ""sector"": ""ecommerce_cloud"", ""sma200"": 228.08672485351562, ""sma50"": 228.74529998779298, ""universe_score"": 5, ""vol20"": 50377033.7, ""volume"": 19427374.0, ""volume_ratio"": 0.39}",2026-05-06
614afb7c24071b0c,2026-05-06,ASML.AS,ASML Holding,stock,WATCH,trend_pullback,67.8,NO_GO,C,risk_on,1305.0000,1305.0000,1167.4000,1580.2000,2.00,3.43,"Trend primario positivo, recente pullback verso medie brevi/intermedie, recupero sopra SMA20 e RSI in area non eccessivamente tirata. Forza relativa favorevole: +12.29% rispetto a EXW1.MI. Momento non propizio: prezzo troppo distante dalla SMA20, distanza stop non efficiente, costi troppo pesanti.","{""atr14"": 49.66366065833738, ""base_currency"": ""EUR"", ""benchmark"": ""EXW1.MI"", ""close"": 1305.0, ""cost_pct"": 3.43, ""currency"": ""EUR"", ""distance_sma20_pct"": 5.88, ""fx_to_base"": 1.0, ""opportunity"": {""adjustment"": -10.0, ""checks"": [{""name"": ""mercato"", ""note"": ""contesto generale favorevole"", ""points"": 4.0, ""status"": ""pass""}, {""name"": ""trend"", ""note"": ""prezzo sopra SMA50 e SMA200 ordinata"", ""points"": 6.0, ""status"": ""pass""}, {""name"": ""timing"", ""note"": ""pullback già troppo rincorso"", ""points"": -10.0, ""status"": ""fail""}, {""name"": ""momentum"", ""note"": ""RSI in zona costruttiva"", ""points"": 4.0, ""status"": ""pass""}, {""name"": ""partecipazione"", ""note"": ""volume sopra media"", ""points"": 4.0, ""status"": ""pass""}, {""name"": ""rischio"", ""note"": ""stop troppo stretto o troppo largo"", ""points"": -10.0, ""status"": ""fail""}, {""name"": ""costi"", ""note"": ""commissioni incidono troppo sul controvalore"", ""points"": -8.0, ""status"": ""fail""}], ""decision"": ""NO_GO"", ""grade"": ""C"", ""hard_blocks"": [""prezzo troppo distante dalla SMA20"", ""distanza stop non efficiente"", ""costi troppo pesanti""], ""opportunity_score"": 67.8, ""technical_score"": 77.8, ""threshold"": 62.0}, ""priority"": ""leader"", ""recent_low"": 1167.4000244140625, ""region"": ""europe"", ""relative_strength"": {""adjustment"": 7.0, ""benchmark_return_pct"": -2.59, ""benchmark_symbol"": ""EXW1.MI"", ""reason"": ""strumento nettamente più forte del benchmark"", ""relative_strength_pct"": 12.29, ""state"": ""very_strong"", ""symbol_return_pct"": 9.7}, ""risk_pct"": 10.54, ""role"": ""european_leader"", ""rsi14"": 60.72901927824006, ""score_breakdown"": {""base"": 50.0, ""cost"": -15.0, ""cost_pct"": 3.43, ""reward_risk"": 0.0, ""risk"": -8.0, ""risk_pct"": 10.54, ""rsi"": 10.0, ""strategy"": 8.0, ""trend"": 18.0, ""universe"": 4.0, ""volume"": 3.78}, ""sector"": ""semiconductors"", ""sma20"": 1232.554833984375, ""sma200"": 961.1624966430664, ""sma50"": 1202.4852172851563, ""universe_score"": 5, ""vol20"": 701705.95, ""volume"": 966744.0, ""volume_ratio"": 1.38}",2026-05-06
0d1fb3d86794b3a1,2026-05-06,AVGO,Broadcom,stock,WATCH,trend_pullback_setup,70.0,,,risk_on,423.8300,,,,,,Setup pullback in formazione: trend primario positivo e prezzo tornato in zona utile; attendere recupero sopra SMA20.,"{""atr14"": 13.66325518872424, ""base_currency"": ""EUR"", ""benchmark"": ""EQQQ.MI"", ""close"": 423.8299865722656, ""currency"": ""USD"", ""fx_to_base"": 0.8507000207901001, ""priority"": ""leader"", ""readiness"": 70.0, ""recent_low"": 394.6499938964844, ""region"": ""us_growth"", ""role"": ""ai_infrastructure"", ""rsi14"": 67.00356471936794, ""sector"": ""semiconductors"", ""sma20"": 404.2875, ""sma200"": 341.08520431518554, ""sma50"": 354.8141485595703, ""universe_score"": 4, ""vol20"": 20156807.55, ""volume"": 7357351.0}",2026-05-06
e0a604f86d97bb72,2026-05-06,COST,Costco,stock,WATCH,trend_pullback_setup,70.0,,,risk_on,996.5300,,,,,,Setup pullback in formazione: trend primario positivo e prezzo tornato in zona utile; attendere recupero sopra SMA20.,"{""atr14"": 18.687444502863418, ""base_currency"": ""EUR"", ""benchmark"": ""CSSPX.MI"", ""close"": 996.530029296875, ""currency"": ""USD"", ""fx_to_base"": 0.8507000207901001, ""priority"": ""leader"", ""readiness"": 70.0, ""recent_low"": 983.6926068688012, ""region"": ""us"", ""role"": ""defensive_compounder"", ""rsi14"": 48.06406304552777, ""sector"": ""consumer_staples"", ""sma20"": 1000.5176391601562, ""sma200"": 948.6966467285156, ""sma50"": 996.6673718261719, ""universe_score"": 4, ""vol20"": 1698384.45, ""volume"": 901489.0}",2026-05-06
064cdd2ec99333b7,2026-05-06,CPR.MI,Campari,stock,WATCH,trend_pullback,95.1,NO_GO,A,risk_on,6.5460,6.5460,6.0760,7.4860,2.00,3.43,"Trend primario positivo, recente pullback verso medie brevi/intermedie, recupero sopra SMA20 e RSI in area non eccessivamente tirata. Forza relativa favorevole: +7.75% rispetto a EXW1.MI. Momento non propizio: costi troppo pesanti.","{""atr14"": 0.15280386464796314, ""base_currency"": ""EUR"", ""benchmark"": ""EXW1.MI"", ""close"": 6.546000003814697, ""cost_pct"": 3.43, ""currency"": ""EUR"", ""distance_sma20_pct"": 2.38, ""fx_to_base"": 1.0, ""opportunity"": {""adjustment"": 21.0, ""checks"": [{""name"": ""mercato"", ""note"": ""contesto generale favorevole"", ""points"": 4.0, ""status"": ""pass""}, {""name"": ""trend"", ""note"": ""prezzo sopra SMA50 e SMA200 ordinata"", ""points"": 6.0, ""status"": ""pass""}, {""name"": ""timing"", ""note"": ""rimbalzo vicino alla media breve"", ""points"": 10.0, ""status"": ""pass""}, {""name"": ""momentum"", ""note"": ""RSI in zona costruttiva"", ""points"": 4.0, ""status"": ""pass""}, {""name"": ""partecipazione"", ""note"": ""volume sopra media"", ""points"": 4.0, ""status"": ""pass""}, {""name"": ""rischio"", ""note"": ""rischio accettabile ma non ideale"", ""points"": 1.0, ""status"": ""caution""}, {""name"": ""costi"", ""note"": ""commissioni incidono troppo sul controvalore"", ""points"": -8.0, ""status"": ""fail""}], ""decision"": ""NO_GO"", ""grade"": ""A"", ""hard_blocks"": [""costi troppo pesanti""], ""opportunity_score"": 95.1, ""technical_score"": 74.1, ""threshold"": 62.0}, ""priority"": ""satellite"", ""recent_low"": 6.076000213623047, ""region"": ""italy"", ""relative_strength"": {""adjustment"": 7.0, ""benchmark_return_pct"": -2.59, ""benchmark_symbol"": ""EXW1.MI"", ""reason"": ""strumento nettamente più forte del benchmark"", ""relative_strength_pct"": 7.75, ""state"": ""very_strong"", ""symbol_return_pct"": 5.16}, ""risk_pct"": 7.18, ""role"": ""quality_compounder"", ""rsi14"": 61.46633852430425, ""score_breakdown"": {""base"": 50.0, ""cost"": -15.0, ""cost_pct"": 3.43, ""reward_risk"": 0.0, ""risk"": 2.0, ""risk_pct"": 7.18, ""rsi"": 10.0, ""strategy"": 8.0, ""trend"": 6.9, ""universe"": 0.0, ""volume"": 5.18}, ""sector"": ""consumer_staples"", ""sma20"": 6.393797039985657, ""sma200"": 5.955625627040863, ""sma50"": 6.219845418930054, ""universe_score"": 3, ""vol20"": 4522041.95, ""volume"": 6865118.0, ""volume_ratio"": 1.52}",2026-05-06
3c0ca0a1418be118,2026-05-06,EIMI.MI,iShares Core MSCI Emerging Markets IMI UCITS ETF,etf,WATCH,controlled_breakout,82.4,NO_GO,A,risk_on,46.7950,46.7950,45.2174,49.9502,2.00,3.43,"Breakout sopra massimo recente in trend primario positivo, con volume superiore alla media e RSI sotto soglia estrema. Forza relativa favorevole: +6.95% rispetto a SWDA.MI. Momento non propizio: momentum poco equilibrato, costi troppo pesanti.","{""atr14"": 0.7887909923922928, ""base_currency"": ""EUR"", ""benchmark"": ""SWDA.MI"", ""breakout_extension_atr"": 1.24, ""close"": 46.79499816894531, ""cost_pct"": 3.43, ""currency"": ""EUR"", ""fx_to_base"": 1.0, ""high20_prev"": 45.81999969482422, ""opportunity"": {""adjustment"": 6.0, ""checks"": [{""name"": ""mercato"", ""note"": ""contesto generale favorevole"", ""points"": 4.0, ""status"": ""pass""}, {""name"": ""trend"", ""note"": ""prezzo sopra SMA50 e SMA200 ordinata"", ""points"": 6.0, ""status"": ""pass""}, {""name"": ""timing"", ""note"": ""breakout valido ma meno fresco"", ""points"": 4.0, ""status"": ""caution""}, {""name"": ""momentum"", ""note"": ""RSI fuori zona utile"", ""points"": -5.0, ""status"": ""fail""}, {""name"": ""partecipazione"", ""note"": ""volume nella norma"", ""points"": 0.0, ""status"": ""caution""}, {""name"": ""rischio"", ""note"": ""stop abbastanza vicino ma non casuale"", ""points"": 5.0, ""status"": ""pass""}, {""name"": ""costi"", ""note"": ""commissioni incidono troppo sul controvalore"", ""points"": -8.0, ""status"": ""fail""}], ""decision"": ""NO_GO"", ""grade"": ""A"", ""hard_blocks"": [""momentum poco equilibrato"", ""costi troppo pesanti""], ""opportunity_score"": 82.4, ""technical_score"": 76.4, ""threshold"": 62.0}, ""priority"": ""satellite"", ""region"": ""global"", ""relative_strength"": {""adjustment"": 7.0, ""benchmark_return_pct"": 7.23, ""benchmark_symbol"": ""SWDA.MI"", ""reason"": ""strumento nettamente più forte del benchmark"", ""relative_strength_pct"": 6.95, ""state"": ""very_strong"", ""symbol_return_pct"": 14.18}, ""risk_pct"": 3.37, ""role"": ""satellite_emerging"", ""rsi14"": 74.97940514111153, ""score_breakdown"": {""base"": 50.0, ""cost"": -15.0, ""cost_pct"": 3.43, ""reward_risk"": 0.0, ""risk"": 8.0, ""risk_pct"": 3.37, ""rsi"": 0.0, ""strategy"": 10.0, ""trend"": 13.96, ""universe"": 0.0, ""volume"": 2.44}, ""sector"": ""emerging_markets"", ""sma200"": 38.87402505874634, ""sma50"": 42.26139991760254, ""universe_score"": 3, ""vol20"": 103193.55, ""volume"": 128331.0, ""volume_ratio"": 1.24}",2026-05-06
2f4cac5740bf5351,2026-05-06,ENEL.MI,Enel,stock,WATCH,trend_pullback,100.0,NO_GO,A,risk_on,9.8460,9.8460,9.5313,10.4754,2.00,3.43,"Trend primario positivo, recente pullback verso medie brevi/intermedie, recupero sopra SMA20 e RSI in area non eccessivamente tirata. Forza relativa favorevole: +6.47% rispetto a EXW1.MI. Momento non propizio: costi troppo pesanti.","{""atr14"": 0.2098273298404133, ""base_currency"": ""EUR"", ""benchmark"": ""EXW1.MI"", ""close"": 9.845999717712402, ""cost_pct"": 3.43, ""currency"": ""EUR"", ""distance_sma20_pct"": 0.51, ""fx_to_base"": 1.0, ""opportunity"": {""adjustment"": 21.0, ""checks"": [{""name"": ""mercato"", ""note"": ""contesto generale favorevole"", ""points"": 4.0, ""status"": ""pass""}, {""name"": ""trend"", ""note"": ""prezzo sopra SMA50 e SMA200 ordinata"", ""points"": 6.0, ""status"": ""pass""}, {""name"": ""timing"", ""note"": ""rimbalzo vicino alla media breve"", ""points"": 10.0, ""status"": ""pass""}, {""name"": ""momentum"", ""note"": ""RSI in zona costruttiva"", ""points"": 4.0, ""status"": ""pass""}, {""name"": ""partecipazione"", ""note"": ""volume nella norma"", ""points"": 0.0, ""status"": ""caution""}, {""name"": ""rischio"", ""note"": ""stop abbastanza vicino ma non casuale"", ""points"": 5.0, ""status"": ""pass""}, {""name"": ""costi"", ""note"": ""commissioni incidono troppo sul controvalore"", ""points"": -8.0, ""status"": ""fail""}], ""decision"": ""NO_GO"", ""grade"": ""A"", ""hard_blocks"": [""costi troppo pesanti""], ""opportunity_score"": 100.0, ""technical_score"": 79.0, ""threshold"": 62.0}, ""priority"": ""satellite"", ""recent_low"": 9.586000442504883, ""region"": ""italy"", ""relative_strength"": {""adjustment"": 7.0, ""benchmark_return_pct"": -2.59, ""benchmark_symbol"": ""EXW1.MI"", ""reason"": ""strumento nettamente più forte del benchmark"", ""relative_strength_pct"": 6.47, ""state"": ""very_strong"", ""symbol_return_pct"": 3.88}, ""risk_pct"": 3.2, ""role"": ""defensive_income"", ""rsi14"": 54.087899945841905, ""score_breakdown"": {""base"": 50.0, ""cost"": -15.0, ""cost_pct"": 3.43, ""reward_risk"": 0.0, ""risk"": 8.0, ""risk_pct"": 3.2, ""rsi"": 10.0, ""strategy"": 8.0, ""trend"": 12.13, ""universe"": 0.0, ""volume"": -1.08}, ""sector"": ""utilities"", ""sma20"": 9.796449995040893, ""sma200"": 8.689185636043549, ""sma50"": 9.659120025634765, ""universe_score"": 3, ""vol20"": 27846972.85, ""volume"": 24836524.0, ""volume_ratio"": 0.89}",2026-05-06
fb9a91e75071bff1,2026-05-06,ENI.MI,Eni,stock,WATCH,trend_pullback_setup,70.0,,,risk_on,22.9700,,,,,,Setup pullback in formazione: trend primario positivo e prezzo tornato in zona utile; attendere recupero sopra SMA20.,"{""atr14"": 0.7521100509301553, ""base_currency"": ""EUR"", ""benchmark"": ""EXW1.MI"", ""close"": 22.969999313354492, ""currency"": ""EUR"", ""fx_to_base"": 1.0, ""priority"": ""satellite"", ""readiness"": 70.0, ""recent_low"": 22.219999313354492, ""region"": ""italy"", ""role"": ""cyclical_income"", ""rsi14"": 48.67585749759804, ""sector"": ""energy"", ""sma20"": 23.328000259399413, ""sma200"": 17.147341265678406, ""sma50"": 22.420767974853515, ""universe_score"": 3, ""vol20"": 12685420.9, ""volume"": 19769451.0}",2026-05-06
1bbefad5cf54f5d5,2026-05-06,EXW1.MI,iShares Core EURO STOXX 50 UCITS ETF,etf,WATCH,trend_pullback_setup,70.0,,,risk_on,58.5100,,,,,,Setup pullback in formazione: trend primario positivo e prezzo tornato in zona utile; attendere recupero sopra SMA20.,"{""atr14"": 0.9848848541657176, ""base_currency"": ""EUR"", ""benchmark"": ""SWDA.MI"", ""close"": 58.5099983215332, ""currency"": ""EUR"", ""fx_to_base"": 1.0, ""priority"": ""core"", ""readiness"": 70.0, ""recent_low"": 58.47999954223633, ""region"": ""europe"", ""role"": ""europe_benchmark"", ""rsi14"": 45.96284081843388, ""sector"": ""broad_market"", ""sma20"": 59.486999893188475, ""sma200"": 57.067457332611085, ""sma50"": 58.83990760803223, ""universe_score"": 4, ""vol20"": 1940119.7, ""volume"": 2203009.0}",2026-05-06
2258c1e51b909d62,2026-05-06,G.MI,Assicurazioni Generali,stock,WATCH,controlled_breakout,93.2,NO_GO,A,risk_on,39.0900,39.0900,37.9609,41.3482,2.00,3.43,"Breakout sopra massimo recente in trend primario positivo, con volume superiore alla media e RSI sotto soglia estrema. Forza relativa favorevole: +12.24% rispetto a EXW1.MI. Momento non propizio: costi troppo pesanti.","{""atr14"": 0.7491430590599305, ""base_currency"": ""EUR"", ""benchmark"": ""EXW1.MI"", ""breakout_extension_atr"": 0.51, ""close"": 39.09000015258789, ""cost_pct"": 3.43, ""currency"": ""EUR"", ""fx_to_base"": 1.0, ""high20_prev"": 38.709999084472656, ""opportunity"": {""adjustment"": 17.0, ""checks"": [{""name"": ""mercato"", ""note"": ""contesto generale favorevole"", ""points"": 4.0, ""status"": ""pass""}, {""name"": ""trend"", ""note"": ""prezzo sopra SMA50 e SMA200 ordinata"", ""points"": 6.0, ""status"": ""pass""}, {""name"": ""timing"", ""note"": ""breakout fresco, non ancora tirato"", ""points"": 10.0, ""status"": ""pass""}, {""name"": ""momentum"", ""note"": ""RSI accettabile ma non ideale"", ""points"": 0.0, ""status"": ""caution""}, {""name"": ""partecipazione"", ""note"": ""volume nella norma"", ""points"": 0.0, ""status"": ""caution""}, {""name"": ""rischio"", ""note"": ""stop abbastanza vicino ma non casuale"", ""points"": 5.0, ""status"": ""pass""}, {""name"": ""costi"", ""note"": ""commissioni incidono troppo sul controvalore"", ""points"": -8.0, ""status"": ""fail""}], ""decision"": ""NO_GO"", ""grade"": ""A"", ""hard_blocks"": [""costi troppo pesanti""], ""opportunity_score"": 93.2, ""technical_score"": 76.2, ""threshold"": 62.0}, ""priority"": ""satellite"", ""region"": ""italy"", ""relative_strength"": {""adjustment"": 7.0, ""benchmark_return_pct"": -2.59, ""benchmark_symbol"": ""EXW1.MI"", ""reason"": ""strumento nettamente più forte del benchmark"", ""relative_strength_pct"": 12.24, ""state"": ""very_strong"", ""symbol_return_pct"": 9.65}, ""risk_pct"": 2.89, ""role"": ""defensive_financial"", ""rsi14"": 69.04627502727874, ""score_breakdown"": {""base"": 50.0, ""cost"": -15.0, ""cost_pct"": 3.43, ""reward_risk"": 0.0, ""risk"": 8.0, ""risk_pct"": 2.89, ""rsi"": 5.0, ""strategy"": 10.0, ""trend"": 8.66, ""universe"": 0.0, ""volume"": 2.49}, ""sector"": ""insurance"", ""sma200"": 34.19374992370606, ""sma50"": 35.5713996887207, ""universe_score"": 3, ""vol20"": 3260441.8, ""volume"": 4072615.0, ""volume_ratio"": 1.25}",2026-05-06
d5da32eeb47f0348,2026-05-06,LDO.MI,Leonardo,stock,WATCH,trend_pullback,70.4,NO_GO,C,risk_on,55.9600,55.9600,51.0600,65.7600,2.00,3.43,"Trend primario positivo, recente pullback verso medie brevi/intermedie, recupero sopra SMA20 e RSI in area non eccessivamente tirata. Forza relativa favorevole: +7.78% rispetto a EXW1.MI. Momento non propizio: distanza stop non efficiente, costi troppo pesanti.","{""atr14"": 2.0934389822436694, ""base_currency"": ""EUR"", ""benchmark"": ""EXW1.MI"", ""close"": 55.959999084472656, ""cost_pct"": 3.43, ""currency"": ""EUR"", ""distance_sma20_pct"": 0.86, ""fx_to_base"": 1.0, ""opportunity"": {""adjustment"": 7.0, ""checks"": [{""name"": ""mercato"", ""note"": ""contesto generale favorevole"", ""points"": 4.0, ""status"": ""pass""}, {""name"": ""trend"", ""note"": ""trend primario positivo"", ""points"": 3.0, ""status"": ""pass""}, {""name"": ""timing"", ""note"": ""rimbalzo vicino alla media breve"", ""points"": 10.0, ""status"": ""pass""}, {""name"": ""momentum"", ""note"": ""RSI in zona costruttiva"", ""points"": 4.0, ""status"": ""pass""}, {""name"": ""partecipazione"", ""note"": ""volume sopra media"", ""points"": 4.0, ""status"": ""pass""}, {""name"": ""rischio"", ""note"": ""stop troppo stretto o troppo largo"", ""points"": -10.0, ""status"": ""fail""}, {""name"": ""costi"", ""note"": ""commissioni incidono troppo sul controvalore"", ""points"": -8.0, ""status"": ""fail""}], ""decision"": ""NO_GO"", ""grade"": ""C"", ""hard_blocks"": [""distanza stop non efficiente"", ""costi troppo pesanti""], ""opportunity_score"": 70.4, ""technical_score"": 63.4, ""threshold"": 62.0}, ""priority"": ""satellite"", ""recent_low"": 51.060001373291016, ""region"": ""italy"", ""relative_strength"": {""adjustment"": 7.0, ""benchmark_return_pct"": -2.59, ""benchmark_symbol"": ""EXW1.MI"", ""reason"": ""strumento nettamente più forte del benchmark"", ""relative_strength_pct"": 7.78, ""state"": ""very_strong"", ""symbol_return_pct"": 5.19}, ""risk_pct"": 8.76, ""role"": ""momentum_cyclical"", ""rsi14"": 50.57031893980037, ""score_breakdown"": {""base"": 50.0, ""cost"": -15.0, ""cost_pct"": 3.43, ""reward_risk"": 0.0, ""risk"": -8.0, ""risk_pct"": 8.76, ""rsi"": 10.0, ""strategy"": 8.0, ""trend"": 8.17, ""universe"": 0.0, ""volume"": 3.23}, ""sector"": ""aerospace_defense"", ""sma20"": 55.481499671936035, ""sma200"": 52.81850004196167, ""sma50"": 58.09039985656738, ""universe_score"": 3, ""vol20"": 3359926.4, ""volume"": 4446517.0, ""volume_ratio"": 1.32}",2026-05-06
2d19d2f885d19007,2026-05-06,LLY,Eli Lilly,stock,WATCH,trend_pullback,22.8,NO_GO,D,risk_on,991.4600,991.4600,850.5100,1273.3600,2.00,3.43,"Trend primario positivo, recente pullback verso medie brevi/intermedie, recupero sopra SMA20 e RSI in area non eccessivamente tirata. Forza relativa debole: -13.15% rispetto a CSSPX.MI. Momento non propizio: prezzo troppo distante dalla SMA20, distanza stop non efficiente, costi troppo pesanti.","{""atr14"": 30.44701724351598, ""base_currency"": ""EUR"", ""benchmark"": ""CSSPX.MI"", ""close"": 991.4600219726562, ""cost_pct"": 3.43, ""currency"": ""USD"", ""distance_sma20_pct"": 7.37, ""fx_to_base"": 0.8507000207901001, ""opportunity"": {""adjustment"": -17.0, ""checks"": [{""name"": ""mercato"", ""note"": ""contesto generale favorevole"", ""points"": 4.0, ""status"": ""pass""}, {""name"": ""trend"", ""note"": ""prezzo sopra SMA50 e SMA200 ordinata"", ""points"": 6.0, ""status"": ""pass""}, {""name"": ""timing"", ""note"": ""pullback già troppo rincorso"", ""points"": -10.0, ""status"": ""fail""}, {""name"": ""momentum"", ""note"": ""RSI in zona costruttiva"", ""points"": 4.0, ""status"": ""pass""}, {""name"": ""partecipazione"", ""note"": ""volume debole"", ""points"": -3.0, ""status"": ""caution""}, {""name"": ""rischio"", ""note"": ""stop troppo stretto o troppo largo"", ""points"": -10.0, ""status"": ""fail""}, {""name"": ""costi"", ""note"": ""commissioni incidono troppo sul controvalore"", ""points"": -8.0, ""status"": ""fail""}], ""decision"": ""NO_GO"", ""grade"": ""D"", ""hard_blocks"": [""prezzo troppo distante dalla SMA20"", ""distanza stop non efficiente"", ""costi troppo pesanti""], ""opportunity_score"": 22.8, ""technical_score"": 39.8, ""threshold"": 62.0}, ""priority"": ""leader"", ""recent_low"": 850.510009765625, ""region"": ""us"", ""relative_strength"": {""adjustment"": -8.0, ""benchmark_return_pct"": 8.21, ""benchmark_symbol"": ""CSSPX.MI"", ""reason"": ""strumento più debole del benchmark nel periodo recente"", ""relative_strength_pct"": -13.15, ""state"": ""weak"", ""symbol_return_pct"": -4.94}, ""risk_pct"": 14.22, ""role"": ""healthcare_growth"", ""rsi14"": 62.15447336979916, ""score_breakdown"": {""base"": 50.0, ""cost"": -15.0, ""cost_pct"": 3.43, ""reward_risk"": 0.0, ""risk"": -8.0, ""risk_pct"": 14.22, ""rsi"": 10.0, ""strategy"": 8.0, ""trend"": 5.77, ""universe"": 2.0, ""volume"": -5.0}, ""sector"": ""healthcare"", ""sma20"": 923.422006225586, ""sma200"": 912.9180572509765, ""sma50"": 944.4168029785156, ""universe_score"": 4, ""vol20"": 3150480.55, ""volume"": 962211.0, ""volume_ratio"": 0.31}",2026-05-06
e3b8c998d30e6a7c,2026-05-06,MONC.MI,Moncler,stock,WATCH,trend_pullback_setup,70.0,,,risk_on,54.2000,,,,,,Setup pullback in formazione: trend primario positivo e prezzo tornato in zona utile; attendere recupero sopra SMA20.,"{""atr14"": 1.7753565785936278, ""base_currency"": ""EUR"", ""benchmark"": ""EXW1.MI"", ""close"": 54.20000076293945, ""currency"": ""EUR"", ""fx_to_base"": 1.0, ""priority"": ""satellite"", ""readiness"": 70.0, ""recent_low"": 50.86000061035156, ""region"": ""italy"", ""role"": ""quality_compounder"", ""rsi14"": 52.27786689293544, ""sector"": ""luxury"", ""sma20"": 54.294000434875485, ""sma200"": 52.23834993362427, ""sma50"": 53.959200057983395, ""universe_score"": 3, ""vol20"": 992034.75, ""volume"": 1321236.0}",2026-05-06
b38152e739071704,2026-05-06,NESN.SW,Nestle,stock,WATCH,trend_pullback,88.4,NO_GO,A,risk_on,78.6100,78.6100,76.3346,83.1608,2.00,3.43,"Trend primario positivo, recente pullback verso medie brevi/intermedie, recupero sopra SMA20 e RSI in area non eccessivamente tirata. Forza relativa favorevole: +6.30% rispetto a EXW1.MI. Momento non propizio: costi troppo pesanti.","{""atr14"": 1.5169059355481485, ""base_currency"": ""EUR"", ""benchmark"": ""EXW1.MI"", ""close"": 78.61000061035156, ""cost_pct"": 3.43, ""currency"": ""CHF"", ""distance_sma20_pct"": 1.54, ""fx_to_base"": 1.09089994430542, ""opportunity"": {""adjustment"": 18.0, ""checks"": [{""name"": ""mercato"", ""note"": ""contesto generale favorevole"", ""points"": 4.0, ""status"": ""pass""}, {""name"": ""trend"", ""note"": ""prezzo sopra SMA50 e SMA200 ordinata"", ""points"": 6.0, ""status"": ""pass""}, {""name"": ""timing"", ""note"": ""rimbalzo vicino alla media breve"", ""points"": 10.0, ""status"": ""pass""}, {""name"": ""momentum"", ""note"": ""RSI in zona costruttiva"", ""points"": 4.0, ""status"": ""pass""}, {""name"": ""partecipazione"", ""note"": ""volume debole"", ""points"": -3.0, ""status"": ""caution""}, {""name"": ""rischio"", ""note"": ""stop abbastanza vicino ma non casuale"", ""points"": 5.0, ""status"": ""pass""}, {""name"": ""costi"", ""note"": ""commissioni incidono troppo sul controvalore"", ""points"": -8.0, ""status"": ""fail""}], ""decision"": ""NO_GO"", ""grade"": ""A"", ""hard_blocks"": [""costi troppo pesanti""], ""opportunity_score"": 88.4, ""technical_score"": 70.4, ""threshold"": 62.0}, ""priority"": ""satellite"", ""recent_low"": 76.75, ""region"": ""europe"", ""relative_strength"": {""adjustment"": 7.0, ""benchmark_return_pct"": -2.59, ""benchmark_symbol"": ""EXW1.MI"", ""reason"": ""strumento nettamente più forte del benchmark"", ""relative_strength_pct"": 6.3, ""state"": ""very_strong"", ""symbol_return_pct"": 3.71}, ""risk_pct"": 2.89, ""role"": ""defensive_quality"", ""rsi14"": 55.80290271595189, ""score_breakdown"": {""base"": 50.0, ""cost"": -15.0, ""cost_pct"": 3.43, ""reward_risk"": 0.0, ""risk"": 8.0, ""risk_pct"": 2.89, ""rsi"": 10.0, ""strategy"": 8.0, ""trend"": 4.62, ""universe"": 0.0, ""volume"": -2.18}, ""sector"": ""consumer_staples"", ""sma20"": 77.4141773223877, ""sma200"": 74.17194534301758, ""sma50"": 76.76574111938477, ""universe_score"": 3, ""vol20"": 3808484.6, ""volume"": 2976737.0, ""volume_ratio"": 0.78}",2026-05-06
948efc5e87303189,2026-05-06,NOVN.SW,Novartis,stock,WATCH,trend_pullback_setup,70.0,,,risk_on,115.6400,,,,,,Setup pullback in formazione: trend primario positivo e prezzo tornato in zona utile; attendere recupero sopra SMA20.,"{""atr14"": 2.487186376526295, ""base_currency"": ""EUR"", ""benchmark"": ""EXW1.MI"", ""close"": 115.63999938964844, ""currency"": ""CHF"", ""fx_to_base"": 1.09089994430542, ""priority"": ""satellite"", ""readiness"": 70.0, ""recent_low"": 108.23999786376953, ""region"": ""europe"", ""role"": ""defensive_quality"", ""rsi14"": 45.98638848262333, ""sector"": ""healthcare"", ""sma20"": 117.07699966430664, ""sma200"": 106.6082370376587, ""sma50"": 119.65197616577149, ""universe_score"": 3, ""vol20"": 2580066.3, ""volume"": 2586683.0}",2026-05-06
c0f18b9ad04ef183,2026-05-06,NVDA,NVIDIA,stock,WATCH,trend_pullback,77.7,NO_GO,B,risk_on,205.3100,205.3100,194.7400,226.4500,2.00,3.43,"Trend primario positivo, recente pullback verso medie brevi/intermedie, recupero sopra SMA20 e RSI in area non eccessivamente tirata. Forza relativa debole: -7.58% rispetto a EQQQ.MI. Momento non propizio: costi troppo pesanti.","{""atr14"": 6.499795112944594, ""base_currency"": ""EUR"", ""benchmark"": ""EQQQ.MI"", ""close"": 205.30999755859375, ""cost_pct"": 3.43, ""currency"": ""USD"", ""distance_sma20_pct"": 2.48, ""fx_to_base"": 0.8507000207901001, ""opportunity"": {""adjustment"": 18.0, ""checks"": [{""name"": ""mercato"", ""note"": ""contesto generale favorevole"", ""points"": 4.0, ""status"": ""pass""}, {""name"": ""trend"", ""note"": ""prezzo sopra SMA50 e SMA200 ordinata"", ""points"": 6.0, ""status"": ""pass""}, {""name"": ""timing"", ""note"": ""rimbalzo vicino alla media breve"", ""points"": 10.0, ""status"": ""pass""}, {""name"": ""momentum"", ""note"": ""RSI in zona costruttiva"", ""points"": 4.0, ""status"": ""pass""}, {""name"": ""partecipazione"", ""note"": ""volume debole"", ""points"": -3.0, ""status"": ""caution""}, {""name"": ""rischio"", ""note"": ""stop abbastanza vicino ma non casuale"", ""points"": 5.0, ""status"": ""pass""}, {""name"": ""costi"", ""note"": ""commissioni incidono troppo sul controvalore"", ""points"": -8.0, ""status"": ""fail""}], ""decision"": ""NO_GO"", ""grade"": ""B"", ""hard_blocks"": [""costi troppo pesanti""], ""opportunity_score"": 77.7, ""technical_score"": 59.7, ""threshold"": 62.0}, ""priority"": ""leader"", ""recent_low"": 194.74000549316406, ""region"": ""us_growth"", ""relative_strength"": {""adjustment"": -8.0, ""benchmark_return_pct"": 15.62, ""benchmark_symbol"": ""EQQQ.MI"", ""reason"": ""strumento più debole del benchmark nel periodo recente"", ""relative_strength_pct"": -7.58, ""state"": ""weak"", ""symbol_return_pct"": 8.04}, ""risk_pct"": 5.15, ""role"": ""ai_leader"", ""rsi14"": 58.95518148113922, ""score_breakdown"": {""base"": 50.0, ""cost"": -15.0, ""cost_pct"": 3.43, ""reward_risk"": 0.0, ""risk"": 8.0, ""risk_pct"": 5.15, ""rsi"": 10.0, ""strategy"": 8.0, ""trend"": 6.16, ""universe"": 4.0, ""volume"": -3.43}, ""sector"": ""semiconductors"", ""sma20"": 200.3474998474121, ""sma200"": 184.25926429748534, ""sma50"": 187.6736166381836, ""universe_score"": 5, ""vol20"": 144562953.75, ""volume"": 94986275.0, ""volume_ratio"": 0.66}",2026-05-06
777afba61a367ed5,2026-05-06,PST.MI,Poste Italiane,stock,WATCH,trend_pullback,100.0,NO_GO,A,risk_on,22.7400,22.7400,21.9500,24.3200,2.00,3.43,"Trend primario positivo, recente pullback verso medie brevi/intermedie, recupero sopra SMA20 e RSI in area non eccessivamente tirata. Momento non propizio: costi troppo pesanti.","{""atr14"": 0.43322626159908223, ""base_currency"": ""EUR"", ""benchmark"": ""EXW1.MI"", ""close"": 22.739999771118164, ""cost_pct"": 3.43, ""currency"": ""EUR"", ""distance_sma20_pct"": 2.44, ""fx_to_base"": 1.0, ""opportunity"": {""adjustment"": 25.0, ""checks"": [{""name"": ""mercato"", ""note"": ""contesto generale favorevole"", ""points"": 4.0, ""status"": ""pass""}, {""name"": ""trend"", ""note"": ""prezzo sopra SMA50 e SMA200 ordinata"", ""points"": 6.0, ""status"": ""pass""}, {""name"": ""timing"", ""note"": ""rimbalzo vicino alla media breve"", ""points"": 10.0, ""status"": ""pass""}, {""name"": ""momentum"", ""note"": ""RSI in zona costruttiva"", ""points"": 4.0, ""status"": ""pass""}, {""name"": ""partecipazione"", ""note"": ""volume sopra media"", ""points"": 4.0, ""status"": ""pass""}, {""name"": ""rischio"", ""note"": ""stop abbastanza vicino ma non casuale"", ""points"": 5.0, ""status"": ""pass""}, {""name"": ""costi"", ""note"": ""commissioni incidono troppo sul controvalore"", ""points"": -8.0, ""status"": ""fail""}], ""decision"": ""NO_GO"", ""grade"": ""A"", ""hard_blocks"": [""costi troppo pesanti""], ""opportunity_score"": 100.0, ""technical_score"": 75.5, ""threshold"": 62.0}, ""priority"": ""satellite"", ""recent_low"": 21.950000762939453, ""region"": ""italy"", ""relative_strength"": {""adjustment"": 0.0, ""benchmark_return_pct"": -2.59, ""benchmark_symbol"": ""EXW1.MI"", ""reason"": ""forza relativa in linea con il benchmark"", ""relative_strength_pct"": 0.95, ""state"": ""neutral"", ""symbol_return_pct"": -1.64}, ""risk_pct"": 3.47, ""role"": ""defensive_income"", ""rsi14"": 61.5912067182629, ""score_breakdown"": {""base"": 50.0, ""cost"": -15.0, ""cost_pct"": 3.43, ""reward_risk"": 0.0, ""risk"": 8.0, ""risk_pct"": 3.47, ""rsi"": 10.0, ""strategy"": 8.0, ""trend"": 6.53, ""universe"": 0.0, ""volume"": 8.0}, ""sector"": ""financial_services"", ""sma20"": 22.198499870300292, ""sma200"": 20.832067918777465, ""sma50"": 21.745699920654296, ""universe_score"": 3, ""vol20"": 2467145.95, ""volume"": 5792244.0, ""volume_ratio"": 2.35}",2026-05-06
43ff622fef7cdf7c,2026-05-06,PST.MI,Poste Italiane,stock,WATCH,controlled_breakout,100.0,NO_GO,A,risk_on,22.7400,22.7400,22.2568,23.7064,2.00,3.43,"Breakout sopra massimo recente in trend primario positivo, con volume superiore alla media e RSI sotto soglia estrema. Momento non propizio: costi troppo pesanti.","{""atr14"": 0.43322626159908223, ""base_currency"": ""EUR"", ""benchmark"": ""EXW1.MI"", ""breakout_extension_atr"": 0.12, ""close"": 22.739999771118164, ""cost_pct"": 3.43, ""currency"": ""EUR"", ""fx_to_base"": 1.0, ""high20_prev"": 22.690000534057617, ""opportunity"": {""adjustment"": 25.0, ""checks"": [{""name"": ""mercato"", ""note"": ""contesto generale favorevole"", ""points"": 4.0, ""status"": ""pass""}, {""name"": ""trend"", ""note"": ""prezzo sopra SMA50 e SMA200 ordinata"", ""points"": 6.0, ""status"": ""pass""}, {""name"": ""timing"", ""note"": ""breakout fresco, non ancora tirato"", ""points"": 10.0, ""status"": ""pass""}, {""name"": ""momentum"", ""note"": ""RSI in zona costruttiva"", ""points"": 4.0, ""status"": ""pass""}, {""name"": ""partecipazione"", ""note"": ""volume sopra media"", ""points"": 4.0, ""status"": ""pass""}, {""name"": ""rischio"", ""note"": ""stop abbastanza vicino ma non casuale"", ""points"": 5.0, ""status"": ""pass""}, {""name"": ""costi"", ""note"": ""commissioni incidono troppo sul controvalore"", ""points"": -8.0, ""status"": ""fail""}], ""decision"": ""NO_GO"", ""grade"": ""A"", ""hard_blocks"": [""costi troppo pesanti""], ""opportunity_score"": 100.0, ""technical_score"": 77.5, ""threshold"": 62.0}, ""priority"": ""satellite"", ""region"": ""italy"", ""relative_strength"": {""adjustment"": 0.0, ""benchmark_return_pct"": -2.59, ""benchmark_symbol"": ""EXW1.MI"", ""reason"": ""forza relativa in linea con il benchmark"", ""relative_strength_pct"": 0.95, ""state"": ""neutral"", ""symbol_return_pct"": -1.64}, ""risk_pct"": 2.12, ""role"": ""defensive_income"", ""rsi14"": 61.5912067182629, ""score_breakdown"": {""base"": 50.0, ""cost"": -15.0, ""cost_pct"": 3.43, ""reward_risk"": 0.0, ""risk"": 8.0, ""risk_pct"": 2.12, ""rsi"": 10.0, ""strategy"": 10.0, ""trend"": 6.53, ""universe"": 0.0, ""volume"": 8.0}, ""sector"": ""financial_services"", ""sma200"": 20.832067918777465, ""sma50"": 21.745699920654296, ""universe_score"": 3, ""vol20"": 2467145.95, ""volume"": 5792244.0, ""volume_ratio"": 2.35}",2026-05-06
fd3f8ce193fc0ef6,2026-05-06,ROG.SW,Roche,stock,WATCH,trend_pullback,67.3,NO_GO,C,risk_on,318.5000,318.5000,308.8413,337.8174,2.00,3.43,"Trend primario positivo, recente pullback verso medie brevi/intermedie, recupero sopra SMA20 e RSI in area non eccessivamente tirata. Forza relativa debole: -5.90% rispetto a EXW1.MI. Momento non propizio: costi troppo pesanti.","{""atr14"": 6.439157176714659, ""base_currency"": ""EUR"", ""benchmark"": ""EXW1.MI"", ""close"": 318.5, ""cost_pct"": 3.43, ""currency"": ""CHF"", ""distance_sma20_pct"": 0.24, ""fx_to_base"": 1.09089994430542, ""opportunity"": {""adjustment"": 15.0, ""checks"": [{""name"": ""mercato"", ""note"": ""contesto generale favorevole"", ""points"": 4.0, ""status"": ""pass""}, {""name"": ""trend"", ""note"": ""trend primario positivo"", ""points"": 3.0, ""status"": ""pass""}, {""name"": ""timing"", ""note"": ""rimbalzo vicino alla media breve"", ""points"": 10.0, ""status"": ""pass""}, {""name"": ""momentum"", ""note"": ""RSI in zona costruttiva"", ""points"": 4.0, ""status"": ""pass""}, {""name"": ""partecipazione"", ""note"": ""volume debole"", ""points"": -3.0, ""status"": ""caution""}, {""name"": ""rischio"", ""note"": ""stop abbastanza vicino ma non casuale"", ""points"": 5.0, ""status"": ""pass""}, {""name"": ""costi"", ""note"": ""commissioni incidono troppo sul controvalore"", ""points"": -8.0, ""status"": ""fail""}], ""decision"": ""NO_GO"", ""grade"": ""C"", ""hard_blocks"": [""costi troppo pesanti""], ""opportunity_score"": 67.3, ""technical_score"": 52.3, ""threshold"": 62.0}, ""priority"": ""satellite"", ""recent_low"": 312.70001220703125, ""region"": ""europe"", ""relative_strength"": {""adjustment"": -8.0, ""benchmark_return_pct"": -2.59, ""benchmark_symbol"": ""EXW1.MI"", ""reason"": ""strumento più debole del benchmark nel periodo recente"", ""relative_strength_pct"": -5.9, ""state"": ""weak"", ""symbol_return_pct"": -8.49}, ""risk_pct"": 3.03, ""role"": ""defensive_quality"", ""rsi14"": 49.159052608772896, ""score_breakdown"": {""base"": 50.0, ""cost"": -15.0, ""cost_pct"": 3.43, ""reward_risk"": 0.0, ""risk"": 8.0, ""risk_pct"": 3.03, ""rsi"": 5.0, ""strategy"": 8.0, ""trend"": 8.75, ""universe"": 0.0, ""volume"": -4.41}, ""sector"": ""healthcare"", ""sma20"": 317.73000183105466, ""sma200"": 295.7051282501221, ""sma50"": 324.0925994873047, ""universe_score"": 3, ""vol20"": 910052.0, ""volume"": 509079.0, ""volume_ratio"": 0.56}",2026-05-06
810196c18a5aa6c1,2026-05-06,SU.PA,Schneider Electric,stock,WATCH,trend_pullback,74.9,NO_GO,B,risk_on,282.7000,282.7000,260.5500,327.0000,2.00,3.43,"Trend primario positivo, recente pullback verso medie brevi/intermedie, recupero sopra SMA20 e RSI in area non eccessivamente tirata. Forza relativa favorevole: +14.37% rispetto a EXW1.MI. Momento non propizio: prezzo troppo distante dalla SMA20, costi troppo pesanti.","{""atr14"": 8.929605743005114, ""base_currency"": ""EUR"", ""benchmark"": ""EXW1.MI"", ""close"": 282.70001220703125, ""cost_pct"": 3.43, ""currency"": ""EUR"", ""distance_sma20_pct"": 4.99, ""fx_to_base"": 1.0, ""opportunity"": {""adjustment"": -3.0, ""checks"": [{""name"": ""mercato"", ""note"": ""contesto generale favorevole"", ""points"": 4.0, ""status"": ""pass""}, {""name"": ""trend"", ""note"": ""prezzo sopra SMA50 e SMA200 ordinata"", ""points"": 6.0, ""status"": ""pass""}, {""name"": ""timing"", ""note"": ""pullback già troppo rincorso"", ""points"": -10.0, ""status"": ""fail""}, {""name"": ""momentum"", ""note"": ""RSI in zona costruttiva"", ""points"": 4.0, ""status"": ""pass""}, {""name"": ""partecipazione"", ""note"": ""volume nella norma"", ""points"": 0.0, ""status"": ""caution""}, {""name"": ""rischio"", ""note"": ""rischio accettabile ma non ideale"", ""points"": 1.0, ""status"": ""caution""}, {""name"": ""costi"", ""note"": ""commissioni incidono troppo sul controvalore"", ""points"": -8.0, ""status"": ""fail""}], ""decision"": ""NO_GO"", ""grade"": ""B"", ""hard_blocks"": [""prezzo troppo distante dalla SMA20"", ""costi troppo pesanti""], ""opportunity_score"": 74.9, ""technical_score"": 77.9, ""threshold"": 62.0}, ""priority"": ""leader"", ""recent_low"": 260.54998779296875, ""region"": ""europe"", ""relative_strength"": {""adjustment"": 7.0, ""benchmark_return_pct"": -2.59, ""benchmark_symbol"": ""EXW1.MI"", ""reason"": ""strumento nettamente più forte del benchmark"", ""relative_strength_pct"": 14.37, ""state"": ""very_strong"", ""symbol_return_pct"": 11.78}, ""risk_pct"": 7.84, ""role"": ""industrial_compounder"", ""rsi14"": 63.82847547974718, ""score_breakdown"": {""base"": 50.0, ""cost"": -15.0, ""cost_pct"": 3.43, ""reward_risk"": 0.0, ""risk"": 2.0, ""risk_pct"": 7.84, ""rsi"": 10.0, ""strategy"": 8.0, ""trend"": 11.55, ""universe"": 2.0, ""volume"": 2.36}, ""sector"": ""electrification"", ""sma20"": 269.2700004577637, ""sma200"": 240.87849990844725, ""sma50"": 257.2570004272461, ""universe_score"": 4, ""vol20"": 1002018.15, ""volume"": 1238946.0, ""volume_ratio"": 1.24}",2026-05-06
b127c4e32e4e6866,2026-05-06,SU.PA,Schneider Electric,stock,WATCH,controlled_breakout,100.0,NO_GO,A,risk_on,282.7000,282.7000,272.5704,302.9592,2.00,3.43,"Breakout sopra massimo recente in trend primario positivo, con volume superiore alla media e RSI sotto soglia estrema. Forza relativa favorevole: +14.37% rispetto a EXW1.MI. Momento non propizio: costi troppo pesanti.","{""atr14"": 8.929605743005114, ""base_currency"": ""EUR"", ""benchmark"": ""EXW1.MI"", ""breakout_extension_atr"": 0.13, ""close"": 282.70001220703125, ""cost_pct"": 3.43, ""currency"": ""EUR"", ""fx_to_base"": 1.0, ""high20_prev"": 281.5, ""opportunity"": {""adjustment"": 21.0, ""checks"": [{""name"": ""mercato"", ""note"": ""contesto generale favorevole"", ""points"": 4.0, ""status"": ""pass""}, {""name"": ""trend"", ""note"": ""prezzo sopra SMA50 e SMA200 ordinata"", ""points"": 6.0, ""status"": ""pass""}, {""name"": ""timing"", ""note"": ""breakout fresco, non ancora tirato"", ""points"": 10.0, ""status"": ""pass""}, {""name"": ""momentum"", ""note"": ""RSI in zona costruttiva"", ""points"": 4.0, ""status"": ""pass""}, {""name"": ""partecipazione"", ""note"": ""volume nella norma"", ""points"": 0.0, ""status"": ""caution""}, {""name"": ""rischio"", ""note"": ""stop abbastanza vicino ma non casuale"", ""points"": 5.0, ""status"": ""pass""}, {""name"": ""costi"", ""note"": ""commissioni incidono troppo sul controvalore"", ""points"": -8.0, ""status"": ""fail""}], ""decision"": ""NO_GO"", ""grade"": ""A"", ""hard_blocks"": [""costi troppo pesanti""], ""opportunity_score"": 100.0, ""technical_score"": 85.9, ""threshold"": 62.0}, ""priority"": ""leader"", ""region"": ""europe"", ""relative_strength"": {""adjustment"": 7.0, ""benchmark_return_pct"": -2.59, ""benchmark_symbol"": ""EXW1.MI"", ""reason"": ""strumento nettamente più forte del benchmark"", ""relative_strength_pct"": 14.37, ""state"": ""very_strong"", ""symbol_return_pct"": 11.78}, ""risk_pct"": 3.58, ""role"": ""industrial_compounder"", ""rsi14"": 63.82847547974718, ""score_breakdown"": {""base"": 50.0, ""cost"": -15.0, ""cost_pct"": 3.43, ""reward_risk"": 0.0, ""risk"": 8.0, ""risk_pct"": 3.58, ""rsi"": 10.0, ""strategy"": 10.0, ""trend"": 11.55, ""universe"": 2.0, ""volume"": 2.36}, ""sector"": ""electrification"", ""sma200"": 240.87849990844725, ""sma50"": 257.2570004272461, ""universe_score"": 4, ""vol20"": 1002018.15, ""volume"": 1238946.0, ""volume_ratio"": 1.24}",2026-05-06
1f2bf885a2bc2985,2026-05-06,TRN.MI,Terna,stock,WATCH,trend_pullback,100.0,NO_GO,A,risk_on,10.2400,10.2400,9.9508,10.8184,2.00,3.43,"Trend primario positivo, recente pullback verso medie brevi/intermedie, recupero sopra SMA20 e RSI in area non eccessivamente tirata. Forza relativa favorevole: +10.63% rispetto a EXW1.MI. Momento non propizio: costi troppo pesanti.","{""atr14"": 0.19282589946098624, ""base_currency"": ""EUR"", ""benchmark"": ""EXW1.MI"", ""close"": 10.239999771118164, ""cost_pct"": 3.43, ""currency"": ""EUR"", ""distance_sma20_pct"": 0.65, ""fx_to_base"": 1.0, ""opportunity"": {""adjustment"": 21.0, ""checks"": [{""name"": ""mercato"", ""note"": ""contesto generale favorevole"", ""points"": 4.0, ""status"": ""pass""}, {""name"": ""trend"", ""note"": ""prezzo sopra SMA50 e SMA200 ordinata"", ""points"": 6.0, ""status"": ""pass""}, {""name"": ""timing"", ""note"": ""rimbalzo vicino alla media breve"", ""points"": 10.0, ""status"": ""pass""}, {""name"": ""momentum"", ""note"": ""RSI in zona costruttiva"", ""points"": 4.0, ""status"": ""pass""}, {""name"": ""partecipazione"", ""note"": ""volume nella norma"", ""points"": 0.0, ""status"": ""caution""}, {""name"": ""rischio"", ""note"": ""stop abbastanza vicino ma non casuale"", ""points"": 5.0, ""status"": ""pass""}, {""name"": ""costi"", ""note"": ""commissioni incidono troppo sul controvalore"", ""points"": -8.0, ""status"": ""fail""}], ""decision"": ""NO_GO"", ""grade"": ""A"", ""hard_blocks"": [""costi troppo pesanti""], ""opportunity_score"": 100.0, ""technical_score"": 80.8, ""threshold"": 62.0}, ""priority"": ""satellite"", ""recent_low"": 9.970000267028809, ""region"": ""italy"", ""relative_strength"": {""adjustment"": 7.0, ""benchmark_return_pct"": -2.59, ""benchmark_symbol"": ""EXW1.MI"", ""reason"": ""strumento nettamente più forte del benchmark"", ""relative_strength_pct"": 10.63, ""state"": ""very_strong"", ""symbol_return_pct"": 8.04}, ""risk_pct"": 2.82, ""role"": ""defensive_income"", ""rsi14"": 56.05302002133399, ""score_breakdown"": {""base"": 50.0, ""cost"": -15.0, ""cost_pct"": 3.43, ""reward_risk"": 0.0, ""risk"": 8.0, ""risk_pct"": 2.82, ""rsi"": 10.0, ""strategy"": 8.0, ""trend"": 10.89, ""universe"": 0.0, ""volume"": 1.94}, ""sector"": ""utilities"", ""sma20"": 10.173400115966796, ""sma200"": 9.109842762947082, ""sma50"": 9.988920040130616, ""universe_score"": 3, ""vol20"": 3836940.5, ""volume"": 4580373.0, ""volume_ratio"": 1.19}",2026-05-06
a1c6210bec3cd265,2026-05-06,TTE.PA,TotalEnergies,stock,WATCH,trend_pullback_setup,70.0,,,risk_on,76.7500,,,,,,Setup pullback in formazione: trend primario positivo e prezzo tornato in zona utile; attendere recupero sopra SMA20.,"{""atr14"": 2.2346462258387407, ""base_currency"": ""EUR"", ""benchmark"": ""EXW1.MI"", ""close"": 76.75, ""currency"": ""EUR"", ""fx_to_base"": 1.0, ""priority"": ""satellite"", ""readiness"": 70.0, ""recent_low"": 74.37000274658203, ""region"": ""europe"", ""role"": ""cyclical_leader"", ""rsi14"": 50.67355114785414, ""sector"": ""energy"", ""sma20"": 77.22850036621094, ""sma200"": 58.80830717086792, ""sma50"": 74.26260910034179, ""universe_score"": 3, ""vol20"": 5324730.75, ""volume"": 6877723.0}",2026-05-06
44ab568f49ff3d92,2026-05-06,UCG.MI,UniCredit,stock,WATCH,trend_pullback,47.8,NO_GO,D,risk_on,70.9400,70.9400,63.0500,86.7200,2.00,3.43,"Trend primario positivo, recente pullback verso medie brevi/intermedie, recupero sopra SMA20 e RSI in area non eccessivamente tirata. Momento non propizio: prezzo troppo distante dalla SMA20, distanza stop non efficiente, costi troppo pesanti.","{""atr14"": 2.385078199703944, ""base_currency"": ""EUR"", ""benchmark"": ""EXW1.MI"", ""close"": 70.94000244140625, ""cost_pct"": 3.43, ""currency"": ""EUR"", ""distance_sma20_pct"": 6.46, ""fx_to_base"": 1.0, ""opportunity"": {""adjustment"": -10.0, ""checks"": [{""name"": ""mercato"", ""note"": ""contesto generale favorevole"", ""points"": 4.0, ""status"": ""pass""}, {""name"": ""trend"", ""note"": ""prezzo sopra SMA50 e SMA200 ordinata"", ""points"": 6.0, ""status"": ""pass""}, {""name"": ""timing"", ""note"": ""pullback già troppo rincorso"", ""points"": -10.0, ""status"": ""fail""}, {""name"": ""momentum"", ""note"": ""RSI in zona costruttiva"", ""points"": 4.0, ""status"": ""pass""}, {""name"": ""partecipazione"", ""note"": ""volume sopra media"", ""points"": 4.0, ""status"": ""pass""}, {""name"": ""rischio"", ""note"": ""stop troppo stretto o troppo largo"", ""points"": -10.0, ""status"": ""fail""}, {""name"": ""costi"", ""note"": ""commissioni incidono troppo sul controvalore"", ""points"": -8.0, ""status"": ""fail""}], ""decision"": ""NO_GO"", ""grade"": ""D"", ""hard_blocks"": [""prezzo troppo distante dalla SMA20"", ""distanza stop non efficiente"", ""costi troppo pesanti""], ""opportunity_score"": 47.8, ""technical_score"": 57.8, ""threshold"": 62.0}, ""priority"": ""satellite"", ""recent_low"": 63.04999923706055, ""region"": ""italy"", ""relative_strength"": {""adjustment"": 0.0, ""benchmark_return_pct"": -2.59, ""benchmark_symbol"": ""EXW1.MI"", ""reason"": ""forza relativa in linea con il benchmark"", ""relative_strength_pct"": 0.89, ""state"": ""neutral"", ""symbol_return_pct"": -1.7}, ""risk_pct"": 11.12, ""role"": ""italian_financial_leader"", ""rsi14"": 63.5717224461287, ""score_breakdown"": {""base"": 50.0, ""cost"": -15.0, ""cost_pct"": 3.43, ""reward_risk"": 0.0, ""risk"": -8.0, ""risk_pct"": 11.12, ""rsi"": 10.0, ""strategy"": 8.0, ""trend"": 4.79, ""universe"": 0.0, ""volume"": 8.0}, ""sector"": ""financials"", ""sma20"": 66.63456382751465, ""sma200"": 64.60052028656006, ""sma50"": 65.03725265502929, ""universe_score"": 3, ""vol20"": 7024779.05, ""volume"": 13650451.0, ""volume_ratio"": 1.94}",2026-05-06
e291e6029cda8c5d,2026-05-06,WMT,Walmart,stock,WATCH,trend_pullback_setup,70.0,,,risk_on,129.9450,,,,,,Setup pullback in formazione: trend primario positivo e prezzo tornato in zona utile; attendere recupero sopra SMA20.,"{""atr14"": 2.5514058510367805, ""base_currency"": ""EUR"", ""benchmark"": ""CSSPX.MI"", ""close"": 129.94500732421875, ""currency"": ""USD"", ""fx_to_base"": 0.8507000207901001, ""priority"": ""leader"", ""readiness"": 70.0, ""recent_low"": 125.91000366210938, ""region"": ""us"", ""role"": ""defensive_compounder"", ""rsi14"": 55.57950948828122, ""sector"": ""consumer_staples"", ""sma20"": 128.49174957275392, ""sma200"": 112.58593132019043, ""sma50"": 125.94477493286132, ""universe_score"": 4, ""vol20"": 15505682.25, ""volume"": 4955545.0}",2026-05-06
49b553fb69a91104,2026-05-06,XOM,Exxon Mobil,stock,WATCH,trend_pullback_setup,70.0,,,risk_on,148.0100,,,,,,Setup pullback in formazione: trend primario positivo e prezzo tornato in zona utile; attendere recupero sopra SMA20.,"{""atr14"": 4.5947229149189885, ""base_currency"": ""EUR"", ""benchmark"": ""CSSPX.MI"", ""close"": 148.00999450683594, ""currency"": ""USD"", ""fx_to_base"": 0.8507000207901001, ""priority"": ""satellite"", ""readiness"": 70.0, ""recent_low"": 147.2100067138672, ""region"": ""us"", ""role"": ""cyclical_leader"", ""rsi14"": 41.674139265696915, ""sector"": ""energy"", ""sma20"": 150.9459991455078, ""sma200"": 127.43486736297608, ""sma50"": 155.00819976806642, ""universe_score"": 3, ""vol20"": 16747458.65, ""volume"": 7906973.0}",2026-05-06
601a37e228383e41,2026-05-07,ASML.AS,ASML Holding,stock,WATCH,near_breakout_setup,70.6,,,risk_on,1300.0000,,,,,,Setup breakout in avvicinamento: prezzo vicino al massimo recente; attendere chiusura sopra livello con volumi adeguati.,"{""atr14"": 49.07952001241022, ""base_currency"": ""EUR"", ""benchmark"": ""EXW1.MI"", ""close"": 1300.0, ""currency"": ""EUR"", ""fx_to_base"": 1.0, ""high20_prev"": 1306.199951171875, ""priority"": ""leader"", ""readiness"": 70.6, ""region"": ""europe"", ""role"": ""european_leader"", ""rsi14"": 60.006002456828305, ""sector"": ""semiconductors"", ""sma200"": 964.6535485839844, ""sma50"": 1203.5563403320311, ""universe_score"": 5, ""vol20"": 661657.9, ""volume"": 702028.0, ""volume_ratio"": 1.06}",2026-05-07
8804e8f229b25862,2026-05-07,ASML.AS,ASML Holding,stock,WATCH,trend_pullback_setup,70.0,,,risk_on,1300.0000,,,,,,Setup pullback in formazione: trend primario positivo e prezzo tornato in zona utile; attendere recupero sopra SMA20.,"{""atr14"": 49.07952001241022, ""base_currency"": ""EUR"", ""benchmark"": ""EXW1.MI"", ""close"": 1300.0, ""currency"": ""EUR"", ""fx_to_base"": 1.0, ""priority"": ""leader"", ""readiness"": 70.0, ""recent_low"": 1167.4000244140625, ""region"": ""europe"", ""role"": ""european_leader"", ""rsi14"": 60.006002456828305, ""sector"": ""semiconductors"", ""sma20"": 1237.0585998535157, ""sma200"": 964.6535485839844, ""sma50"": 1203.5563403320311, ""universe_score"": 5, ""vol20"": 661657.9, ""volume"": 702028.0}",2026-05-07
7aa5607fddfab71f,2026-05-07,AVGO,Broadcom,stock,WATCH,trend_pullback_setup,70.0,,,risk_on,417.5500,,,,,,Setup pullback in formazione: trend primario positivo e prezzo tornato in zona utile; attendere recupero sopra SMA20.,"{""atr14"": 13.530164660465914, ""base_currency"": ""EUR"", ""benchmark"": ""EQQQ.MI"", ""close"": 417.54998779296875, ""currency"": ""USD"", ""fx_to_base"": 0.8501999974250793, ""priority"": ""leader"", ""readiness"": 70.0, ""recent_low"": 394.6499938964844, ""region"": ""us_growth"", ""role"": ""ai_infrastructure"", ""rsi14"": 62.91985542514389, ""sector"": ""semiconductors"", ""sma20"": 407.5, ""sma200"": 341.79599731445313, ""sma50"": 356.56506103515625, ""universe_score"": 4, ""vol20"": 20185893.35, ""volume"": 7680167.0}",2026-05-07
8520ea8e64fc104d,2026-05-07,CAT,Caterpillar,stock,WATCH,trend_pullback_setup,70.0,,,risk_on,898.6500,,,,,,Setup pullback in formazione: trend primario positivo e prezzo tornato in zona utile; attendere recupero sopra SMA20.,"{""atr14"": 27.7188321104534, ""base_currency"": ""EUR"", ""benchmark"": ""CSSPX.MI"", ""close"": 898.6500244140625, ""currency"": ""USD"", ""fx_to_base"": 0.8501999974250793, ""priority"": ""satellite"", ""readiness"": 70.0, ""recent_low"": 805.0, ""region"": ""us"", ""role"": ""cyclical_leader"", ""rsi14"": 67.44283960259403, ""sector"": ""industrials"", ""sma20"": 831.0176086425781, ""sma200"": 598.5924244689942, ""sma50"": 760.4247827148438, ""universe_score"": 3, ""vol20"": 2338381.55, ""volume"": 1120631.0}",2026-05-07
501ab3f63740a0b2,2026-05-07,COST,Costco,stock,WATCH,trend_pullback,100.0,GO,A,risk_on,1001.0500,1001.0500,973.7049,1055.7402,2.00,0.46,"Trend primario positivo, recente pullback verso medie brevi/intermedie, recupero sopra SMA20 e RSI in area non eccessivamente tirata. Forza relativa debole: -4.43% rispetto a CSSPX.MI. Momento propizio: checklist A, score opportunità 98.2. Fondamentali: strong (73.8/100, qualita fondamentale forte). Allocazione: non scelto oggi (limite nuovi ingressi gia raggiunto).","{""allocation"": {""decision"": ""SKIPPED"", ""reason"": ""limite nuovi ingressi gia raggiunto"", ""score"": 98.5}, ""atr14"": 18.230078720612493, ""base_currency"": ""EUR"", ""benchmark"": ""CSSPX.MI"", ""close"": 1001.0499877929688, ""cost_pct"": 0.46, ""currency"": ""USD"", ""distance_sma20_pct"": 0.2, ""fundamentals"": {""adjustment"": 6.0, ""earnings_blackout"": {""action"": ""watch"", ""active"": false, ""days_to_earnings"": 21, ""earnings_date"": ""2026-05-28"", ""enabled"": true, ""penalty_points"": 5.0}, ""error"": null, ""events"": {""latest_quarter"": null, ""next_earnings_date"": ""2026-05-28""}, ""metrics"": {""analyst_count"": 32.0, ""beta"": 0.908, ""current_price"": 1001.9, ""current_ratio"": 1.058, ""debt_to_equity"": 60.257, ""dividend_yield"": 0.59, ""earnings_growth"": 0.455, ""eps_revision_balance"": 17.0, ""ev_to_ebitda"": 32.679, ""forward_pe"": 44.548115, ""free_cashflow"": 6690375168.0, ""market_cap"": 444495495168.0, ""operating_cashflow"": 15011000320.0, ""operating_margin"": 0.036730003, ""payout_ratio"": 0.27040002, ""price_to_book"": 26.876442, ""price_to_sales"": 1.5527413, ""profit_margin"": 0.029860001, ""recommendation_mean"": 1.97222, ""revenue_growth"": 0.215, ""roe"": 0.29650998, ""target_mean_price"": 1072.1562, ""trailing_pe"": 52.127995}, ""quality_gate"": {""blocked"": false, ""enabled"": true, ""weak_subscores"": []}, ""reason"": ""qualita fondamentale forte"", ""score"": 73.8, ""source"": ""yfinance"", ""state"": ""strong"", ""subscores"": {""analyst"": 84.0, ""balance_sheet"": 73.0, ""cashflow"": 80.0, ""growth"": 95.0, ""profitability"": 66.3, ""shareholder"": 78.0, ""valuation"": 49.7}}, ""fx_to_base"": 0.8501999974250793, ""opportunity"": {""adjustment"": 30.0, ""checks"": [{""name"": ""mercato"", ""note"": ""contesto generale favorevole"", ""points"": 4.0, ""status"": ""pass""}, {""name"": ""trend"", ""note"": ""prezzo sopra SMA50 e SMA200 ordinata"", ""points"": 6.0, ""status"": ""pass""}, {""name"": ""timing"", ""note"": ""rimbalzo vicino alla media breve"", ""points"": 10.0, ""status"": ""pass""}, {""name"": ""momentum"", ""note"": ""RSI in zona costruttiva"", ""points"": 4.0, ""status"": ""pass""}, {""name"": ""partecipazione"", ""note"": ""volume debole"", ""points"": -3.0, ""status"": ""caution""}, {""name"": ""rischio"", ""note"": ""stop abbastanza vicino ma non casuale"", ""points"": 5.0, ""status"": ""pass""}, {""name"": ""costi"", ""note"": ""costi compatibili con il trade"", ""points"": 4.0, ""status"": ""pass""}], ""decision"": ""GO"", ""grade"": ""A"", ""hard_blocks"": [], ""opportunity_score"": 98.2, ""technical_score"": 68.2, ""threshold"": 62.0}, ""priority"": ""leader"", ""recent_low"": 983.6926068688012, ""region"": ""us"", ""relative_strength"": {""adjustment"": -8.0, ""benchmark_return_pct"": 7.65, ""benchmark_symbol"": ""CSSPX.MI"", ""reason"": ""strumento più debole del benchmark nel periodo recente"", ""relative_strength_pct"": -4.43, ""state"": ""weak"", ""symbol_return_pct"": 3.22}, ""risk_pct"": 2.73, ""role"": ""defensive_compounder"", ""rsi14"": 50.21810549256229, ""score_breakdown"": {""base"": 50.0, ""cost"": -2.0, ""cost_pct"": 0.46, ""reward_risk"": 0.0, ""risk"": 8.0, ""risk_pct"": 2.73, ""rsi"": 10.0, ""strategy"": 8.0, ""trend"": 5.24, ""universe"": 2.0, ""volume"": -5.0}, ""sector"": ""consumer_staples"", ""sma20"": 999.0044036865235, ""sma200"": 949.0162979125977, ""sma50"": 996.8063977050781, ""universe_score"": 4, ""vol20"": 1738137.0, ""volume"": 511840.0, ""volume_ratio"": 0.29}",2026-05-07
784e46ae3e0b3ab2,2026-05-07,EIMI.MI,iShares Core MSCI Emerging Markets IMI UCITS ETF,etf,WATCH,near_breakout_setup,71.0,,,risk_on,46.7500,,,,,,Setup breakout in avvicinamento: prezzo vicino al massimo recente; attendere chiusura sopra livello con volumi adeguati.,"{""atr14"": 0.7767346891194566, ""base_currency"": ""EUR"", ""benchmark"": ""SWDA.MI"", ""close"": 46.75, ""currency"": ""EUR"", ""fx_to_base"": 1.0, ""high20_prev"": 46.94499969482422, ""priority"": ""satellite"", ""readiness"": 71.0, ""region"": ""global"", ""role"": ""satellite_emerging"", ""rsi14"": 74.47572797112822, ""sector"": ""emerging_markets"", ""sma200"": 38.937475051879886, ""sma50"": 42.33369995117187, ""universe_score"": 3, ""vol20"": 101712.45, ""volume"": 112381.0, ""volume_ratio"": 1.1}",2026-05-07
7c2cb17e89cd65de,2026-05-07,ENEL.MI,Enel,stock,WATCH,trend_pullback_setup,70.0,,,risk_on,9.6500,,,,,,Setup pullback in formazione: trend primario positivo e prezzo tornato in zona utile; attendere recupero sopra SMA20.,"{""atr14"": 0.2159825548983047, ""base_currency"": ""EUR"", ""benchmark"": ""EXW1.MI"", ""close"": 9.649999618530273, ""currency"": ""EUR"", ""fx_to_base"": 1.0, ""priority"": ""satellite"", ""readiness"": 70.0, ""recent_low"": 9.586000442504883, ""region"": ""italy"", ""role"": ""defensive_income"", ""rsi14"": 48.009698854564974, ""sector"": ""utilities"", ""sma20"": 9.786399984359742, ""sma200"": 8.700047874450684, ""sma50"": 9.658120021820068, ""universe_score"": 3, ""vol20"": 27564668.75, ""volume"": 22341921.0}",2026-05-07
72e8917e480151bd,2026-05-07,ENI.MI,Eni,stock,WATCH,trend_pullback_setup,70.0,,,risk_on,22.3850,,,,,,Setup pullback in formazione: trend primario positivo e prezzo tornato in zona utile; attendere recupero sopra SMA20.,"{""atr14"": 0.7508878117715131, ""base_currency"": ""EUR"", ""benchmark"": ""EXW1.MI"", ""close"": 22.385000228881836, ""currency"": ""EUR"", ""fx_to_base"": 1.0, ""priority"": ""satellite"", ""readiness"": 70.0, ""recent_low"": 22.219999313354492, ""region"": ""italy"", ""role"": ""cyclical_income"", ""rsi14"": 44.01452152034231, ""sector"": ""energy"", ""sma20"": 23.272250270843507, ""sma200"": 17.191568908691405, ""sma50"": 22.498901290893556, ""universe_score"": 3, ""vol20"": 11935040.6, ""volume"": 13216551.0}",2026-05-07
2e17348b1a694dc0,2026-05-07,EXW1.MI,iShares Core EURO STOXX 50 UCITS ETF,etf,WATCH,trend_pullback_setup,70.0,,,risk_on,58.5100,,,,,,Setup pullback in formazione: trend primario positivo e prezzo tornato in zona utile; attendere recupero sopra SMA20.,"{""atr14"": 0.9848848541657176, ""base_currency"": ""EUR"", ""benchmark"": ""SWDA.MI"", ""close"": 58.5099983215332, ""currency"": ""EUR"", ""fx_to_base"": 1.0, ""priority"": ""core"", ""readiness"": 70.0, ""recent_low"": 58.47999954223633, ""region"": ""europe"", ""role"": ""europe_benchmark"", ""rsi14"": 45.96284081843388, ""sector"": ""broad_market"", ""sma20"": 59.486999893188475, ""sma200"": 57.067457332611085, ""sma50"": 58.83990760803223, ""universe_score"": 4, ""vol20"": 1940119.7, ""volume"": 2203009.0}",2026-05-07
33b6f5f8d464ed33,2026-05-07,FBK.MI,FinecoBank,stock,WATCH,trend_pullback_setup,70.0,,,risk_on,21.5100,,,,,,Setup pullback in formazione: trend primario positivo e prezzo tornato in zona utile; attendere recupero sopra SMA20.,"{""atr14"": 0.5731760259549437, ""base_currency"": ""EUR"", ""benchmark"": ""EXW1.MI"", ""close"": 21.510000228881836, ""currency"": ""EUR"", ""fx_to_base"": 1.0, ""priority"": ""satellite"", ""readiness"": 70.0, ""recent_low"": 20.610000610351562, ""region"": ""italy"", ""role"": ""quality_financial"", ""rsi14"": 57.16874591696521, ""sector"": ""financials"", ""sma20"": 21.38000020980835, ""sma200"": 20.099025001525877, ""sma50"": 20.107400131225585, ""universe_score"": 3, ""vol20"": 2173366.85, ""volume"": 3986864.0}",2026-05-07
db6ba12196d74754,2026-05-07,G.MI,Assicurazioni Generali,stock,WATCH,trend_pullback_setup,70.0,,,risk_on,39.0000,,,,,,Setup pullback in formazione: trend primario positivo e prezzo tornato in zona utile; attendere recupero sopra SMA20.,"{""atr14"": 0.732775730395746, ""base_currency"": ""EUR"", ""benchmark"": ""EXW1.MI"", ""close"": 39.0, ""currency"": ""EUR"", ""fx_to_base"": 1.0, ""priority"": ""satellite"", ""readiness"": 70.0, ""recent_low"": 37.31999969482422, ""region"": ""italy"", ""role"": ""defensive_financial"", ""rsi14"": 67.95797561656167, ""sector"": ""insurance"", ""sma20"": 37.525499725341795, ""sma200"": 34.23009992599487, ""sma50"": 35.632599716186526, ""universe_score"": 3, ""vol20"": 3182258.35, ""volume"": 2501321.0}",2026-05-07
5cdd9e6f6c278c79,2026-05-07,G.MI,Assicurazioni Generali,stock,WATCH,near_breakout_setup,67.9,,,risk_on,39.0000,,,,,,Setup breakout in avvicinamento: prezzo vicino al massimo recente; attendere chiusura sopra livello con volumi adeguati.,"{""atr14"": 0.732775730395746, ""base_currency"": ""EUR"", ""benchmark"": ""EXW1.MI"", ""close"": 39.0, ""currency"": ""EUR"", ""fx_to_base"": 1.0, ""high20_prev"": 39.220001220703125, ""priority"": ""satellite"", ""readiness"": 67.9, ""region"": ""italy"", ""role"": ""defensive_financial"", ""rsi14"": 67.95797561656167, ""sector"": ""insurance"", ""sma200"": 34.23009992599487, ""sma50"": 35.632599716186526, ""universe_score"": 3, ""vol20"": 3182258.35, ""volume"": 2501321.0, ""volume_ratio"": 0.79}",2026-05-07
58033e85681fd019,2026-05-07,LDO.MI,Leonardo,stock,WATCH,trend_pullback_setup,70.0,,,risk_on,54.9000,,,,,,Setup pullback in formazione: trend primario positivo e prezzo tornato in zona utile; attendere recupero sopra SMA20.,"{""atr14"": 2.1474792184279097, ""base_currency"": ""EUR"", ""benchmark"": ""EXW1.MI"", ""close"": 54.900001525878906, ""currency"": ""EUR"", ""fx_to_base"": 1.0, ""priority"": ""satellite"", ""readiness"": 70.0, ""recent_low"": 51.060001373291016, ""region"": ""italy"", ""role"": ""momentum_cyclical"", ""rsi14"": 47.07357421979038, ""sector"": ""aerospace_defense"", ""sma20"": 55.34499969482422, ""sma200"": 52.84740005493164, ""sma50"": 58.02879989624024, ""universe_score"": 3, ""vol20"": 3259823.65, ""volume"": 2803787.0}",2026-05-07
ba183608a4971435,2026-05-07,LLY,Eli Lilly,stock,WATCH,trend_pullback_setup,70.0,,,risk_on,970.2500,,,,,,Setup pullback in formazione: trend primario positivo e prezzo tornato in zona utile; attendere recupero sopra SMA20.,"{""atr14"": 29.819707551283727, ""base_currency"": ""EUR"", ""benchmark"": ""CSSPX.MI"", ""close"": 970.25, ""currency"": ""USD"", ""fx_to_base"": 0.8501999974250793, ""priority"": ""leader"", ""readiness"": 70.0, ""recent_low"": 850.510009765625, ""region"": ""us"", ""role"": ""healthcare_growth"", ""rsi14"": 57.27684941907022, ""sector"": ""healthcare"", ""sma20"": 923.9545043945312, ""sma200"": 913.8856924438477, ""sma50"": 943.1570031738281, ""universe_score"": 4, ""vol20"": 3257799.95, ""volume"": 862799.0}",2026-05-07
1f07c176eb1cb908,2026-05-07,MONC.MI,Moncler,stock,BUY,trend_pullback,100.0,GO,A,risk_on,54.8600,54.8600,50.8600,62.8600,2.00,0.58,"Trend primario positivo, recente pullback verso medie brevi/intermedie, recupero sopra SMA20 e RSI in area non eccessivamente tirata. Forza relativa favorevole: +13.35% rispetto a EXW1.MI. Momento propizio: checklist A, score opportunità 100.0. Fondamentali: strong (75.6/100, qualita fondamentale forte). Allocazione: selezionato dal motore finale per qualita del segnale e coerenza del portafoglio.","{""allocation"": {""decision"": ""SELECTED"", ""rank"": 1, ""reason"": ""miglior combinazione tra qualita, rischio, costo e diversificazione"", ""score"": 100.0}, ""atr14"": 1.7685454162061387, ""base_currency"": ""EUR"", ""benchmark"": ""EXW1.MI"", ""close"": 54.86000061035156, ""cost_pct"": 0.58, ""currency"": ""EUR"", ""distance_sma20_pct"": 0.99, ""fundamentals"": {""adjustment"": 6.0, ""earnings_blackout"": {""action"": ""watch"", ""active"": false, ""days_to_earnings"": -77, ""earnings_date"": ""2026-02-19"", ""enabled"": true, ""penalty_points"": 5.0}, ""error"": null, ""events"": {""latest_quarter"": null, ""next_earnings_date"": ""2026-02-19""}, ""metrics"": {""analyst_count"": 25.0, ""beta"": 1.079, ""current_price"": 54.86, ""current_ratio"": 2.422, ""debt_to_equity"": 29.312, ""dividend_yield"": 2.58, ""earnings_growth"": 0.029, ""eps_revision_balance"": 50.0, ""ev_to_ebitda"": 14.473, ""forward_pe"": 21.074871, ""free_cashflow"": 609387904.0, ""market_cap"": 14899883008.0, ""operating_cashflow"": 960515008.0, ""operating_margin"": 0.35726002, ""payout_ratio"": 0.5628, ""price_to_book"": 3.8704672, ""price_to_sales"": 4.7571115, ""profit_margin"": 0.20007999, ""recommendation_mean"": 2.12, ""revenue_growth"": 0.015, ""roe"": 0.16854, ""target_mean_price"": 62.184, ""trailing_pe"": 23.748919}, ""quality_gate"": {""blocked"": false, ""enabled"": true, ""weak_subscores"": []}, ""reason"": ""qualita fondamentale forte"", ""score"": 75.6, ""source"": ""yfinance"", ""state"": ""strong"", ""subscores"": {""analyst"": 75.0, ""balance_sheet"": 88.5, ""cashflow"": 80.0, ""growth"": 50.0, ""profitability"": 86.3, ""shareholder"": 78.0, ""valuation"": 71.3}}, ""fx_to_base"": 1.0, ""opportunity"": {""adjustment"": 26.0, ""checks"": [{""name"": ""mercato"", ""note"": ""contesto generale favorevole"", ""points"": 4.0, ""status"": ""pass""}, {""name"": ""trend"", ""note"": ""prezzo sopra SMA50 e SMA200 ordinata"", ""points"": 6.0, ""status"": ""pass""}, {""name"": ""timing"", ""note"": ""rimbalzo vicino alla media breve"", ""points"": 10.0, ""status"": ""pass""}, {""name"": ""momentum"", ""note"": ""RSI in zona costruttiva"", ""points"": 4.0, ""status"": ""pass""}, {""name"": ""partecipazione"", ""note"": ""volume debole"", ""points"": -3.0, ""status"": ""caution""}, {""name"": ""rischio"", ""note"": ""rischio accettabile ma non ideale"", ""points"": 1.0, ""status"": ""caution""}, {""name"": ""costi"", ""note"": ""costi compatibili con il trade"", ""points"": 4.0, ""status"": ""pass""}], ""decision"": ""GO"", ""grade"": ""A"", ""hard_blocks"": [], ""opportunity_score"": 100.0, ""technical_score"": 77.1, ""threshold"": 62.0}, ""priority"": ""satellite"", ""recent_low"": 50.86000061035156, ""region"": ""italy"", ""relative_strength"": {""adjustment"": 7.0, ""benchmark_return_pct"": -2.59, ""benchmark_symbol"": ""EXW1.MI"", ""reason"": ""strumento nettamente più forte del benchmark"", ""relative_strength_pct"": 13.35, ""state"": ""very_strong"", ""symbol_return_pct"": 10.76}, ""risk_pct"": 7.29, ""role"": ""quality_compounder"", ""rsi14"": 54.50922173406283, ""score_breakdown"": {""base"": 50.0, ""cost"": -2.0, ""cost_pct"": 0.58, ""reward_risk"": 0.0, ""risk"": 2.0, ""risk_pct"": 7.29, ""rsi"": 10.0, ""strategy"": 8.0, ""trend"": 3.96, ""universe"": 0.0, ""volume"": -1.86}, ""sector"": ""luxury"", ""sma20"": 54.32000045776367, ""sma200"": 52.26064992904663, ""sma50"": 53.89520004272461, ""universe_score"": 3, ""vol20"": 967900.35, ""volume"": 787989.0, ""volume_ratio"": 0.81}",2026-05-07
384c6137dd06eec0,2026-05-07,NESN.SW,Nestle,stock,WATCH,trend_pullback_setup,70.0,,,risk_on,77.4800,,,,,,Setup pullback in formazione: trend primario positivo e prezzo tornato in zona utile; attendere recupero sopra SMA20.,"{""atr14"": 1.5149839304204493, ""base_currency"": ""EUR"", ""benchmark"": ""EXW1.MI"", ""close"": 77.4800033569336, ""currency"": ""CHF"", ""fx_to_base"": 1.0925999879837036, ""priority"": ""satellite"", ""readiness"": 70.0, ""recent_low"": 76.75, ""region"": ""europe"", ""role"": ""defensive_quality"", ""rsi14"": 50.54325258978705, ""sector"": ""consumer_staples"", ""sma20"": 77.50514793395996, ""sma200"": 74.19045795440674, ""sma50"": 76.75120849609375, ""universe_score"": 3, ""vol20"": 3700303.25, ""volume"": 2587595.0}",2026-05-07
5cfd92f94d7c5236,2026-05-07,NOVN.SW,Novartis,stock,WATCH,trend_pullback_setup,70.0,,,risk_on,113.3000,,,,,,Setup pullback in formazione: trend primario positivo e prezzo tornato in zona utile; attendere recupero sopra SMA20.,"{""atr14"": 2.4938155068994066, ""base_currency"": ""EUR"", ""benchmark"": ""EXW1.MI"", ""close"": 113.30000305175781, ""currency"": ""CHF"", ""fx_to_base"": 1.0925999879837036, ""priority"": ""satellite"", ""readiness"": 70.0, ""recent_low"": 108.23999786376953, ""region"": ""europe"", ""role"": ""defensive_quality"", ""rsi14"": 40.3903488703555, ""sector"": ""healthcare"", ""sma20"": 116.68299980163575, ""sma200"": 106.72181831359863, ""sma50"": 119.43395904541016, ""universe_score"": 3, ""vol20"": 2543731.9, ""volume"": 2598547.0}",2026-05-07
577762a687c4f124,2026-05-07,NVDA,NVIDIA,stock,WATCH,trend_pullback,74.0,NO_GO,B,risk_on,211.3700,211.3700,194.7400,244.6300,2.00,0.63,"Trend primario positivo, recente pullback verso medie brevi/intermedie, recupero sopra SMA20 e RSI in area non eccessivamente tirata. Forza relativa debole: -3.74% rispetto a EQQQ.MI. Momento non propizio: prezzo troppo distante dalla SMA20.","{""atr14"": 6.657820503010367, ""base_currency"": ""EUR"", ""benchmark"": ""EQQQ.MI"", ""close"": 211.3699951171875, ""cost_pct"": 0.63, ""currency"": ""USD"", ""distance_sma20_pct"": 4.72, ""fx_to_base"": 0.8501999974250793, ""opportunity"": {""adjustment"": 6.0, ""checks"": [{""name"": ""mercato"", ""note"": ""contesto generale favorevole"", ""points"": 4.0, ""status"": ""pass""}, {""name"": ""trend"", ""note"": ""prezzo sopra SMA50 e SMA200 ordinata"", ""points"": 6.0, ""status"": ""pass""}, {""name"": ""timing"", ""note"": ""pullback già troppo rincorso"", ""points"": -10.0, ""status"": ""fail""}, {""name"": ""momentum"", ""note"": ""RSI in zona costruttiva"", ""points"": 4.0, ""status"": ""pass""}, {""name"": ""partecipazione"", ""note"": ""volume debole"", ""points"": -3.0, ""status"": ""caution""}, {""name"": ""rischio"", ""note"": ""rischio accettabile ma non ideale"", ""points"": 1.0, ""status"": ""caution""}, {""name"": ""costi"", ""note"": ""costi compatibili con il trade"", ""points"": 4.0, ""status"": ""pass""}], ""decision"": ""NO_GO"", ""grade"": ""B"", ""hard_blocks"": [""prezzo troppo distante dalla SMA20""], ""opportunity_score"": 74.0, ""technical_score"": 68.0, ""threshold"": 62.0}, ""priority"": ""leader"", ""recent_low"": 194.74000549316406, ""region"": ""us_growth"", ""relative_strength"": {""adjustment"": -8.0, ""benchmark_return_pct"": 15.85, ""benchmark_symbol"": ""EQQQ.MI"", ""reason"": ""strumento più debole del benchmark nel periodo recente"", ""relative_strength_pct"": -3.74, ""state"": ""weak"", ""symbol_return_pct"": 12.11}, ""risk_pct"": 7.87, ""role"": ""ai_leader"", ""rsi14"": 63.31717796639496, ""score_breakdown"": {""base"": 50.0, ""cost"": -2.0, ""cost_pct"": 0.63, ""reward_risk"": 0.0, ""risk"": 2.0, ""risk_pct"": 7.87, ""rsi"": 10.0, ""strategy"": 8.0, ""trend"": 7.61, ""universe"": 4.0, ""volume"": -3.63}, ""sector"": ""semiconductors"", ""sma20"": 201.84649963378905, ""sma200"": 184.49370307922362, ""sma50"": 188.04042846679687, ""universe_score"": 5, ""vol20"": 148181508.7, ""volume"": 94452874.0, ""volume_ratio"": 0.64}",2026-05-07
0604f7089df16d5a,2026-05-07,PRY.MI,Prysmian,stock,WATCH,near_breakout_setup,56.9,,,risk_on,143.6500,,,,,,Setup breakout in avvicinamento: prezzo vicino al massimo recente; attendere chiusura sopra livello con volumi adeguati.,"{""atr14"": 5.607971535891116, ""base_currency"": ""EUR"", ""benchmark"": ""EXW1.MI"", ""close"": 143.64999389648438, ""currency"": ""EUR"", ""fx_to_base"": 1.0, ""high20_prev"": 144.14999389648438, ""priority"": ""leader"", ""readiness"": 56.9, ""region"": ""italy"", ""role"": ""italian_global_leader"", ""rsi14"": 81.05207652129982, ""sector"": ""electrification"", ""sma200"": 90.52609167098998, ""sma50"": 109.2837370300293, ""universe_score"": 4, ""vol20"": 1066983.35, ""volume"": 1159090.0, ""volume_ratio"": 1.09}",2026-05-07
e7d12c200bcd961f,2026-05-07,PST.MI,Poste Italiane,stock,WATCH,trend_pullback,100.0,NO_GO,A,risk_on,23.3000,23.3000,22.0200,25.8600,2.00,0.46,"Trend primario positivo, recente pullback verso medie brevi/intermedie, recupero sopra SMA20 e RSI in area non eccessivamente tirata. Forza relativa favorevole: +2.08% rispetto a EXW1.MI. Momento non propizio: prezzo troppo distante dalla SMA20.","{""atr14"": 0.46621013275363304, ""base_currency"": ""EUR"", ""benchmark"": ""EXW1.MI"", ""close"": 23.299999237060547, ""cost_pct"": 0.46, ""currency"": ""EUR"", ""distance_sma20_pct"": 4.54, ""fx_to_base"": 1.0, ""opportunity"": {""adjustment"": 13.0, ""checks"": [{""name"": ""mercato"", ""note"": ""contesto generale favorevole"", ""points"": 4.0, ""status"": ""pass""}, {""name"": ""trend"", ""note"": ""prezzo sopra SMA50 e SMA200 ordinata"", ""points"": 6.0, ""status"": ""pass""}, {""name"": ""timing"", ""note"": ""pullback già troppo rincorso"", ""points"": -10.0, ""status"": ""fail""}, {""name"": ""momentum"", ""note"": ""RSI accettabile ma non ideale"", ""points"": 0.0, ""status"": ""caution""}, {""name"": ""partecipazione"", ""note"": ""volume sopra media"", ""points"": 4.0, ""status"": ""pass""}, {""name"": ""rischio"", ""note"": ""stop abbastanza vicino ma non casuale"", ""points"": 5.0, ""status"": ""pass""}, {""name"": ""costi"", ""note"": ""costi compatibili con il trade"", ""points"": 4.0, ""status"": ""pass""}], ""decision"": ""NO_GO"", ""grade"": ""A"", ""hard_blocks"": [""prezzo troppo distante dalla SMA20""], ""opportunity_score"": 100.0, ""technical_score"": 88.6, ""threshold"": 62.0}, ""priority"": ""satellite"", ""recent_low"": 22.020000457763672, ""region"": ""italy"", ""relative_strength"": {""adjustment"": 4.0, ""benchmark_return_pct"": -2.59, ""benchmark_symbol"": ""EXW1.MI"", ""reason"": ""strumento più forte del benchmark"", ""relative_strength_pct"": 2.08, ""state"": ""strong"", ""symbol_return_pct"": -0.51}, ""risk_pct"": 5.49, ""role"": ""defensive_income"", ""rsi14"": 67.47307306452103, ""score_breakdown"": {""base"": 50.0, ""cost"": -2.0, ""cost_pct"": 0.46, ""reward_risk"": 0.0, ""risk"": 8.0, ""risk_pct"": 5.49, ""rsi"": 5.0, ""strategy"": 8.0, ""trend"": 7.59, ""universe"": 0.0, ""volume"": 8.0}, ""sector"": ""financial_services"", ""sma20"": 22.287999820709228, ""sma200"": 20.860784120559693, ""sma50"": 21.74549991607666, ""universe_score"": 3, ""vol20"": 2653195.2, ""volume"": 6943295.0, ""volume_ratio"": 2.62}",2026-05-07
4da47bae7b99b07c,2026-05-07,PST.MI,Poste Italiane,stock,WATCH,controlled_breakout,100.0,GO,A,risk_on,23.3000,23.3000,22.3676,25.1648,2.00,0.46,"Breakout sopra massimo recente in trend primario positivo, con volume superiore alla media e RSI sotto soglia estrema. Forza relativa favorevole: +2.08% rispetto a EXW1.MI. Momento propizio: checklist A, score opportunità 100.0. Quality gate fondamentale non superato: balance_sheet sotto soglia.","{""atr14"": 0.46621013275363304, ""base_currency"": ""EUR"", ""benchmark"": ""EXW1.MI"", ""breakout_extension_atr"": 1.12, ""close"": 23.299999237060547, ""cost_pct"": 0.46, ""currency"": ""EUR"", ""fundamentals"": {""adjustment"": 3.0, ""earnings_blackout"": {""action"": ""watch"", ""active"": true, ""days_to_earnings"": 0, ""earnings_date"": ""2026-05-07"", ""enabled"": true, ""penalty_points"": 5.0}, ""error"": null, ""events"": {""latest_quarter"": null, ""next_earnings_date"": ""2026-05-07""}, ""metrics"": {""analyst_count"": 14.0, ""beta"": 0.779, ""current_price"": 23.3, ""current_ratio"": 0.5, ""debt_to_equity"": 705.258, ""dividend_yield"": 5.5, ""earnings_growth"": 0.111, ""eps_revision_balance"": 3.0, ""ev_to_ebitda"": 27.418, ""forward_pe"": 11.968973, ""free_cashflow"": 4288000000.0, ""market_cap"": 30111582208.0, ""operating_cashflow"": 2703000064.0, ""operating_margin"": 0.21472, ""payout_ratio"": 0.6725, ""price_to_book"": 2.3124254, ""price_to_sales"": 2.1468403, ""profit_margin"": 0.15785, ""recommendation_mean"": 2.07143, ""revenue_growth"": 0.044, ""roe"": 0.17396, ""target_mean_price"": 23.52143, ""trailing_pe"": 13.6257305}, ""quality_gate"": {""blocked"": true, ""enabled"": true, ""weak_subscores"": [{""name"": ""balance_sheet"", ""score"": 17.5, ""threshold"": 35.0}]}, ""reason"": ""fondamentali sani"", ""score"": 65.5, ""source"": ""yfinance"", ""state"": ""healthy"", ""subscores"": {""analyst"": 67.0, ""balance_sheet"": 17.5, ""cashflow"": 80.0, ""growth"": 74.0, ""profitability"": 82.0, ""shareholder"": 52.0, ""valuation"": 70.0}}, ""fx_to_base"": 1.0, ""high20_prev"": 22.780000686645508, ""opportunity"": {""adjustment"": 27.0, ""checks"": [{""name"": ""mercato"", ""note"": ""contesto generale favorevole"", ""points"": 4.0, ""status"": ""pass""}, {""name"": ""trend"", ""note"": ""prezzo sopra SMA50 e SMA200 ordinata"", ""points"": 6.0, ""status"": ""pass""}, {""name"": ""timing"", ""note"": ""breakout valido ma meno fresco"", ""points"": 4.0, ""status"": ""caution""}, {""name"": ""momentum"", ""note"": ""RSI accettabile ma non ideale"", ""points"": 0.0, ""status"": ""caution""}, {""name"": ""partecipazione"", ""note"": ""volume sopra media"", ""points"": 4.0, ""status"": ""pass""}, {""name"": ""rischio"", ""note"": ""stop abbastanza vicino ma non casuale"", ""points"": 5.0, ""status"": ""pass""}, {""name"": ""costi"", ""note"": ""costi compatibili con il trade"", ""points"": 4.0, ""status"": ""pass""}], ""decision"": ""GO"", ""grade"": ""A"", ""hard_blocks"": [], ""opportunity_score"": 100.0, ""technical_score"": 90.6, ""threshold"": 62.0}, ""priority"": ""satellite"", ""region"": ""italy"", ""relative_strength"": {""adjustment"": 4.0, ""benchmark_return_pct"": -2.59, ""benchmark_symbol"": ""EXW1.MI"", ""reason"": ""strumento più forte del benchmark"", ""relative_strength_pct"": 2.08, ""state"": ""strong"", ""symbol_return_pct"": -0.51}, ""risk_pct"": 4.0, ""role"": ""defensive_income"", ""rsi14"": 67.47307306452103, ""score_breakdown"": {""base"": 50.0, ""cost"": -2.0, ""cost_pct"": 0.46, ""reward_risk"": 0.0, ""risk"": 8.0, ""risk_pct"": 4.0, ""rsi"": 5.0, ""strategy"": 10.0, ""trend"": 7.59, ""universe"": 0.0, ""volume"": 8.0}, ""sector"": ""financial_services"", ""sma200"": 20.860784120559693, ""sma50"": 21.74549991607666, ""universe_score"": 3, ""vol20"": 2653195.2, ""volume"": 6943295.0, ""volume_ratio"": 2.62}",2026-05-07
b2fc5ed5ffd722cb,2026-05-07,ROG.SW,Roche,stock,WATCH,trend_pullback,100.0,GO,A,risk_on,321.9000,321.9000,312.1490,341.4020,2.00,0.46,"Trend primario positivo, recente pullback verso medie brevi/intermedie, recupero sopra SMA20 e RSI in area non eccessivamente tirata. Forza relativa debole: -4.33% rispetto a EXW1.MI. Momento propizio: checklist A, score opportunità 100.0. Fondamentali: strong (75.4/100, qualita fondamentale forte). Allocazione: non scelto oggi (limite nuovi ingressi gia raggiunto).","{""allocation"": {""decision"": ""SKIPPED"", ""reason"": ""limite nuovi ingressi gia raggiunto"", ""score"": 96.5}, ""atr14"": 6.500645077876181, ""base_currency"": ""EUR"", ""benchmark"": ""EXW1.MI"", ""close"": 321.8999938964844, ""cost_pct"": 0.46, ""currency"": ""CHF"", ""distance_sma20_pct"": 1.14, ""fundamentals"": {""adjustment"": 6.0, ""earnings_blackout"": {""active"": false, ""enabled"": true}, ""error"": null, ""events"": {""latest_quarter"": null, ""next_earnings_date"": ""[]""}, ""metrics"": {""analyst_count"": 19.0, ""beta"": 0.211, ""current_price"": 322.3, ""current_ratio"": 1.383, ""debt_to_equity"": 87.637, ""dividend_yield"": 0.030299999, ""earnings_growth"": 1.713, ""eps_revision_balance"": -1.0, ""ev_to_ebitda"": 11.571, ""forward_pe"": 14.823842, ""free_cashflow"": 11027874816.0, ""market_cap"": 256427556864.0, ""operating_cashflow"": 18851999744.0, ""operating_margin"": 0.2999, ""payout_ratio"": 0.6047, ""price_to_book"": 7.5862064, ""price_to_sales"": 4.0474076, ""profit_margin"": 0.2033, ""recommendation_mean"": 2.42105, ""revenue_growth"": -0.004, ""roe"": 0.37273997, ""target_mean_price"": 364.78946, ""trailing_pe"": 20.106049}, ""quality_gate"": {""blocked"": false, ""enabled"": true, ""weak_subscores"": []}, ""reason"": ""qualita fondamentale forte"", ""score"": 75.4, ""source"": ""yfinance"", ""state"": ""strong"", ""subscores"": {""analyst"": 52.0, ""balance_sheet"": 63.0, ""cashflow"": 80.0, ""growth"": 63.5, ""profitability"": 90.7, ""shareholder"": 78.0, ""valuation"": 78.0}}, ""fx_to_base"": 1.0925999879837036, ""opportunity"": {""adjustment"": 30.0, ""checks"": [{""name"": ""mercato"", ""note"": ""contesto generale favorevole"", ""points"": 4.0, ""status"": ""pass""}, {""name"": ""trend"", ""note"": ""trend primario positivo"", ""points"": 3.0, ""status"": ""pass""}, {""name"": ""timing"", ""note"": ""rimbalzo vicino alla media breve"", ""points"": 10.0, ""status"": ""pass""}, {""name"": ""momentum"", ""note"": ""RSI in zona costruttiva"", ""points"": 4.0, ""status"": ""pass""}, {""name"": ""partecipazione"", ""note"": ""volume nella norma"", ""points"": 0.0, ""status"": ""caution""}, {""name"": ""rischio"", ""note"": ""stop abbastanza vicino ma non casuale"", ""points"": 5.0, ""status"": ""pass""}, {""name"": ""costi"", ""note"": ""costi compatibili con il trade"", ""points"": 4.0, ""status"": ""pass""}], ""decision"": ""GO"", ""grade"": ""A"", ""hard_blocks"": [], ""opportunity_score"": 100.0, ""technical_score"": 74.0, ""threshold"": 62.0}, ""priority"": ""satellite"", ""recent_low"": 313.79998779296875, ""region"": ""europe"", ""relative_strength"": {""adjustment"": -8.0, ""benchmark_return_pct"": -2.59, ""benchmark_symbol"": ""EXW1.MI"", ""reason"": ""strumento più debole del benchmark nel periodo recente"", ""relative_strength_pct"": -4.33, ""state"": ""weak"", ""symbol_return_pct"": -6.92}, ""risk_pct"": 3.03, ""role"": ""defensive_quality"", ""rsi14"": 53.30607092116477, ""score_breakdown"": {""base"": 50.0, ""cost"": -2.0, ""cost_pct"": 0.46, ""reward_risk"": 0.0, ""risk"": 8.0, ""risk_pct"": 3.03, ""rsi"": 10.0, ""strategy"": 8.0, ""trend"": 9.0, ""universe"": 0.0, ""volume"": -1.0}, ""sector"": ""healthcare"", ""sma20"": 318.26000213623047, ""sma200"": 296.071669921875, ""sma50"": 323.3930505371094, ""universe_score"": 3, ""vol20"": 896547.45, ""volume"": 806860.0, ""volume_ratio"": 0.9}",2026-05-07
16ead25ba972f063,2026-05-07,SU.PA,Schneider Electric,stock,WATCH,trend_pullback_setup,70.0,,,risk_on,275.2000,,,,,,Setup pullback in formazione: trend primario positivo e prezzo tornato in zona utile; attendere recupero sopra SMA20.,"{""atr14"": 9.198918310613916, ""base_currency"": ""EUR"", ""benchmark"": ""EXW1.MI"", ""close"": 275.20001220703125, ""currency"": ""EUR"", ""fx_to_base"": 1.0, ""priority"": ""leader"", ""readiness"": 70.0, ""recent_low"": 260.54998779296875, ""region"": ""europe"", ""role"": ""industrial_compounder"", ""rsi14"": 57.233592606849804, ""sector"": ""electrification"", ""sma20"": 270.2325012207031, ""sma200"": 241.07375, ""sma50"": 257.56600067138675, ""universe_score"": 4, ""vol20"": 970796.25, ""volume"": 1103402.0}",2026-05-07
f81620da2074c45d,2026-05-07,SWDA.MI,iShares Core MSCI World UCITS ETF,etf,WATCH,near_breakout_setup,56.6,,,risk_on,119.6300,,,,,,Setup breakout in avvicinamento: prezzo vicino al massimo recente; attendere chiusura sopra livello con volumi adeguati.,"{""atr14"": 1.057425065410923, ""base_currency"": ""EUR"", ""benchmark"": ""SWDA.MI"", ""close"": 119.62999725341797, ""currency"": ""EUR"", ""fx_to_base"": 1.0, ""high20_prev"": 119.66999816894531, ""priority"": ""core"", ""readiness"": 56.6, ""region"": ""global"", ""role"": ""core_global"", ""rsi14"": 76.89008808282755, ""sector"": ""global_equity"", ""sma200"": 110.05154987335204, ""sma50"": 113.3065998840332, ""universe_score"": 5, ""vol20"": 116407.4, ""volume"": 123695.0, ""volume_ratio"": 1.06}",2026-05-07
cdb99659b7a546fd,2026-05-07,TRN.MI,Terna,stock,WATCH,trend_pullback_setup,70.0,,,risk_on,9.9720,,,,,,Setup pullback in formazione: trend primario positivo e prezzo tornato in zona utile; attendere recupero sopra SMA20.,"{""atr14"": 0.206052571336872, ""base_currency"": ""EUR"", ""benchmark"": ""EXW1.MI"", ""close"": 9.972000122070312, ""currency"": ""EUR"", ""fx_to_base"": 1.0, ""priority"": ""satellite"", ""readiness"": 70.0, ""recent_low"": 9.902000427246094, ""region"": ""italy"", ""role"": ""defensive_income"", ""rsi14"": 46.35708589902046, ""sector"": ""utilities"", ""sma20"": 10.169250106811523, ""sma200"": 9.117715373039246, ""sma50"": 9.988440036773682, ""universe_score"": 3, ""vol20"": 3897070.2, ""volume"": 6468487.0}",2026-05-07
193ceec194b2234b,2026-05-07,TTE.PA,TotalEnergies,stock,WATCH,trend_pullback_setup,70.0,,,risk_on,75.2700,,,,,,Setup pullback in formazione: trend primario positivo e prezzo tornato in zona utile; attendere recupero sopra SMA20.,"{""atr14"": 2.234314592345256, ""base_currency"": ""EUR"", ""benchmark"": ""EXW1.MI"", ""close"": 75.2699966430664, ""currency"": ""EUR"", ""fx_to_base"": 1.0, ""priority"": ""satellite"", ""readiness"": 70.0, ""recent_low"": 74.37000274658203, ""region"": ""europe"", ""role"": ""cyclical_leader"", ""rsi14"": 46.083520879676364, ""sector"": ""energy"", ""sma20"": 77.15150032043456, ""sma200"": 58.92900337219238, ""sma50"": 74.4590869140625, ""universe_score"": 3, ""vol20"": 5006724.15, ""volume"": 4760661.0}",2026-05-07
8571ac76d0b32c33,2026-05-07,UCG.MI,UniCredit,stock,WATCH,trend_pullback,36.7,NO_GO,D,risk_on,71.4000,71.4000,63.7800,86.6400,2.00,0.85,"Trend primario positivo, recente pullback verso medie brevi/intermedie, recupero sopra SMA20 e RSI in area non eccessivamente tirata. Forza relativa debole: -4.39% rispetto a EXW1.MI. Momento non propizio: prezzo troppo distante dalla SMA20, distanza stop non efficiente.","{""atr14"": 2.3182866816197243, ""base_currency"": ""EUR"", ""benchmark"": ""EXW1.MI"", ""close"": 71.4000015258789, ""cost_pct"": 0.85, ""currency"": ""EUR"", ""distance_sma20_pct"": 6.7, ""fx_to_base"": 1.0, ""opportunity"": {""adjustment"": -6.0, ""checks"": [{""name"": ""mercato"", ""note"": ""contesto generale favorevole"", ""points"": 4.0, ""status"": ""pass""}, {""name"": ""trend"", ""note"": ""prezzo sopra SMA50 e SMA200 ordinata"", ""points"": 6.0, ""status"": ""pass""}, {""name"": ""timing"", ""note"": ""pullback già troppo rincorso"", ""points"": -10.0, ""status"": ""fail""}, {""name"": ""momentum"", ""note"": ""RSI accettabile ma non ideale"", ""points"": 0.0, ""status"": ""caution""}, {""name"": ""partecipazione"", ""note"": ""volume nella norma"", ""points"": 0.0, ""status"": ""caution""}, {""name"": ""rischio"", ""note"": ""stop troppo stretto o troppo largo"", ""points"": -10.0, ""status"": ""fail""}, {""name"": ""costi"", ""note"": ""costi compatibili con il trade"", ""points"": 4.0, ""status"": ""pass""}], ""decision"": ""NO_GO"", ""grade"": ""D"", ""hard_blocks"": [""prezzo troppo distante dalla SMA20"", ""distanza stop non efficiente""], ""opportunity_score"": 36.7, ""technical_score"": 42.7, ""threshold"": 62.0}, ""priority"": ""satellite"", ""recent_low"": 63.779998779296875, ""region"": ""italy"", ""relative_strength"": {""adjustment"": -8.0, ""benchmark_return_pct"": -2.59, ""benchmark_symbol"": ""EXW1.MI"", ""reason"": ""strumento più debole del benchmark nel periodo recente"", ""relative_strength_pct"": -4.39, ""state"": ""weak"", ""symbol_return_pct"": -6.98}, ""risk_pct"": 10.67, ""role"": ""italian_financial_leader"", ""rsi14"": 64.43317152831227, ""score_breakdown"": {""base"": 50.0, ""cost"": -8.0, ""cost_pct"": 0.85, ""reward_risk"": 0.0, ""risk"": -8.0, ""risk_pct"": 10.67, ""rsi"": 5.0, ""strategy"": 8.0, ""trend"": 4.97, ""universe"": 0.0, ""volume"": -1.31}, ""sector"": ""financials"", ""sma20"": 66.91922416687012, ""sma200"": 64.68056772232056, ""sma50"": 65.02657455444336, ""universe_score"": 3, ""vol20"": 6564869.05, ""volume"": 5704946.0, ""volume_ratio"": 0.87}",2026-05-07
525bba5f6abdfa8f,2026-05-07,WMT,Walmart,stock,WATCH,trend_pullback_setup,70.0,,,risk_on,129.8550,,,,,,Setup pullback in formazione: trend primario positivo e prezzo tornato in zona utile; attendere recupero sopra SMA20.,"{""atr14"": 2.508397391288265, ""base_currency"": ""EUR"", ""benchmark"": ""CSSPX.MI"", ""close"": 129.85499572753906, ""currency"": ""USD"", ""fx_to_base"": 0.8501999974250793, ""priority"": ""leader"", ""readiness"": 70.0, ""recent_low"": 125.91000366210938, ""region"": ""us"", ""role"": ""defensive_compounder"", ""rsi14"": 55.2656212314235, ""sector"": ""consumer_staples"", ""sma20"": 128.53474884033204, ""sma200"": 112.75969795227051, ""sma50"": 126.03472564697266, ""universe_score"": 4, ""vol20"": 15651515.2, ""volume"": 5348604.0}",2026-05-07
